System Initializing...
Running on .NET Framework Version 4.0.30319
Optimizing for 10 64-bit processors
Processing. Please wait...
Core: Unix environment detected
Warnings:
 + ../../Source/Scripts/System/Skills/Searching.cs:
    CS0105: Line 10: The using directive for `Server.Network' appeared previously in this namespace
 + ../../Source/Scripts/System/Misc/Email.cs:
    CS0618: Line 39: `System.Net.Mail.SmtpClient' is obsolete: `SmtpClient and its network of types are poorly designed, we strongly recommend you use https://github.com/jstedfast/MailKit and https://github.com/jstedfast/MimeKit instead'
    CS0618: Line 44: `System.Net.Mail.SmtpClient' is obsolete: `SmtpClient and its network of types are poorly designed, we strongly recommend you use https://github.com/jstedfast/MailKit and https://github.com/jstedfast/MimeKit instead'
 + ../../Source/Scripts/System/Misc/Naming.cs:
    CS0219: Line 368: The variable `version' is assigned but its value is never used
    CS0219: Line 754: The variable `version' is assigned but its value is never used
 + ../../Source/Scripts/System/Misc/ResourceInfo.cs:
    CS0219: Line 627: The variable `basicType' is assigned but its value is never used
 + ../../Source/Scripts/System/Misc/ResourceMods.cs:
    CS0219: Line 164: The variable `tool' is assigned but its value is never used
    CS0219: Line 165: The variable `skill' is assigned but its value is never used
    CS0184: Line 1779: The given expression is never of the provided (`Server.Items.HikingBoots') type
 + ../../Source/Scripts/System/Misc/Console.cs:
    CS0219: Line 152: The variable `list' is assigned but its value is never used
    CS0219: Line 178: The variable `list' is assigned but its value is never used
    CS0219: Line 222: The variable `list' is assigned but its value is never used
    CS0414: Line 21: The private field `Server.Misc.ServerConsole.m_ConsoleHear' is assigned but its value is never used
 + ../../Source/Scripts/System/Misc/Paths.cs:
    CS0219: Line 420: The variable `ourTop' is assigned but its value is never used
    CS0219: Line 474: The variable `ourTop' is assigned but its value is never used
    CS0219: Line 517: The variable `ourTop' is assigned but its value is never used
 + ../../Source/Scripts/System/Misc/Accounts.cs:
    CS0219: Line 738: The variable `acct' is assigned but its value is never used
 + ../../Source/Scripts/System/Misc/Death.cs:
    CS0219: Line 783: The variable `version' is assigned but its value is never used
    CS0414: Line 680: The private field `Server.Misc.GhostArrow.m_From' is assigned but its value is never used
    CS0414: Line 682: The private field `Server.Misc.GhostArrow.m_Target' is assigned but its value is never used
 + ../../Source/Scripts/System/Misc/RandomThings.cs:
    CS0219: Line 2659: The variable `num' is assigned but its value is never used
 + ../../Source/Scripts/System/Misc/Reporting.cs:
    CS0219: Line 625: The variable `sz' is assigned but its value is never used
    CS0219: Line 677: The variable `sz' is assigned but its value is never used
    CS0618: Line 1514: `System.TimeZone' is obsolete: `System.TimeZone has been deprecated.  Please investigate the use of System.TimeZoneInfo instead.'
    CS0618: Line 1514: `System.TimeZone' is obsolete: `System.TimeZone has been deprecated.  Please investigate the use of System.TimeZoneInfo instead.'
    CS0219: Line 1515: The variable `isDaylight' is assigned but its value is never used
    CS0219: Line 1516: The variable `utcOffset' is assigned but its value is never used
    CS0618: Line 1578: `System.TimeZone' is obsolete: `System.TimeZone has been deprecated.  Please investigate the use of System.TimeZoneInfo instead.'
    CS0618: Line 1578: `System.TimeZone' is obsolete: `System.TimeZone has been deprecated.  Please investigate the use of System.TimeZoneInfo instead.'
    CS0219: Line 1579: The variable `isDaylight' is assigned but its value is never used
    CS0219: Line 1580: The variable `utcOffset' is assigned but its value is never used
    CS0414: Line 310: The private field `Server.Engines.Reports.BarGraphRenderer._longestLabel' is assigned but its value is never used
 + ../../Source/Scripts/System/Misc/CrashGuard.cs:
    CS0219: Line 82: The variable `root' is assigned but its value is never used
 + ../../Source/Scripts/System/Misc/Guilds.cs:
    CS0219: Line 2005: The variable `version' is assigned but its value is never used
    CS0219: Line 2387: The variable `version' is assigned but its value is never used
 + ../../Source/Scripts/System/Misc/AOS.cs:
    CS0219: Line 88: The variable `quiver' is assigned but its value is never used
 + ../../Source/Scripts/System/Misc/DoorGenerator.cs:
    CS0219: Line 464: The variable `doorTop' is assigned but its value is never used
 + ../../Source/Scripts/System/Misc/ItemSales.cs:
    CS0219: Line 4184: The variable `qty' is assigned but its value is never used
    CS0219: Line 4185: The variable `price' is assigned but its value is never used
 + ../../Source/Scripts/System/Misc/Environment.cs:
    CS0219: Line 52: The variable `version' is assigned but its value is never used
    CS0219: Line 99: The variable `version' is assigned but its value is never used
    CS0219: Line 147: The variable `version' is assigned but its value is never used
    CS0219: Line 197: The variable `version' is assigned but its value is never used
    CS0219: Line 247: The variable `version' is assigned but its value is never used
    CS0219: Line 295: The variable `version' is assigned but its value is never used
    CS0219: Line 342: The variable `version' is assigned but its value is never used
    CS0219: Line 386: The variable `version' is assigned but its value is never used
    CS0219: Line 437: The variable `version' is assigned but its value is never used
    CS0219: Line 491: The variable `version' is assigned but its value is never used
 + ../../Source/Scripts/System/Regions/Core/World.cs:
    CS0219: Line 1445: The variable `reg' is assigned but its value is never used
    CS0219: Line 1499: The variable `tm' is assigned but its value is never used
 + ../../Source/Scripts/System/Tasks/TaskManager150Min.cs:
    CS0219: Line 32: The variable `version' is assigned but its value is never used
 + ../../Source/Scripts/System/Tasks/TaskManager250Min.cs:
    CS0219: Line 31: The variable `version' is assigned but its value is never used
 + ../../Source/Scripts/System/Tasks/TaskManager200Min.cs:
    CS0219: Line 34: The variable `version' is assigned but its value is never used
 + ../../Source/Scripts/System/Tasks/TaskManagerDaily.cs:
    CS0219: Line 34: The variable `version' is assigned but its value is never used
 + ../../Source/Scripts/System/Tasks/TaskManager60Min.cs:
    CS0219: Line 35: The variable `version' is assigned but its value is never used
 + ../../Source/Scripts/System/Spawns/SpawnRef.cs:
    CS0219: Line 28: The variable `version' is assigned but its value is never used
    CS0219: Line 41: The variable `version' is assigned but its value is never used
    CS0219: Line 47: The variable `version' is assigned but its value is never used
    CS0219: Line 53: The variable `version' is assigned but its value is never used
    CS0219: Line 59: The variable `version' is assigned but its value is never used
    CS0219: Line 65: The variable `version' is assigned but its value is never used
    CS0219: Line 71: The variable `version' is assigned but its value is never used
    CS0219: Line 77: The variable `version' is assigned but its value is never used
    CS0219: Line 83: The variable `version' is assigned but its value is never used
 + ../../Source/Scripts/System/Spawns/SpawnerClassic.cs:
    CS0219: Line 507: The variable `result' is assigned but its value is never used
 + ../../Source/Scripts/System/Spawns/Gumps.cs:
    CS0219: Line 697: The variable `m' is assigned but its value is never used
 + ../../Source/Scripts/System/Spawns/Spawner.cs:
    CS0219: Line 1259: The variable `result' is assigned but its value is never used
 + ../../Source/Scripts/System/Spawns/SpawnMan.cs:
    CS0219: Line 30: The variable `version' is assigned but its value is never used
    CS0219: Line 53: The variable `version' is assigned but its value is never used
    CS0219: Line 76: The variable `version' is assigned but its value is never used
 + ../../Source/Scripts/System/Gumps/BanDurationGump.cs:
    CS0219: Line 98: The variable `fromString' is assigned but its value is never used
 + ../../Source/Scripts/System/Chat/General/Notification.cs:
    CS0219: Line 71: The variable `version' is assigned but its value is never used
 + ../../Source/Scripts/System/Chat/General/IrcConnection.cs:
    CS0219: Line 353: The variable `parThree' is assigned but its value is never used
    CS0414: Line 44: The private field `Knives.Chat3.IrcConnection.c_LastPong' is assigned but its value is never used
 + ../../Source/Scripts/System/Chat/General/Message.cs:
    CS0219: Line 95: The variable `version' is assigned but its value is never used
 + ../../Source/Scripts/System/Chat/General/General.cs:
    CS0219: Line 125: The variable `data' is assigned but its value is never used
 + ../../Source/Scripts/System/Chat/General/Data.cs:
    CS0219: Line 336: The variable `version' is assigned but its value is never used
    CS0219: Line 360: The variable `version' is assigned but its value is never used
    CS0219: Line 384: The variable `version' is assigned but its value is never used
    CS0219: Line 408: The variable `version' is assigned but its value is never used
    CS0219: Line 432: The variable `version' is assigned but its value is never used
    CS0219: Line 1201: The variable `version' is assigned but its value is never used
    CS0219: Line 1208: The variable `version' is assigned but its value is never used
    CS0219: Line 1215: The variable `version' is assigned but its value is never used
    CS0219: Line 1231: The variable `version' is assigned but its value is never used
 + ../../Source/Scripts/System/Chat/Channels/Channel.cs:
    CS0219: Line 137: The variable `version' is assigned but its value is never used
    CS0219: Line 505: The variable `version' is assigned but its value is never used
 + ../../Source/Scripts/System/Commands/Player/QuickBar.cs:
    CS0219: Line 520: The variable `pm' is assigned but its value is never used
 + ../../Source/Scripts/System/Commands/Player/Emote.cs:
    CS0219: Line 345: The variable `version' is assigned but its value is never used
 + ../../Source/Scripts/System/Commands/Player/MoonSearch.cs:
    CS0219: Line 217: The variable `version' is assigned but its value is never used
    CS0414: Line 115: The private field `Server.Misc.MoonArrow.m_From' is assigned but its value is never used
    CS0414: Line 117: The private field `Server.Misc.MoonArrow.m_Target' is assigned but its value is never used
 + ../../Source/Scripts/System/Commands/Player/RegBar.cs:
    CS0219: Line 305: The variable `pm' is assigned but its value is never used
 + ../../Source/Scripts/System/Commands/Player/CorpseSearch.cs:
    CS0219: Line 232: The variable `version' is assigned but its value is never used
    CS0414: Line 130: The private field `Server.Misc.CorpseArrow.m_From' is assigned but its value is never used
    CS0414: Line 132: The private field `Server.Misc.CorpseArrow.m_Target' is assigned but its value is never used
 + ../../Source/Scripts/System/Commands/AddonGenerator.cs:
    CS0219: Line 842: The variable `sbyteTemp' is assigned but its value is never used
    CS0219: Line 843: The variable `intTemp' is assigned but its value is never used
    CS0219: Line 897: The variable `version' is assigned but its value is never used
 + ../../Source/Scripts/System/Commands/Builders.cs:
    CS0219: Line 271: The variable `version' is assigned but its value is never used
 + ../../Source/Scripts/System/Commands/ItemPrices.cs:
    CS0219: Line 89: The variable `buyPrice' is assigned but its value is never used
 + ../../Source/Scripts/System/Commands/Properties.cs:
    CS0219: Line 214: The variable `type' is assigned but its value is never used
 + ../../Source/Scripts/System/Commands/SpawnerCatalog.cs:
    CS0219: Line 30: The variable `sX' is assigned but its value is never used
    CS0219: Line 31: The variable `sY' is assigned but its value is never used
    CS0219: Line 32: The variable `sZ' is assigned but its value is never used
 + ../../Source/Scripts/System/Commands/WandOfColors.cs:
    CS0219: Line 74: The variable `version' is assigned but its value is never used
 + ../../Source/Scripts/System/Commands/Profiling.cs:
    CS0219: Line 360: The variable `serial' is assigned but its value is never used
    CS0219: Line 361: The variable `pos' is assigned but its value is never used
 + ../../Source/Scripts/System/Commands/MultiMaker.cs:
    CS0219: Line 662: The variable `sbyteTemp' is assigned but its value is never used
    CS0219: Line 663: The variable `intTemp' is assigned but its value is never used
    CS0219: Line 717: The variable `version' is assigned but its value is never used
 + ../../Source/Scripts/System/Skills/Weapon Abilities/Extra/ShadowInfectiousStrike.cs:
    CS0219: Line 83: The variable `mm' is assigned but its value is never used
 + ../../Source/Scripts/System/Skills/Weapon Abilities/AbilityBook.cs:
    CS0219: Line 244: The variable `version' is assigned but its value is never used
 + ../../Source/Scripts/System/Skills/Stealing.cs:
    CS0219: Line 243: The variable `spotters' is assigned but its value is never used
 + ../../Source/Scripts/System/Skills/Druidism.cs:
    CS0162: Line 564: Unreachable code detected
 + ../../Source/Scripts/System/Skills/Begging.cs:
    CS0219: Line 264: The variable `bc' is assigned but its value is never used
 + ../../Source/Scripts/System/Help/StuckMenu.cs:
    CS0219: Line 90: The variable `entry' is assigned but its value is never used
 + ../../Source/Scripts/System/Help/HelpGump.cs:
    CS0219: Line 1676: The variable `pm' is assigned but its value is never used
    CS0219: Line 1680: The variable `ContractQuest' is assigned but its value is never used
    CS0219: Line 1683: The variable `ContractKiller' is assigned but its value is never used
    CS0219: Line 1686: The variable `ContractSailor' is assigned but its value is never used
    CS0219: Line 1730: The variable `targets' is assigned but its value is never used
 + ../../Source/Scripts/Engines and Systems/Quests/Fishing/FishingQuestFunctions.cs:
    CS0219: Line 92: The variable `sPCTitle' is assigned but its value is never used
    CS0219: Line 94: The variable `sPCRegion' is assigned but its value is never used
    CS0219: Line 96: The variable `nPCFee' is assigned but its value is never used
    CS0219: Line 99: The variable `sPCStory' is assigned but its value is never used
    CS0219: Line 355: The variable `kexplorer' is assigned but its value is never used
    CS0219: Line 385: The variable `sPCTarget' is assigned but its value is never used
    CS0219: Line 386: The variable `sPCTitle' is assigned but its value is never used
    CS0219: Line 387: The variable `sPCName' is assigned but its value is never used
    CS0219: Line 388: The variable `sPCRegion' is assigned but its value is never used
    CS0219: Line 391: The variable `sPCWorld' is assigned but its value is never used
    CS0219: Line 392: The variable `sPCCategory' is assigned but its value is never used
    CS0219: Line 393: The variable `sPCStory' is assigned but its value is never used
    CS0219: Line 435: The variable `sPCTarget' is assigned but its value is never used
    CS0219: Line 436: The variable `sPCTitle' is assigned but its value is never used
    CS0219: Line 437: The variable `sPCName' is assigned but its value is never used
    CS0219: Line 438: The variable `sPCRegion' is assigned but its value is never used
    CS0219: Line 441: The variable `sPCWorld' is assigned but its value is never used
    CS0219: Line 442: The variable `sPCCategory' is assigned but its value is never used
    CS0219: Line 443: The variable `sPCStory' is assigned but its value is never used
    CS0219: Line 478: The variable `sPCTarget' is assigned but its value is never used
    CS0219: Line 482: The variable `nPCDone' is assigned but its value is never used
    CS0219: Line 486: The variable `sPCStory' is assigned but its value is never used
    CS0219: Line 612: The variable `sPCTarget' is assigned but its value is never used
    CS0219: Line 654: The variable `sPCTarget' is assigned but its value is never used
    CS0219: Line 655: The variable `sPCTitle' is assigned but its value is never used
    CS0219: Line 656: The variable `sPCName' is assigned but its value is never used
    CS0219: Line 657: The variable `sPCRegion' is assigned but its value is never used
    CS0219: Line 658: The variable `nPCDone' is assigned but its value is never used
    CS0219: Line 660: The variable `sPCWorld' is assigned but its value is never used
    CS0219: Line 661: The variable `sPCCategory' is assigned but its value is never used
    CS0219: Line 662: The variable `sPCStory' is assigned but its value is never used
 + ../../Source/Scripts/Engines and Systems/Quests/Fishing/FishingQuestBoard.cs:
    CS0219: Line 86: The variable `myQuest' is assigned but its value is never used
    CS0219: Line 186: The variable `version' is assigned but its value is never used
 + ../../Source/Scripts/Engines and Systems/Quests/Core/Definitions/BlacksmithRecipes.cs:
    CS0219: Line 735: The variable `version' is assigned but its value is never used
    CS0219: Line 765: The variable `version' is assigned but its value is never used
    CS0219: Line 793: The variable `version' is assigned but its value is never used
    CS0219: Line 820: The variable `version' is assigned but its value is never used
    CS0219: Line 847: The variable `version' is assigned but its value is never used
    CS0219: Line 874: The variable `version' is assigned but its value is never used
    CS0219: Line 906: The variable `version' is assigned but its value is never used
 + ../../Source/Scripts/Engines and Systems/Quests/Core/Definitions/SageArtifact.cs:
    CS0219: Line 694: The variable `version' is assigned but its value is never used
 + ../../Source/Scripts/Engines and Systems/Quests/Core/Definitions/TheWar.cs:
    CS0219: Line 163: The variable `version' is assigned but its value is never used
 + ../../Source/Scripts/Engines and Systems/Quests/Core/Definitions/BlacksmithTraining.cs:
    CS0219: Line 138: The variable `version' is assigned but its value is never used
 + ../../Source/Scripts/Engines and Systems/Quests/Serpents/SerpentSpawners.cs:
    CS0219: Line 46: The variable `version' is assigned but its value is never used
    CS0219: Line 90: The variable `version' is assigned but its value is never used
    CS0219: Line 117: The variable `version' is assigned but its value is never used
    CS0219: Line 144: The variable `version' is assigned but its value is never used
 + ../../Source/Scripts/Engines and Systems/Quests/Serpents/BlackrockSerpents.cs:
    CS0219: Line 38: The variable `version' is assigned but its value is never used
    CS0219: Line 70: The variable `version' is assigned but its value is never used
    CS0219: Line 102: The variable `version' is assigned but its value is never used
    CS0219: Line 134: The variable `version' is assigned but its value is never used
    CS0219: Line 166: The variable `version' is assigned but its value is never used
    CS0219: Line 198: The variable `version' is assigned but its value is never used
 + ../../Source/Scripts/Engines and Systems/Quests/Serpents/BaneBase.cs:
    CS0219: Line 183: The variable `version' is assigned but its value is never used
 + ../../Source/Scripts/Engines and Systems/Quests/Runes/RunesBase.cs:
    CS0219: Line 62: The variable `pm' is assigned but its value is never used
    CS0219: Line 181: The variable `version' is assigned but its value is never used
 + ../../Source/Scripts/Engines and Systems/Quests/Runes/RuneBox.cs:
    CS0219: Line 250: The variable `version' is assigned but its value is never used
 + ../../Source/Scripts/Engines and Systems/Quests/Frankenstein/FrankenJournalInBox.cs:
    CS0219: Line 82: The variable `version' is assigned but its value is never used
 + ../../Source/Scripts/Engines and Systems/Quests/Frankenstein/FrankenLegLeft.cs:
    CS0219: Line 28: The variable `version' is assigned but its value is never used
 + ../../Source/Scripts/Engines and Systems/Quests/Frankenstein/FrankenLegRight.cs:
    CS0219: Line 28: The variable `version' is assigned but its value is never used
 + ../../Source/Scripts/Engines and Systems/Quests/Frankenstein/FrankenTorso.cs:
    CS0219: Line 28: The variable `version' is assigned but its value is never used
 + ../../Source/Scripts/Engines and Systems/Quests/Frankenstein/PowerCoil.cs:
    CS0219: Line 66: The variable `version' is assigned but its value is never used
 + ../../Source/Scripts/Engines and Systems/Quests/Frankenstein/FrankenArmLeft.cs:
    CS0219: Line 28: The variable `version' is assigned but its value is never used
 + ../../Source/Scripts/Engines and Systems/Quests/Frankenstein/FrankenJournal.cs:
    CS0219: Line 136: The variable `version' is assigned but its value is never used
 + ../../Source/Scripts/Engines and Systems/Quests/Frankenstein/FrankenHead.cs:
    CS0219: Line 28: The variable `version' is assigned but its value is never used
 + ../../Source/Scripts/Engines and Systems/Quests/Frankenstein/FrankenFighter.cs:
    CS0219: Line 172: The variable `version' is assigned but its value is never used
 + ../../Source/Scripts/Engines and Systems/Quests/Frankenstein/FrankenPorter.cs:
    CS0219: Line 106: The variable `version' is assigned but its value is never used
 + ../../Source/Scripts/Engines and Systems/Quests/Frankenstein/EmbalmingFluid.cs:
    CS0219: Line 111: The variable `version' is assigned but its value is never used
 + ../../Source/Scripts/Engines and Systems/Quests/Frankenstein/FrankenBrain.cs:
    CS0219: Line 46: The variable `version' is assigned but its value is never used
 + ../../Source/Scripts/Engines and Systems/Quests/Frankenstein/FrankenArmRight.cs:
    CS0219: Line 28: The variable `version' is assigned but its value is never used
 + ../../Source/Scripts/Engines and Systems/Quests/Frankenstein/FrankenItem.cs:
    CS0219: Line 153: The variable `version' is assigned but its value is never used
 + ../../Source/Scripts/Engines and Systems/Quests/Golems/GolemPorter.cs:
    CS0219: Line 106: The variable `version' is assigned but its value is never used
 + ../../Source/Scripts/Engines and Systems/Quests/Golems/GolemManual.cs:
    CS0219: Line 353: The variable `version' is assigned but its value is never used
    CS0219: Line 514: The variable `pedia' is assigned but its value is never used
    CS0414: Line 506: The private field `Server.Items.GolemManual.GolemManualGump.m_Book' is assigned but its value is never used
 + ../../Source/Scripts/Engines and Systems/Quests/Golems/GolemFighter.cs:
    CS0219: Line 221: The variable `version' is assigned but its value is never used
 + ../../Source/Scripts/Engines and Systems/Quests/Golems/BottleOil.cs:
    CS0219: Line 43: The variable `version' is assigned but its value is never used
 + ../../Source/Scripts/Engines and Systems/Quests/Magic Pools/MagicPool.cs:
    CS0219: Line 402: The variable `reg' is assigned but its value is never used
    CS0219: Line 582: The variable `version' is assigned but its value is never used
 + ../../Source/Scripts/Engines and Systems/Quests/Codex/DoorCodex.cs:
    CS0219: Line 133: The variable `version' is assigned but its value is never used
 + ../../Source/Scripts/Engines and Systems/Quests/Codex/CubeOnCorpse.cs:
    CS0219: Line 180: The variable `version' is assigned but its value is never used
 + ../../Source/Scripts/Engines and Systems/Quests/Codex/VortexCube.cs:
    CS0219: Line 199: The variable `version' is assigned but its value is never used
 + ../../Source/Scripts/Engines and Systems/Quests/Codex/CodexWisdom.cs:
    CS0219: Line 473: The variable `version' is assigned but its value is never used
 + ../../Source/Scripts/Engines and Systems/Quests/Codex/ApproachVoid.cs:
    CS0219: Line 81: The variable `version' is assigned but its value is never used
 + ../../Source/Scripts/Engines and Systems/Quests/Thief/HayCrate.cs:
    CS0219: Line 116: The variable `version' is assigned but its value is never used
 + ../../Source/Scripts/Engines and Systems/Quests/Thief/ThiefNote.cs:
    CS0219: Line 197: The variable `version' is assigned but its value is never used
 + ../../Source/Scripts/Engines and Systems/Quests/Thief/HollowStump.cs:
    CS0219: Line 117: The variable `version' is assigned but its value is never used
 + ../../Source/Scripts/Engines and Systems/Quests/Thief/StealMetalBox.cs:
    CS0219: Line 74: The variable `version' is assigned but its value is never used
 + ../../Source/Scripts/Engines and Systems/Quests/Thief/StealBase.cs:
    CS0219: Line 469: The variable `version' is assigned but its value is never used
 + ../../Source/Scripts/Engines and Systems/Quests/Thief/StealBag.cs:
    CS0219: Line 54: The variable `version' is assigned but its value is never used
 + ../../Source/Scripts/Engines and Systems/Quests/Thief/StealBox.cs:
    CS0219: Line 54: The variable `version' is assigned but its value is never used
 + ../../Source/Scripts/Engines and Systems/Quests/Thief/Coffer.cs:
    CS0219: Line 234: The variable `version' is assigned but its value is never used
 + ../../Source/Scripts/Engines and Systems/Quests/Major/QuestTome.cs:
    CS0219: Line 356: The variable `locat' is assigned but its value is never used
    CS0219: Line 357: The variable `world' is assigned but its value is never used
    CS0219: Line 358: The variable `names' is assigned but its value is never used
 + ../../Source/Scripts/Engines and Systems/Quests/Major/QuestTake.cs:
    CS0219: Line 675: The variable `version' is assigned but its value is never used
 + ../../Source/Scripts/Engines and Systems/Quests/Standard/StandardQuestBoard.cs:
    CS0219: Line 92: The variable `myQuest' is assigned but its value is never used
    CS0219: Line 200: The variable `version' is assigned but its value is never used
 + ../../Source/Scripts/Engines and Systems/Quests/Standard/StandardQuestFunctions.cs:
    CS0219: Line 67: The variable `sPCTitle' is assigned but its value is never used
    CS0219: Line 71: The variable `nPCFee' is assigned but its value is never used
    CS0219: Line 72: The variable `sPCWorld' is assigned but its value is never used
    CS0219: Line 74: The variable `sPCStory' is assigned but its value is never used
    CS0219: Line 245: The variable `kexplorer' is assigned but its value is never used
    CS0219: Line 268: The variable `sPCTarget' is assigned but its value is never used
    CS0219: Line 269: The variable `sPCTitle' is assigned but its value is never used
    CS0219: Line 270: The variable `sPCName' is assigned but its value is never used
    CS0219: Line 271: The variable `sPCRegion' is assigned but its value is never used
    CS0219: Line 274: The variable `sPCWorld' is assigned but its value is never used
    CS0219: Line 275: The variable `sPCCategory' is assigned but its value is never used
    CS0219: Line 276: The variable `sPCStory' is assigned but its value is never used
    CS0219: Line 319: The variable `sPCTarget' is assigned but its value is never used
    CS0219: Line 320: The variable `sPCTitle' is assigned but its value is never used
    CS0219: Line 321: The variable `sPCName' is assigned but its value is never used
    CS0219: Line 322: The variable `sPCRegion' is assigned but its value is never used
    CS0219: Line 325: The variable `sPCWorld' is assigned but its value is never used
    CS0219: Line 326: The variable `sPCCategory' is assigned but its value is never used
    CS0219: Line 327: The variable `sPCStory' is assigned but its value is never used
    CS0219: Line 362: The variable `sPCTarget' is assigned but its value is never used
    CS0219: Line 366: The variable `nPCDone' is assigned but its value is never used
    CS0219: Line 370: The variable `sPCStory' is assigned but its value is never used
    CS0219: Line 451: The variable `sPCTarget' is assigned but its value is never used
    CS0219: Line 493: The variable `sPCTarget' is assigned but its value is never used
    CS0219: Line 494: The variable `sPCTitle' is assigned but its value is never used
    CS0219: Line 495: The variable `sPCName' is assigned but its value is never used
    CS0219: Line 496: The variable `sPCRegion' is assigned but its value is never used
    CS0219: Line 497: The variable `nPCDone' is assigned but its value is never used
    CS0219: Line 499: The variable `sPCWorld' is assigned but its value is never used
    CS0219: Line 500: The variable `sPCCategory' is assigned but its value is never used
    CS0219: Line 501: The variable `sPCStory' is assigned but its value is never used
 + ../../Source/Scripts/Engines and Systems/Quests/Search/SearchBase.cs:
    CS0219: Line 602: The variable `version' is assigned but its value is never used
 + ../../Source/Scripts/Engines and Systems/Quests/Pagan/PaganBase.cs:
    CS0219: Line 233: The variable `version' is assigned but its value is never used
 + ../../Source/Scripts/Engines and Systems/Quests/Pagan/ApproachObsidian.cs:
    CS0219: Line 180: The variable `version' is assigned but its value is never used
 + ../../Source/Scripts/Engines and Systems/Quests/Pagan/PaganArtifact.cs:
    CS0219: Line 101: The variable `version' is assigned but its value is never used
    CS0219: Line 136: The variable `item' is assigned but its value is never used
 + ../../Source/Scripts/Engines and Systems/Quests/Pagan/ObeliskOnCorpse.cs:
    CS0219: Line 107: The variable `version' is assigned but its value is never used
 + ../../Source/Scripts/Engines and Systems/Quests/Pagan/ObeliskTip.cs:
    CS0219: Line 143: The variable `version' is assigned but its value is never used
    CS0414: Line 159: The private field `Server.Items.ObeliskTip.ObeliskGump.m_Tip' is assigned but its value is never used
 + ../../Source/Scripts/Engines and Systems/Quests/Pagan/ObsidianGate.cs:
    CS0219: Line 99: The variable `version' is assigned but its value is never used
 + ../../Source/Scripts/Engines and Systems/Quests/Underworld/UnderworldTeleporter.cs:
    CS0219: Line 42: The variable `version' is assigned but its value is never used
 + ../../Source/Scripts/Engines and Systems/Quests/Underworld/SkullOfBaron Almric.cs:
    CS0219: Line 82: The variable `version' is assigned but its value is never used
 + ../../Source/Scripts/Engines and Systems/Quests/Underworld/RuneStoneGate.cs:
    CS0219: Line 34: The variable `version' is assigned but its value is never used
 + ../../Source/Scripts/Engines and Systems/Quests/Prisoners/Prisoner.cs:
    CS0219: Line 237: The variable `version' is assigned but its value is never used
 + ../../Source/Scripts/Engines and Systems/Quests/Museum/Museum.cs:
    CS0219: Line 95: The variable `version' is assigned but its value is never used
 + ../../Source/Scripts/Engines and Systems/Quests/Assassin/AssassinBox.cs:
    CS0219: Line 64: The variable `version' is assigned but its value is never used
 + ../../Source/Scripts/Engines and Systems/Quests/Assassin/AssassinFunctions.cs:
    CS0219: Line 54: The variable `sAssassinTitle' is assigned but its value is never used
    CS0219: Line 55: The variable `sAssassinName' is assigned but its value is never used
    CS0219: Line 58: The variable `nAssassinFee' is assigned but its value is never used
    CS0219: Line 59: The variable `sAssassinWorld' is assigned but its value is never used
    CS0219: Line 60: The variable `sAssassinCategory' is assigned but its value is never used
    CS0219: Line 61: The variable `sAssassinStory' is assigned but its value is never used
    CS0219: Line 283: The variable `sAssassinTarget' is assigned but its value is never used
    CS0219: Line 284: The variable `sAssassinTitle' is assigned but its value is never used
    CS0219: Line 285: The variable `sAssassinName' is assigned but its value is never used
    CS0219: Line 286: The variable `sAssassinRegion' is assigned but its value is never used
    CS0219: Line 289: The variable `sAssassinWorld' is assigned but its value is never used
    CS0219: Line 291: The variable `sAssassinStory' is assigned but its value is never used
    CS0219: Line 353: The variable `sAssassinTarget' is assigned but its value is never used
    CS0219: Line 354: The variable `sAssassinTitle' is assigned but its value is never used
    CS0219: Line 355: The variable `sAssassinName' is assigned but its value is never used
    CS0219: Line 356: The variable `sAssassinRegion' is assigned but its value is never used
    CS0219: Line 359: The variable `sAssassinWorld' is assigned but its value is never used
    CS0219: Line 360: The variable `sAssassinCategory' is assigned but its value is never used
    CS0219: Line 361: The variable `sAssassinStory' is assigned but its value is never used
    CS0219: Line 396: The variable `sAssassinTarget' is assigned but its value is never used
    CS0219: Line 400: The variable `nAssassinDone' is assigned but its value is never used
    CS0219: Line 403: The variable `sAssassinCategory' is assigned but its value is never used
    CS0219: Line 404: The variable `sAssassinStory' is assigned but its value is never used
    CS0219: Line 471: The variable `sAssassinTarget' is assigned but its value is never used
    CS0219: Line 478: The variable `sAssassinCategory' is assigned but its value is never used
    CS0219: Line 513: The variable `sAssassinTarget' is assigned but its value is never used
    CS0219: Line 514: The variable `sAssassinTitle' is assigned but its value is never used
    CS0219: Line 515: The variable `sAssassinName' is assigned but its value is never used
    CS0219: Line 516: The variable `sAssassinRegion' is assigned but its value is never used
    CS0219: Line 517: The variable `nAssassinDone' is assigned but its value is never used
    CS0219: Line 519: The variable `sAssassinWorld' is assigned but its value is never used
    CS0219: Line 520: The variable `sAssassinCategory' is assigned but its value is never used
    CS0219: Line 521: The variable `sAssassinStory' is assigned but its value is never used
 + ../../Source/Scripts/Engines and Systems/Quests/Jester/JokeBook.cs:
    CS0219: Line 51: The variable `version' is assigned but its value is never used
 + ../../Source/Scripts/Engines and Systems/Quests/Robots/RobotSchematics.cs:
    CS0219: Line 212: The variable `version' is assigned but its value is never used
    CS0219: Line 284: The variable `pedia' is assigned but its value is never used
    CS0414: Line 279: The private field `Server.Items.RobotSchematics.RobotSchematicsGump.m_Book' is assigned but its value is never used
 + ../../Source/Scripts/Engines and Systems/Quests/Robots/RobotBolt.cs:
    CS0219: Line 36: The variable `version' is assigned but its value is never used
 + ../../Source/Scripts/Engines and Systems/Quests/Robots/RobotBatteries.cs:
    CS0219: Line 105: The variable `version' is assigned but its value is never used
 + ../../Source/Scripts/Engines and Systems/Quests/Robots/RobotOil.cs:
    CS0219: Line 36: The variable `version' is assigned but its value is never used
 + ../../Source/Scripts/Engines and Systems/Quests/Robots/RobotGears.cs:
    CS0219: Line 36: The variable `version' is assigned but its value is never used
 + ../../Source/Scripts/Engines and Systems/Quests/Robots/RobotEngineParts.cs:
    CS0219: Line 29: The variable `version' is assigned but its value is never used
 + ../../Source/Scripts/Engines and Systems/Quests/Robots/Robot.cs:
    CS0219: Line 184: The variable `version' is assigned but its value is never used
 + ../../Source/Scripts/Engines and Systems/Quests/Robots/RobotCircuitBoard.cs:
    CS0219: Line 29: The variable `version' is assigned but its value is never used
 + ../../Source/Scripts/Engines and Systems/Quests/Robots/RobotTransistors.cs:
    CS0219: Line 29: The variable `version' is assigned but its value is never used
 + ../../Source/Scripts/Engines and Systems/Quests/Robots/RobotSheetMetal.cs:
    CS0219: Line 65: The variable `version' is assigned but its value is never used
 + ../../Source/Scripts/Engines and Systems/Quests/Shadowlords/ShardOfCowardice.cs:
    CS0219: Line 46: The variable `version' is assigned but its value is never used
 + ../../Source/Scripts/Engines and Systems/Quests/Shadowlords/GemImmortality.cs:
    CS0219: Line 123: The variable `version' is assigned but its value is never used
 + ../../Source/Scripts/Engines and Systems/Quests/Shadowlords/ShardOfFalsehood.cs:
    CS0219: Line 46: The variable `version' is assigned but its value is never used
 + ../../Source/Scripts/Engines and Systems/Quests/Shadowlords/BalinorTeleporter.cs:
    CS0219: Line 66: The variable `version' is assigned but its value is never used
 + ../../Source/Scripts/Engines and Systems/Quests/Shadowlords/ShardOfHatred.cs:
    CS0219: Line 46: The variable `version' is assigned but its value is never used
 + ../../Source/Scripts/Engines and Systems/Quests/Shadowlords/FlamesBase.cs:
    CS0219: Line 182: The variable `version' is assigned but its value is never used
 + ../../Source/Scripts/Engines and Systems/Quests/Summon/SummonItems.cs:
    CS0219: Line 54: The variable `version' is assigned but its value is never used
    CS0219: Line 87: The variable `version' is assigned but its value is never used
 + ../../Source/Scripts/Engines and Systems/Quests/Summon/SummonChest.cs:
    CS0219: Line 51: The variable `version' is assigned but its value is never used
 + ../../Source/Scripts/Engines and Systems/Quests/Summon/SummonPrison.cs:
    CS0219: Line 298: The variable `version' is assigned but its value is never used
 + ../../Source/Scripts/Engines and Systems/Quests/Bards Tale/MangarsRewards.cs:
    CS0219: Line 38: The variable `version' is assigned but its value is never used
    CS0219: Line 74: The variable `version' is assigned but its value is never used
    CS0219: Line 110: The variable `version' is assigned but its value is never used
    CS0219: Line 144: The variable `version' is assigned but its value is never used
 + ../../Source/Scripts/Engines and Systems/Quests/Hoard/HoardSpawner.cs:
    CS0219: Line 40: The variable `version' is assigned but its value is never used
 + ../../Source/Scripts/Engines and Systems/Quests/GygaxStatue.cs:
    CS0219: Line 158: The variable `version' is assigned but its value is never used
    CS0219: Line 238: The variable `version' is assigned but its value is never used
 + ../../Source/Scripts/Engines and Systems/Quests/QuestGlow.cs:
    CS0219: Line 38: The variable `version' is assigned but its value is never used
 + ../../Source/Scripts/Engines and Systems/Quests/QuestChests.cs:
    CS0219: Line 32: The variable `pm' is assigned but its value is never used
    CS0219: Line 63: The variable `version' is assigned but its value is never used
    CS0219: Line 113: The variable `version' is assigned but its value is never used
    CS0219: Line 135: The variable `pm' is assigned but its value is never used
    CS0219: Line 165: The variable `version' is assigned but its value is never used
    CS0219: Line 187: The variable `pm' is assigned but its value is never used
    CS0219: Line 223: The variable `version' is assigned but its value is never used
    CS0219: Line 275: The variable `version' is assigned but its value is never used
    CS0219: Line 375: The variable `version' is assigned but its value is never used
    CS0219: Line 422: The variable `version' is assigned but its value is never used
    CS0219: Line 475: The variable `version' is assigned but its value is never used
    CS0219: Line 524: The variable `version' is assigned but its value is never used
    CS0219: Line 572: The variable `version' is assigned but its value is never used
 + ../../Source/Scripts/Engines and Systems/Quests/NoticeClue.cs:
    CS0219: Line 81: The variable `version' is assigned but its value is never used
 + ../../Source/Scripts/Engines and Systems/Quests/HelpMessage.cs:
    CS0219: Line 51: The variable `version' is assigned but its value is never used
 + ../../Source/Scripts/Engines and Systems/Quests/SomeRandomNote.cs:
    CS0219: Line 439: The variable `version' is assigned but its value is never used
 + ../../Source/Scripts/Engines and Systems/Quests/TriggerTile.cs:
    CS0219: Line 42: The variable `version' is assigned but its value is never used
 + ../../Source/Scripts/Engines and Systems/Quests/QuestStories.cs:
    CS1717: Line 768: Assignment made to same variable; did you mean to assign something else?
 + ../../Source/Scripts/Engines and Systems/Quests/QuestTeleporter.cs:
    CS0219: Line 173: The variable `version' is assigned but its value is never used
 + ../../Source/Scripts/Engines and Systems/Quests/ScrollClue.cs:
    CS0219: Line 662: The variable `version' is assigned but its value is never used
 + ../../Source/Scripts/Engines and Systems/Temptations/PlayerContext.cs:
    CS0219: Line 21: The variable `version' is assigned but its value is never used
 + ../../Source/Scripts/Engines and Systems/Temptations/TemptationEngine.cs:
    CS0219: Line 116: The variable `version' is assigned but its value is never used
 + ../../Source/Scripts/Engines and Systems/Magic/Research/Spells/Enchanting/ResearchEnchant.cs:
    CS0219: Line 250: The variable `version' is assigned but its value is never used
 + ../../Source/Scripts/Engines and Systems/Magic/Research/Spells/Enchanting/ResearchSneak.cs:
    CS0219: Line 80: The variable `percentage' is assigned but its value is never used
 + ../../Source/Scripts/Engines and Systems/Magic/Research/Spells/Death/ResearchWithstandDeath.cs:
    CS0219: Line 150: The variable `version' is assigned but its value is never used
 + ../../Source/Scripts/Engines and Systems/Magic/Research/Spells/Death/ResearchMaskofDeath.cs:
    CS0219: Line 144: The variable `version' is assigned but its value is never used
 + ../../Source/Scripts/Engines and Systems/Magic/Research/Spells/Theurgy/ResearchFadefromSight.cs:
    CS0219: Line 43: The variable `pm' is assigned but its value is never used
 + ../../Source/Scripts/Engines and Systems/Magic/Research/Spells/Sorcery/ResearchRingofFire.cs:
    CS0219: Line 180: The variable `version' is assigned but its value is never used
 + ../../Source/Scripts/Engines and Systems/Magic/Research/Spells/Sorcery/ResearchEndureHeat.cs:
    CS0219: Line 91: The variable `dpm' is assigned but its value is never used
 + ../../Source/Scripts/Engines and Systems/Magic/Research/Spells/Sorcery/ResearchCreateFire.cs:
    CS0219: Line 163: The variable `version' is assigned but its value is never used
 + ../../Source/Scripts/Engines and Systems/Magic/Research/Spells/Sorcery/ResearchEndureCold.cs:
    CS0219: Line 91: The variable `dpm' is assigned but its value is never used
 + ../../Source/Scripts/Engines and Systems/Magic/Research/Spells/Sorcery/ResearchConflagration.cs:
    CS0219: Line 54: The variable `itemID' is assigned but its value is never used
 + ../../Source/Scripts/Engines and Systems/Magic/Research/Spells/Conjuration/ResearchAerialServant.cs:
    CS0219: Line 135: The variable `version' is assigned but its value is never used
 + ../../Source/Scripts/Engines and Systems/Magic/Research/ResearchBag.cs:
    CS0219: Line 799: The variable `BookIcon' is assigned but its value is never used
    CS0219: Line 924: The variable `BookIcon' is assigned but its value is never used
    CS0219: Line 925: The variable `SmallIcon' is assigned but its value is never used
    CS0219: Line 1291: The variable `nul' is assigned but its value is never used
    CS0414: Line 1359: The private field `Server.Items.ResearchBag.SpellInformation.m_Scribe' is assigned but its value is never used
    CS0414: Line 1361: The private field `Server.Items.ResearchBag.SpellInformation.m_Spell' is assigned but its value is never used
 + ../../Source/Scripts/Engines and Systems/Magic/Research/AncientSpellBook.cs:
    CS0219: Line 88: The variable `version' is assigned but its value is never used
 + ../../Source/Scripts/Engines and Systems/Magic/Misc/SummonSnakesSpell.cs:
    CS0219: Line 196: The variable `version' is assigned but its value is never used
 + ../../Source/Scripts/Engines and Systems/Magic/Misc/SummonSkeleton.cs:
    CS0219: Line 121: The variable `version' is assigned but its value is never used
 + ../../Source/Scripts/Engines and Systems/Magic/Misc/SummonDragonSpell.cs:
    CS0219: Line 195: The variable `version' is assigned but its value is never used
 + ../../Source/Scripts/Engines and Systems/Magic/Misc/MagicRuneBag.cs:
    CS0219: Line 645: The variable `version' is assigned but its value is never used
    CS0219: Line 1102: The variable `version' is assigned but its value is never used
    CS0219: Line 1129: The variable `version' is assigned but its value is never used
    CS0219: Line 1155: The variable `version' is assigned but its value is never used
    CS0219: Line 1181: The variable `version' is assigned but its value is never used
    CS0219: Line 1207: The variable `version' is assigned but its value is never used
    CS0219: Line 1233: The variable `version' is assigned but its value is never used
    CS0219: Line 1259: The variable `version' is assigned but its value is never used
    CS0219: Line 1285: The variable `version' is assigned but its value is never used
    CS0219: Line 1311: The variable `version' is assigned but its value is never used
    CS0219: Line 1337: The variable `version' is assigned but its value is never used
    CS0219: Line 1363: The variable `version' is assigned but its value is never used
    CS0219: Line 1389: The variable `version' is assigned but its value is never used
    CS0219: Line 1415: The variable `version' is assigned but its value is never used
    CS0219: Line 1441: The variable `version' is assigned but its value is never used
    CS0219: Line 1467: The variable `version' is assigned but its value is never used
    CS0219: Line 1493: The variable `version' is assigned but its value is never used
    CS0219: Line 1519: The variable `version' is assigned but its value is never used
    CS0219: Line 1545: The variable `version' is assigned but its value is never used
    CS0219: Line 1571: The variable `version' is assigned but its value is never used
    CS0219: Line 1597: The variable `version' is assigned but its value is never used
    CS0219: Line 1623: The variable `version' is assigned but its value is never used
    CS0219: Line 1649: The variable `version' is assigned but its value is never used
    CS0219: Line 1675: The variable `version' is assigned but its value is never used
    CS0219: Line 1701: The variable `version' is assigned but its value is never used
    CS0219: Line 1727: The variable `version' is assigned but its value is never used
    CS0219: Line 1753: The variable `version' is assigned but its value is never used
    CS0219: Line 1779: The variable `version' is assigned but its value is never used
 + ../../Source/Scripts/Engines and Systems/Magic/Bard/Scrolls/PoisonCarol.cs:
    CS0219: Line 43: The variable `version' is assigned but its value is never used
 + ../../Source/Scripts/Engines and Systems/Magic/Bard/Scrolls/FireThrenody.cs:
    CS0219: Line 43: The variable `version' is assigned but its value is never used
 + ../../Source/Scripts/Engines and Systems/Magic/Bard/Scrolls/IceCarol.cs:
    CS0219: Line 43: The variable `version' is assigned but its value is never used
 + ../../Source/Scripts/Engines and Systems/Magic/Bard/Scrolls/EnergyThrenody.cs:
    CS0219: Line 42: The variable `version' is assigned but its value is never used
 + ../../Source/Scripts/Engines and Systems/Magic/Bard/Scrolls/MagicFinale.cs:
    CS0219: Line 43: The variable `version' is assigned but its value is never used
 + ../../Source/Scripts/Engines and Systems/Magic/Bard/Scrolls/KnightsMinne.cs:
    CS0219: Line 43: The variable `version' is assigned but its value is never used
 + ../../Source/Scripts/Engines and Systems/Magic/Bard/Scrolls/EnchantingEtude.cs:
    CS0219: Line 43: The variable `version' is assigned but its value is never used
 + ../../Source/Scripts/Engines and Systems/Magic/Bard/Scrolls/FoeRequiem.cs:
    CS0219: Line 43: The variable `version' is assigned but its value is never used
 + ../../Source/Scripts/Engines and Systems/Magic/Bard/Scrolls/SinewyEtude.cs:
    CS0219: Line 43: The variable `version' is assigned but its value is never used
 + ../../Source/Scripts/Engines and Systems/Magic/Bard/Scrolls/IceThrenody.cs:
    CS0219: Line 43: The variable `version' is assigned but its value is never used
 + ../../Source/Scripts/Engines and Systems/Magic/Bard/Scrolls/PoisonThrenody.cs:
    CS0219: Line 43: The variable `version' is assigned but its value is never used
 + ../../Source/Scripts/Engines and Systems/Magic/Bard/Scrolls/FireCarol.cs:
    CS0219: Line 43: The variable `version' is assigned but its value is never used
 + ../../Source/Scripts/Engines and Systems/Magic/Bard/Scrolls/ArmysPaeon.cs:
    CS0219: Line 43: The variable `version' is assigned but its value is never used
 + ../../Source/Scripts/Engines and Systems/Magic/Bard/Scrolls/MagesBallad.cs:
    CS0219: Line 43: The variable `version' is assigned but its value is never used
 + ../../Source/Scripts/Engines and Systems/Magic/Bard/Scrolls/EnergyCarol.cs:
    CS0219: Line 43: The variable `version' is assigned but its value is never used
 + ../../Source/Scripts/Engines and Systems/Magic/Bard/Scrolls/SheepfoeMambo.cs:
    CS0219: Line 43: The variable `version' is assigned but its value is never used
 + ../../Source/Scripts/Engines and Systems/Magic/Bard/SongBook.cs:
    CS0219: Line 89: The variable `Instrument' is assigned but its value is never used
 + ../../Source/Scripts/Engines and Systems/Magic/Witch/Effects/GhostlyImages.cs:
    CS0219: Line 184: The variable `version' is assigned but its value is never used
 + ../../Source/Scripts/Engines and Systems/Magic/Witch/BookWitchBrewing.cs:
    CS0219: Line 222: The variable `version' is assigned but its value is never used
 + ../../Source/Scripts/Engines and Systems/Magic/Witch/WitchBrews.cs:
    CS0219: Line 40: The variable `version' is assigned but its value is never used
    CS0219: Line 76: The variable `version' is assigned but its value is never used
    CS0219: Line 112: The variable `version' is assigned but its value is never used
    CS0219: Line 148: The variable `version' is assigned but its value is never used
    CS0219: Line 184: The variable `version' is assigned but its value is never used
    CS0219: Line 220: The variable `version' is assigned but its value is never used
    CS0219: Line 256: The variable `version' is assigned but its value is never used
    CS0219: Line 292: The variable `version' is assigned but its value is never used
    CS0219: Line 328: The variable `version' is assigned but its value is never used
    CS0219: Line 364: The variable `version' is assigned but its value is never used
    CS0219: Line 400: The variable `version' is assigned but its value is never used
    CS0219: Line 436: The variable `version' is assigned but its value is never used
    CS0219: Line 472: The variable `version' is assigned but its value is never used
    CS0219: Line 508: The variable `version' is assigned but its value is never used
    CS0219: Line 544: The variable `version' is assigned but its value is never used
    CS0219: Line 580: The variable `version' is assigned but its value is never used
 + ../../Source/Scripts/Engines and Systems/Magic/Witch/WitchPouch.cs:
    CS0219: Line 427: The variable `version' is assigned but its value is never used
 + ../../Source/Scripts/Engines and Systems/Magic/Ninjitsu/DeathStrike.cs:
    CS0168: Line 120: The variable `maxDamage' is declared but never used
    CS0649: Line 89: Field `Server.Spells.Ninjitsu.DeathStrike.DeathStrikeInfo.m_DamageBonus' is never assigned to, and will always have its default value `0'
 + ../../Source/Scripts/Engines and Systems/Magic/Ninjitsu/MirrorImage.cs:
    CS0219: Line 232: The variable `version' is assigned but its value is never used
 + ../../Source/Scripts/Engines and Systems/Magic/Ninjitsu/BookOfNinjitsu.cs:
    CS0219: Line 40: The variable `version' is assigned but its value is never used
 + ../../Source/Scripts/Engines and Systems/Magic/Magery/Scrolls/Fifth Circle/MindBlastScroll.cs:
    CS0219: Line 34: The variable `version' is assigned but its value is never used
 + ../../Source/Scripts/Engines and Systems/Magic/Magery/Scrolls/Fifth Circle/MagicReflectScroll.cs:
    CS0219: Line 34: The variable `version' is assigned but its value is never used
 + ../../Source/Scripts/Engines and Systems/Magic/Magery/Scrolls/Fifth Circle/IncognitoScroll.cs:
    CS0219: Line 34: The variable `version' is assigned but its value is never used
 + ../../Source/Scripts/Engines and Systems/Magic/Magery/Scrolls/Fifth Circle/BladeSpiritsScroll.cs:
    CS0219: Line 34: The variable `version' is assigned but its value is never used
 + ../../Source/Scripts/Engines and Systems/Magic/Magery/Scrolls/Fifth Circle/ParalyzeScroll.cs:
    CS0219: Line 34: The variable `version' is assigned but its value is never used
 + ../../Source/Scripts/Engines and Systems/Magic/Magery/Scrolls/Fifth Circle/SummonCreatureScroll.cs:
    CS0219: Line 34: The variable `version' is assigned but its value is never used
 + ../../Source/Scripts/Engines and Systems/Magic/Magery/Scrolls/Fifth Circle/DispelFieldScroll.cs:
    CS0219: Line 34: The variable `version' is assigned but its value is never used
 + ../../Source/Scripts/Engines and Systems/Magic/Magery/Scrolls/Fifth Circle/PoisonFieldScroll.cs:
    CS0219: Line 34: The variable `version' is assigned but its value is never used
 + ../../Source/Scripts/Engines and Systems/Magic/Magery/Scrolls/Seventh Circle/EnergyFieldScroll.cs:
    CS0219: Line 34: The variable `version' is assigned but its value is never used
 + ../../Source/Scripts/Engines and Systems/Magic/Magery/Scrolls/Seventh Circle/ManaVampireScroll.cs:
    CS0219: Line 34: The variable `version' is assigned but its value is never used
 + ../../Source/Scripts/Engines and Systems/Magic/Magery/Scrolls/Seventh Circle/ChainLightningScroll.cs:
    CS0219: Line 34: The variable `version' is assigned but its value is never used
 + ../../Source/Scripts/Engines and Systems/Magic/Magery/Scrolls/Seventh Circle/PolymorphScroll.cs:
    CS0219: Line 34: The variable `version' is assigned but its value is never used
 + ../../Source/Scripts/Engines and Systems/Magic/Magery/Scrolls/Seventh Circle/MassDispelScroll.cs:
    CS0219: Line 34: The variable `version' is assigned but its value is never used
 + ../../Source/Scripts/Engines and Systems/Magic/Magery/Scrolls/Seventh Circle/FlamestrikeScroll.cs:
    CS0219: Line 34: The variable `version' is assigned but its value is never used
 + ../../Source/Scripts/Engines and Systems/Magic/Magery/Scrolls/Seventh Circle/GateTravelScroll.cs:
    CS0219: Line 34: The variable `version' is assigned but its value is never used
 + ../../Source/Scripts/Engines and Systems/Magic/Magery/Scrolls/Seventh Circle/MeteorStormScroll.cs:
    CS0219: Line 34: The variable `version' is assigned but its value is never used
 + ../../Source/Scripts/Engines and Systems/Magic/Magery/Scrolls/Second Circle/MagicTrapScroll.cs:
    CS0219: Line 34: The variable `version' is assigned but its value is never used
 + ../../Source/Scripts/Engines and Systems/Magic/Magery/Scrolls/Second Circle/HarmScroll.cs:
    CS0219: Line 34: The variable `version' is assigned but its value is never used
 + ../../Source/Scripts/Engines and Systems/Magic/Magery/Scrolls/Second Circle/AgilityScroll.cs:
    CS0219: Line 34: The variable `version' is assigned but its value is never used
 + ../../Source/Scripts/Engines and Systems/Magic/Magery/Scrolls/Second Circle/CureScroll.cs:
    CS0219: Line 34: The variable `version' is assigned but its value is never used
 + ../../Source/Scripts/Engines and Systems/Magic/Magery/Scrolls/Second Circle/CunningScroll.cs:
    CS0219: Line 34: The variable `version' is assigned but its value is never used
 + ../../Source/Scripts/Engines and Systems/Magic/Magery/Scrolls/Second Circle/StrengthScroll.cs:
    CS0219: Line 34: The variable `version' is assigned but its value is never used
 + ../../Source/Scripts/Engines and Systems/Magic/Magery/Scrolls/Second Circle/MagicUnTrapScroll.cs:
    CS0219: Line 34: The variable `version' is assigned but its value is never used
 + ../../Source/Scripts/Engines and Systems/Magic/Magery/Scrolls/Second Circle/ProtectionScroll.cs:
    CS0219: Line 34: The variable `version' is assigned but its value is never used
 + ../../Source/Scripts/Engines and Systems/Magic/Magery/Scrolls/Fourth Circle/ManaDrainScroll.cs:
    CS0219: Line 34: The variable `version' is assigned but its value is never used
 + ../../Source/Scripts/Engines and Systems/Magic/Magery/Scrolls/Fourth Circle/LightningScroll.cs:
    CS0219: Line 34: The variable `version' is assigned but its value is never used
 + ../../Source/Scripts/Engines and Systems/Magic/Magery/Scrolls/Fourth Circle/CurseScroll.cs:
    CS0219: Line 34: The variable `version' is assigned but its value is never used
 + ../../Source/Scripts/Engines and Systems/Magic/Magery/Scrolls/Fourth Circle/GreaterHealScroll.cs:
    CS0219: Line 34: The variable `version' is assigned but its value is never used
 + ../../Source/Scripts/Engines and Systems/Magic/Magery/Scrolls/Fourth Circle/ArchcureScroll.cs:
    CS0219: Line 34: The variable `version' is assigned but its value is never used
 + ../../Source/Scripts/Engines and Systems/Magic/Magery/Scrolls/Fourth Circle/RecallScroll.cs:
    CS0219: Line 34: The variable `version' is assigned but its value is never used
 + ../../Source/Scripts/Engines and Systems/Magic/Magery/Scrolls/Fourth Circle/ArchProtectionScroll.cs:
    CS0219: Line 34: The variable `version' is assigned but its value is never used
 + ../../Source/Scripts/Engines and Systems/Magic/Magery/Scrolls/Fourth Circle/FireFieldScroll.cs:
    CS0219: Line 34: The variable `version' is assigned but its value is never used
 + ../../Source/Scripts/Engines and Systems/Magic/Magery/Scrolls/Third Circle/UnlockScroll.cs:
    CS0219: Line 34: The variable `version' is assigned but its value is never used
 + ../../Source/Scripts/Engines and Systems/Magic/Magery/Scrolls/Third Circle/BlessScroll.cs:
    CS0219: Line 34: The variable `version' is assigned but its value is never used
 + ../../Source/Scripts/Engines and Systems/Magic/Magery/Scrolls/Third Circle/TeleportScroll.cs:
    CS0219: Line 34: The variable `version' is assigned but its value is never used
 + ../../Source/Scripts/Engines and Systems/Magic/Magery/Scrolls/Third Circle/MagicLockScroll.cs:
    CS0219: Line 34: The variable `version' is assigned but its value is never used
 + ../../Source/Scripts/Engines and Systems/Magic/Magery/Scrolls/Third Circle/PoisonScroll.cs:
    CS0219: Line 34: The variable `version' is assigned but its value is never used
 + ../../Source/Scripts/Engines and Systems/Magic/Magery/Scrolls/Third Circle/FireballScroll.cs:
    CS0219: Line 34: The variable `version' is assigned but its value is never used
 + ../../Source/Scripts/Engines and Systems/Magic/Magery/Scrolls/Third Circle/WallOfStoneScroll.cs:
    CS0219: Line 34: The variable `version' is assigned but its value is never used
 + ../../Source/Scripts/Engines and Systems/Magic/Magery/Scrolls/Third Circle/TelekinisisScroll.cs:
    CS0219: Line 34: The variable `version' is assigned but its value is never used
 + ../../Source/Scripts/Engines and Systems/Magic/Magery/Scrolls/Eighth Circle/SummonFireElementalScroll.cs:
    CS0219: Line 34: The variable `version' is assigned but its value is never used
 + ../../Source/Scripts/Engines and Systems/Magic/Magery/Scrolls/Eighth Circle/ResurrectionScroll.cs:
    CS0219: Line 34: The variable `version' is assigned but its value is never used
 + ../../Source/Scripts/Engines and Systems/Magic/Magery/Scrolls/Eighth Circle/SummonEarthElementalScroll.cs:
    CS0219: Line 34: The variable `version' is assigned but its value is never used
 + ../../Source/Scripts/Engines and Systems/Magic/Magery/Scrolls/Eighth Circle/SummonWaterElementalScroll.cs:
    CS0219: Line 34: The variable `version' is assigned but its value is never used
 + ../../Source/Scripts/Engines and Systems/Magic/Magery/Scrolls/Eighth Circle/SummonAirElementalScroll.cs:
    CS0219: Line 34: The variable `version' is assigned but its value is never used
 + ../../Source/Scripts/Engines and Systems/Magic/Magery/Scrolls/Eighth Circle/EnergyVortexScroll.cs:
    CS0219: Line 34: The variable `version' is assigned but its value is never used
 + ../../Source/Scripts/Engines and Systems/Magic/Magery/Scrolls/Eighth Circle/EarthquakeScroll.cs:
    CS0219: Line 34: The variable `version' is assigned but its value is never used
 + ../../Source/Scripts/Engines and Systems/Magic/Magery/Scrolls/Eighth Circle/SummonDaemonScroll.cs:
    CS0219: Line 34: The variable `version' is assigned but its value is never used
 + ../../Source/Scripts/Engines and Systems/Magic/Magery/Scrolls/Sixth Circle/ParalyzeFieldSpell.cs:
    CS0219: Line 34: The variable `version' is assigned but its value is never used
 + ../../Source/Scripts/Engines and Systems/Magic/Magery/Scrolls/Sixth Circle/MarkScroll.cs:
    CS0219: Line 34: The variable `version' is assigned but its value is never used
 + ../../Source/Scripts/Engines and Systems/Magic/Magery/Scrolls/Sixth Circle/ExplosionScroll.cs:
    CS0219: Line 34: The variable `version' is assigned but its value is never used
 + ../../Source/Scripts/Engines and Systems/Magic/Magery/Scrolls/Sixth Circle/MassCurseScroll.cs:
    CS0219: Line 34: The variable `version' is assigned but its value is never used
 + ../../Source/Scripts/Engines and Systems/Magic/Magery/Scrolls/Sixth Circle/RevealScroll.cs:
    CS0219: Line 34: The variable `version' is assigned but its value is never used
 + ../../Source/Scripts/Engines and Systems/Magic/Magery/Scrolls/Sixth Circle/InvisibilityScroll.cs:
    CS0219: Line 34: The variable `version' is assigned but its value is never used
 + ../../Source/Scripts/Engines and Systems/Magic/Magery/Scrolls/Sixth Circle/DispelScroll.cs:
    CS0219: Line 34: The variable `version' is assigned but its value is never used
 + ../../Source/Scripts/Engines and Systems/Magic/Magery/Scrolls/Sixth Circle/EnergyBoltScroll.cs:
    CS0219: Line 34: The variable `version' is assigned but its value is never used
 + ../../Source/Scripts/Engines and Systems/Magic/Magery/Scrolls/First Circle/CreateFoodScroll.cs:
    CS0219: Line 34: The variable `version' is assigned but its value is never used
 + ../../Source/Scripts/Engines and Systems/Magic/Magery/Scrolls/First Circle/ClumsyScroll.cs:
    CS0219: Line 34: The variable `version' is assigned but its value is never used
 + ../../Source/Scripts/Engines and Systems/Magic/Magery/Scrolls/First Circle/WeakenScroll.cs:
    CS0219: Line 34: The variable `version' is assigned but its value is never used
 + ../../Source/Scripts/Engines and Systems/Magic/Magery/Scrolls/First Circle/NightSightScroll.cs:
    CS0219: Line 34: The variable `version' is assigned but its value is never used
 + ../../Source/Scripts/Engines and Systems/Magic/Magery/Scrolls/First Circle/ReactiveArmorScroll.cs:
    CS0219: Line 34: The variable `version' is assigned but its value is never used
 + ../../Source/Scripts/Engines and Systems/Magic/Magery/Scrolls/First Circle/FeeblemindScroll.cs:
    CS0219: Line 34: The variable `version' is assigned but its value is never used
 + ../../Source/Scripts/Engines and Systems/Magic/Magery/Scrolls/First Circle/HealScroll.cs:
    CS0219: Line 34: The variable `version' is assigned but its value is never used
 + ../../Source/Scripts/Engines and Systems/Magic/Magery/Scrolls/First Circle/MagicArrowScroll.cs:
    CS0219: Line 34: The variable `version' is assigned but its value is never used
 + ../../Source/Scripts/Engines and Systems/Magic/Magery/Scrolls/SpellScroll.cs:
    CS0219: Line 69: The variable `version' is assigned but its value is never used
 + ../../Source/Scripts/Engines and Systems/Magic/Magery/Spells/Magery 7th/EnergyField.cs:
    CS0219: Line 142: The variable `version' is assigned but its value is never used
 + ../../Source/Scripts/Engines and Systems/Magic/Magery/Spells/Magery 3rd/MagicLock.cs:
    CS0219: Line 331: The variable `version' is assigned but its value is never used
    CS0219: Line 484: The variable `version' is assigned but its value is never used
    CS0219: Line 780: The variable `version' is assigned but its value is never used
 + ../../Source/Scripts/Engines and Systems/Magic/Jedi/Spells/Mirage.cs:
    CS0219: Line 203: The variable `version' is assigned but its value is never used
 + ../../Source/Scripts/Engines and Systems/Magic/Jedi/JediSpell.cs:
    CS0219: Line 342: The variable `targets' is assigned but its value is never used
    CS0219: Line 363: The variable `targets' is assigned but its value is never used
 + ../../Source/Scripts/Engines and Systems/Magic/Jedi/JediDatacrons.cs:
    CS0219: Line 39: The variable `version' is assigned but its value is never used
    CS0219: Line 73: The variable `version' is assigned but its value is never used
    CS0219: Line 107: The variable `version' is assigned but its value is never used
    CS0219: Line 141: The variable `version' is assigned but its value is never used
    CS0219: Line 175: The variable `version' is assigned but its value is never used
    CS0219: Line 209: The variable `version' is assigned but its value is never used
    CS0219: Line 243: The variable `version' is assigned but its value is never used
    CS0219: Line 277: The variable `version' is assigned but its value is never used
    CS0219: Line 311: The variable `version' is assigned but its value is never used
    CS0219: Line 345: The variable `version' is assigned but its value is never used
 + ../../Source/Scripts/Engines and Systems/Magic/Jedi/KaranCrystal.cs:
    CS0219: Line 34: The variable `version' is assigned but its value is never used
 + ../../Source/Scripts/Engines and Systems/Magic/Jedi/JediSpellbook.cs:
    CS0219: Line 414: The variable `version' is assigned but its value is never used
 + ../../Source/Scripts/Engines and Systems/Magic/Mystic/Scrolls/AstralTravelScroll.cs:
    CS0219: Line 68: The variable `version' is assigned but its value is never used
 + ../../Source/Scripts/Engines and Systems/Magic/Mystic/Scrolls/PsychicWallScroll.cs:
    CS0219: Line 68: The variable `version' is assigned but its value is never used
 + ../../Source/Scripts/Engines and Systems/Magic/Mystic/Scrolls/PsionicBlastScroll.cs:
    CS0219: Line 68: The variable `version' is assigned but its value is never used
 + ../../Source/Scripts/Engines and Systems/Magic/Mystic/Scrolls/GentleTouchScroll.cs:
    CS0219: Line 68: The variable `version' is assigned but its value is never used
 + ../../Source/Scripts/Engines and Systems/Magic/Mystic/Scrolls/PurityOfBodyScroll.cs:
    CS0219: Line 68: The variable `version' is assigned but its value is never used
 + ../../Source/Scripts/Engines and Systems/Magic/Mystic/Scrolls/LeapScroll.cs:
    CS0219: Line 68: The variable `version' is assigned but its value is never used
 + ../../Source/Scripts/Engines and Systems/Magic/Mystic/Scrolls/CreateRobeScroll.cs:
    CS0219: Line 68: The variable `version' is assigned but its value is never used
 + ../../Source/Scripts/Engines and Systems/Magic/Mystic/Scrolls/QuiveringPalmScroll.cs:
    CS0219: Line 68: The variable `version' is assigned but its value is never used
 + ../../Source/Scripts/Engines and Systems/Magic/Mystic/Scrolls/AstralProjectionScroll.cs:
    CS0219: Line 67: The variable `version' is assigned but its value is never used
 + ../../Source/Scripts/Engines and Systems/Magic/Mystic/Scrolls/WindRunnerScroll.cs:
    CS0219: Line 68: The variable `version' is assigned but its value is never used
 + ../../Source/Scripts/Engines and Systems/Magic/Mystic/Spells/WindRunner.cs:
    CS0219: Line 64: The variable `shoes' is assigned but its value is never used
 + ../../Source/Scripts/Engines and Systems/Magic/Mystic/MysticPack.cs:
    CS0219: Line 73: The variable `version' is assigned but its value is never used
 + ../../Source/Scripts/Engines and Systems/Magic/Mystic/MysticMonkRobe.cs:
    CS0219: Line 50: The variable `version' is assigned but its value is never used
 + ../../Source/Scripts/Engines and Systems/Magic/Druidism/Effects/BlendWithForrestSpell.cs:
    CS0219: Line 48: The variable `item' is assigned but its value is never used
    CS0219: Line 116: The variable `version' is assigned but its value is never used
 + ../../Source/Scripts/Engines and Systems/Magic/Druidism/Effects/ProtectiveFairySpell.cs:
    CS0219: Line 116: The variable `version' is assigned but its value is never used
 + ../../Source/Scripts/Engines and Systems/Magic/Druidism/Effects/GraspingRootsSpell.cs:
    CS0219: Line 63: The variable `item' is assigned but its value is never used
    CS0219: Line 109: The variable `version' is assigned but its value is never used
 + ../../Source/Scripts/Engines and Systems/Magic/Druidism/Effects/LureStoneSpell.cs:
    CS0219: Line 56: The variable `item' is assigned but its value is never used
    CS0219: Line 61: The variable `itema' is assigned but its value is never used
 + ../../Source/Scripts/Engines and Systems/Magic/Druidism/Effects/TreefellowSpell.cs:
    CS0219: Line 203: The variable `version' is assigned but its value is never used
 + ../../Source/Scripts/Engines and Systems/Magic/Druidism/DruidPouch.cs:
    CS0219: Line 427: The variable `version' is assigned but its value is never used
 + ../../Source/Scripts/Engines and Systems/Magic/Druidism/BookDruidBrewing.cs:
    CS0219: Line 224: The variable `version' is assigned but its value is never used
 + ../../Source/Scripts/Engines and Systems/Magic/Druidism/HerbalistPotions.cs:
    CS0219: Line 40: The variable `version' is assigned but its value is never used
    CS0219: Line 76: The variable `version' is assigned but its value is never used
    CS0219: Line 112: The variable `version' is assigned but its value is never used
    CS0219: Line 149: The variable `version' is assigned but its value is never used
    CS0219: Line 185: The variable `version' is assigned but its value is never used
    CS0219: Line 221: The variable `version' is assigned but its value is never used
    CS0219: Line 257: The variable `version' is assigned but its value is never used
    CS0219: Line 294: The variable `version' is assigned but its value is never used
    CS0219: Line 330: The variable `version' is assigned but its value is never used
    CS0219: Line 366: The variable `version' is assigned but its value is never used
    CS0219: Line 402: The variable `version' is assigned but its value is never used
    CS0219: Line 438: The variable `version' is assigned but its value is never used
    CS0219: Line 475: The variable `version' is assigned but its value is never used
    CS0219: Line 511: The variable `version' is assigned but its value is never used
    CS0219: Line 547: The variable `version' is assigned but its value is never used
    CS0219: Line 584: The variable `version' is assigned but its value is never used
 + ../../Source/Scripts/Engines and Systems/Magic/Knight/BookOfChivalry.cs:
    CS0219: Line 40: The variable `version' is assigned but its value is never used
 + ../../Source/Scripts/Engines and Systems/Magic/Bushido/LightningStrike.cs:
    CS0219: Line 65: The variable `enoughMana' is assigned but its value is never used
 + ../../Source/Scripts/Engines and Systems/Magic/Bushido/BookOfBushido.cs:
    CS0219: Line 41: The variable `version' is assigned but its value is never used
 + ../../Source/Scripts/Engines and Systems/Magic/Syth/Spells/Projection.cs:
    CS0219: Line 203: The variable `version' is assigned but its value is never used
 + ../../Source/Scripts/Engines and Systems/Magic/Syth/SythSpellbook.cs:
    CS0219: Line 418: The variable `version' is assigned but its value is never used
 + ../../Source/Scripts/Engines and Systems/Magic/Syth/SythDatacrons.cs:
    CS0219: Line 39: The variable `version' is assigned but its value is never used
    CS0219: Line 73: The variable `version' is assigned but its value is never used
    CS0219: Line 107: The variable `version' is assigned but its value is never used
    CS0219: Line 141: The variable `version' is assigned but its value is never used
    CS0219: Line 175: The variable `version' is assigned but its value is never used
    CS0219: Line 209: The variable `version' is assigned but its value is never used
    CS0219: Line 243: The variable `version' is assigned but its value is never used
    CS0219: Line 277: The variable `version' is assigned but its value is never used
    CS0219: Line 311: The variable `version' is assigned but its value is never used
    CS0219: Line 345: The variable `version' is assigned but its value is never used
 + ../../Source/Scripts/Engines and Systems/Magic/Syth/SythSpell.cs:
    CS0219: Line 349: The variable `targets' is assigned but its value is never used
    CS0219: Line 370: The variable `targets' is assigned but its value is never used
 + ../../Source/Scripts/Engines and Systems/Magic/Syth/HellShard.cs:
    CS0219: Line 34: The variable `version' is assigned but its value is never used
 + ../../Source/Scripts/Engines and Systems/Magic/Necromancy/Scrolls/MindRotScroll.cs:
    CS0219: Line 35: The variable `version' is assigned but its value is never used
 + ../../Source/Scripts/Engines and Systems/Magic/Necromancy/Scrolls/WraithFormScroll.cs:
    CS0219: Line 35: The variable `version' is assigned but its value is never used
 + ../../Source/Scripts/Engines and Systems/Magic/Necromancy/Scrolls/CorpseSkinScroll.cs:
    CS0219: Line 35: The variable `version' is assigned but its value is never used
 + ../../Source/Scripts/Engines and Systems/Magic/Necromancy/Scrolls/LichFormScroll.cs:
    CS0219: Line 35: The variable `version' is assigned but its value is never used
 + ../../Source/Scripts/Engines and Systems/Magic/Necromancy/Scrolls/WitherScroll.cs:
    CS0219: Line 35: The variable `version' is assigned but its value is never used
 + ../../Source/Scripts/Engines and Systems/Magic/Necromancy/Scrolls/EvilOmenScroll.cs:
    CS0219: Line 35: The variable `version' is assigned but its value is never used
 + ../../Source/Scripts/Engines and Systems/Magic/Necromancy/Scrolls/ExorcismScroll.cs:
    CS0219: Line 35: The variable `version' is assigned but its value is never used
 + ../../Source/Scripts/Engines and Systems/Magic/Necromancy/Scrolls/HorrificBeastScroll.cs:
    CS0219: Line 35: The variable `version' is assigned but its value is never used
 + ../../Source/Scripts/Engines and Systems/Magic/Necromancy/Scrolls/VengefulSpiritScroll.cs:
    CS0219: Line 35: The variable `version' is assigned but its value is never used
 + ../../Source/Scripts/Engines and Systems/Magic/Necromancy/Scrolls/PoisonStrikeScroll.cs:
    CS0219: Line 35: The variable `version' is assigned but its value is never used
 + ../../Source/Scripts/Engines and Systems/Magic/Necromancy/Scrolls/StrangleScroll.cs:
    CS0219: Line 35: The variable `version' is assigned but its value is never used
 + ../../Source/Scripts/Engines and Systems/Magic/Necromancy/Scrolls/AnimateDeadScroll.cs:
    CS0219: Line 35: The variable `version' is assigned but its value is never used
 + ../../Source/Scripts/Engines and Systems/Magic/Necromancy/Scrolls/SummonFamiliarScroll.cs:
    CS0219: Line 35: The variable `version' is assigned but its value is never used
 + ../../Source/Scripts/Engines and Systems/Magic/Necromancy/Scrolls/BloodOathScroll.cs:
    CS0219: Line 35: The variable `version' is assigned but its value is never used
 + ../../Source/Scripts/Engines and Systems/Magic/Necromancy/Scrolls/CurseWeaponScroll.cs:
    CS0219: Line 35: The variable `version' is assigned but its value is never used
 + ../../Source/Scripts/Engines and Systems/Magic/Necromancy/Scrolls/PainSpikeScroll.cs:
    CS0219: Line 35: The variable `version' is assigned but its value is never used
 + ../../Source/Scripts/Engines and Systems/Magic/Necromancy/AnimateDeadSpell.cs:
    CS0219: Line 60: The variable `water' is assigned but its value is never used
    CS0219: Line 61: The variable `fey' is assigned but its value is never used
 + ../../Source/Scripts/Engines and Systems/Magic/Necromancy/NecromancerSpellbook.cs:
    CS0219: Line 41: The variable `version' is assigned but its value is never used
 + ../../Source/Scripts/Engines and Systems/Magic/Elementalism/Sphere 1/Elemental_Armor.cs:
    CS0219: Line 105: The variable `physresist' is assigned but its value is never used
 + ../../Source/Scripts/Engines and Systems/Magic/Elementalism/Sphere 3/Elemental_Wall.cs:
    CS0219: Line 95: The variable `block' is assigned but its value is never used
    CS0219: Line 96: The variable `water' is assigned but its value is never used
    CS0219: Line 97: The variable `vine' is assigned but its value is never used
 + ../../Source/Scripts/Engines and Systems/Magic/Elementalism/Mobiles/ElementalCalledFire.cs:
    CS0219: Line 66: The variable `version' is assigned but its value is never used
 + ../../Source/Scripts/Engines and Systems/Magic/Elementalism/Mobiles/ElementalSummonIce.cs:
    CS0219: Line 74: The variable `version' is assigned but its value is never used
 + ../../Source/Scripts/Engines and Systems/Magic/Elementalism/Mobiles/ElementalCalledAir.cs:
    CS0219: Line 74: The variable `version' is assigned but its value is never used
 + ../../Source/Scripts/Engines and Systems/Magic/Elementalism/Mobiles/ElementalSpiritWater.cs:
    CS0219: Line 98: The variable `version' is assigned but its value is never used
 + ../../Source/Scripts/Engines and Systems/Magic/Elementalism/Mobiles/ElementalSpiritFire.cs:
    CS0219: Line 100: The variable `version' is assigned but its value is never used
 + ../../Source/Scripts/Engines and Systems/Magic/Elementalism/Mobiles/ElementalLordAir.cs:
    CS0219: Line 78: The variable `version' is assigned but its value is never used
 + ../../Source/Scripts/Engines and Systems/Magic/Elementalism/Mobiles/ElementalFiendAir.cs:
    CS0219: Line 103: The variable `version' is assigned but its value is never used
 + ../../Source/Scripts/Engines and Systems/Magic/Elementalism/Mobiles/ElementalCalledEarth.cs:
    CS0219: Line 74: The variable `version' is assigned but its value is never used
 + ../../Source/Scripts/Engines and Systems/Magic/Elementalism/Mobiles/ElementalSpiritAir.cs:
    CS0219: Line 99: The variable `version' is assigned but its value is never used
 + ../../Source/Scripts/Engines and Systems/Magic/Elementalism/Mobiles/ElementalSummonEnt.cs:
    CS0219: Line 72: The variable `version' is assigned but its value is never used
 + ../../Source/Scripts/Engines and Systems/Magic/Elementalism/Mobiles/ElementalLordFire.cs:
    CS0219: Line 63: The variable `version' is assigned but its value is never used
 + ../../Source/Scripts/Engines and Systems/Magic/Elementalism/Mobiles/ElementalFiendWater.cs:
    CS0219: Line 102: The variable `version' is assigned but its value is never used
 + ../../Source/Scripts/Engines and Systems/Magic/Elementalism/Mobiles/ElementalLordWater.cs:
    CS0219: Line 77: The variable `version' is assigned but its value is never used
 + ../../Source/Scripts/Engines and Systems/Magic/Elementalism/Mobiles/ElementalLordEarth.cs:
    CS0219: Line 73: The variable `version' is assigned but its value is never used
 + ../../Source/Scripts/Engines and Systems/Magic/Elementalism/Mobiles/ElementalSummonLightning.cs:
    CS0219: Line 73: The variable `version' is assigned but its value is never used
 + ../../Source/Scripts/Engines and Systems/Magic/Elementalism/Mobiles/ElementalSummonMagma.cs:
    CS0219: Line 65: The variable `version' is assigned but its value is never used
 + ../../Source/Scripts/Engines and Systems/Magic/Elementalism/Mobiles/ElementalFiendEarth.cs:
    CS0219: Line 102: The variable `version' is assigned but its value is never used
 + ../../Source/Scripts/Engines and Systems/Magic/Elementalism/Mobiles/ElementalCalledWater.cs:
    CS0219: Line 80: The variable `version' is assigned but its value is never used
 + ../../Source/Scripts/Engines and Systems/Magic/Elementalism/Mobiles/ElementalFiendFire.cs:
    CS0219: Line 104: The variable `version' is assigned but its value is never used
 + ../../Source/Scripts/Engines and Systems/Magic/Elementalism/Mobiles/ElementalSpiritEarth.cs:
    CS0219: Line 97: The variable `version' is assigned but its value is never used
 + ../../Source/Scripts/Engines and Systems/Magic/Elementalism/Mobiles/ElementalSteed.cs:
    CS0219: Line 38: The variable `version' is assigned but its value is never used
 + ../../Source/Scripts/Engines and Systems/Magic/Elementalism/ElementalShrine.cs:
    CS0219: Line 175: The variable `version' is assigned but its value is never used
 + ../../Source/Scripts/Engines and Systems/Magic/Elementalism/ElementalScrolls.cs:
    CS0219: Line 37: The variable `version' is assigned but its value is never used
    CS0219: Line 69: The variable `version' is assigned but its value is never used
    CS0219: Line 101: The variable `version' is assigned but its value is never used
    CS0219: Line 133: The variable `version' is assigned but its value is never used
    CS0219: Line 165: The variable `version' is assigned but its value is never used
    CS0219: Line 197: The variable `version' is assigned but its value is never used
    CS0219: Line 229: The variable `version' is assigned but its value is never used
    CS0219: Line 261: The variable `version' is assigned but its value is never used
    CS0219: Line 293: The variable `version' is assigned but its value is never used
    CS0219: Line 325: The variable `version' is assigned but its value is never used
    CS0219: Line 357: The variable `version' is assigned but its value is never used
    CS0219: Line 389: The variable `version' is assigned but its value is never used
    CS0219: Line 421: The variable `version' is assigned but its value is never used
    CS0219: Line 453: The variable `version' is assigned but its value is never used
    CS0219: Line 485: The variable `version' is assigned but its value is never used
    CS0219: Line 517: The variable `version' is assigned but its value is never used
    CS0219: Line 549: The variable `version' is assigned but its value is never used
    CS0219: Line 581: The variable `version' is assigned but its value is never used
    CS0219: Line 613: The variable `version' is assigned but its value is never used
    CS0219: Line 645: The variable `version' is assigned but its value is never used
    CS0219: Line 677: The variable `version' is assigned but its value is never used
    CS0219: Line 709: The variable `version' is assigned but its value is never used
    CS0219: Line 741: The variable `version' is assigned but its value is never used
    CS0219: Line 773: The variable `version' is assigned but its value is never used
    CS0219: Line 805: The variable `version' is assigned but its value is never used
    CS0219: Line 837: The variable `version' is assigned but its value is never used
    CS0219: Line 869: The variable `version' is assigned but its value is never used
    CS0219: Line 901: The variable `version' is assigned but its value is never used
    CS0219: Line 933: The variable `version' is assigned but its value is never used
    CS0219: Line 965: The variable `version' is assigned but its value is never used
    CS0219: Line 997: The variable `version' is assigned but its value is never used
    CS0219: Line 1029: The variable `version' is assigned but its value is never used
 + ../../Source/Scripts/Engines and Systems/Magic/Elementalism/ElementalExit.cs:
    CS0219: Line 39: The variable `mZone' is assigned but its value is never used
    CS0219: Line 95: The variable `version' is assigned but its value is never used
 + ../../Source/Scripts/Engines and Systems/Magic/Elementalism/ElementalEffect.cs:
    CS0219: Line 47: The variable `version' is assigned but its value is never used
 + ../../Source/Scripts/Engines and Systems/Magic/Elementalism/ElementalSpellbook.cs:
    CS0219: Line 88: The variable `version' is assigned but its value is never used
    CS0219: Line 90: The variable `EllyPage' is assigned but its value is never used
 + ../../Source/Scripts/Engines and Systems/Magic/Holy Man/Spells/EnchantSpell.cs:
    CS0219: Line 248: The variable `version' is assigned but its value is never used
 + ../../Source/Scripts/Engines and Systems/Magic/Holy Man/Spells/HammerOfFaithSpell.cs:
    CS0219: Line 125: The variable `version' is assigned but its value is never used
 + ../../Source/Scripts/Engines and Systems/Magic/Holy Man/HolyManSpell.cs:
    CS0219: Line 192: The variable `targets' is assigned but its value is never used
    CS0219: Line 213: The variable `targets' is assigned but its value is never used
 + ../../Source/Scripts/Engines and Systems/Magic/Holy Man/HolySymbols.cs:
    CS0219: Line 43: The variable `version' is assigned but its value is never used
    CS0219: Line 81: The variable `version' is assigned but its value is never used
    CS0219: Line 119: The variable `version' is assigned but its value is never used
    CS0219: Line 157: The variable `version' is assigned but its value is never used
    CS0219: Line 195: The variable `version' is assigned but its value is never used
    CS0219: Line 233: The variable `version' is assigned but its value is never used
    CS0219: Line 271: The variable `version' is assigned but its value is never used
    CS0219: Line 309: The variable `version' is assigned but its value is never used
    CS0219: Line 347: The variable `version' is assigned but its value is never used
    CS0219: Line 385: The variable `version' is assigned but its value is never used
    CS0219: Line 423: The variable `version' is assigned but its value is never used
    CS0219: Line 461: The variable `version' is assigned but its value is never used
    CS0219: Line 499: The variable `version' is assigned but its value is never used
    CS0219: Line 537: The variable `version' is assigned but its value is never used
 + ../../Source/Scripts/Engines and Systems/Magic/Holy Man/HolyManSpellBook.cs:
    CS0219: Line 92: The variable `version' is assigned but its value is never used
 + ../../Source/Scripts/Engines and Systems/Magic/Holy Man/MalletStake.cs:
    CS0219: Line 152: The variable `version' is assigned but its value is never used
 + ../../Source/Scripts/Engines and Systems/Magic/Holy Man/HolySymbol.cs:
    CS0219: Line 66: The variable `version' is assigned but its value is never used
 + ../../Source/Scripts/Engines and Systems/Magic/Jester/Spells/Clowns.cs:
    CS0219: Line 203: The variable `version' is assigned but its value is never used
 + ../../Source/Scripts/Engines and Systems/Magic/Jester/SummonedJoke.cs:
    CS0219: Line 159: The variable `version' is assigned but its value is never used
 + ../../Source/Scripts/Engines and Systems/Magic/Jester/BagOfTricks.cs:
    CS0219: Line 106: The variable `version' is assigned but its value is never used
    CS0219: Line 495: The variable `tile1' is assigned but its value is never used
    CS0219: Line 496: The variable `tile2' is assigned but its value is never used
 + ../../Source/Scripts/Engines and Systems/Magic/Jester/SummonedPrank.cs:
    CS0219: Line 170: The variable `version' is assigned but its value is never used
 + ../../Source/Scripts/Engines and Systems/Magic/Death Knight/DeathKnightSpellBook.cs:
    CS0219: Line 96: The variable `version' is assigned but its value is never used
 + ../../Source/Scripts/Engines and Systems/Magic/Death Knight/DevilPact.cs:
    CS0219: Line 75: The variable `version' is assigned but its value is never used
 + ../../Source/Scripts/Engines and Systems/Magic/Death Knight/SoulLantern.cs:
    CS0219: Line 85: The variable `version' is assigned but its value is never used
 + ../../Source/Scripts/Engines and Systems/Magic/Death Knight/DeathSkulls.cs:
    CS0219: Line 44: The variable `version' is assigned but its value is never used
    CS0219: Line 83: The variable `version' is assigned but its value is never used
    CS0219: Line 122: The variable `version' is assigned but its value is never used
    CS0219: Line 161: The variable `version' is assigned but its value is never used
    CS0219: Line 200: The variable `version' is assigned but its value is never used
    CS0219: Line 239: The variable `version' is assigned but its value is never used
    CS0219: Line 278: The variable `version' is assigned but its value is never used
    CS0219: Line 317: The variable `version' is assigned but its value is never used
    CS0219: Line 356: The variable `version' is assigned but its value is never used
    CS0219: Line 395: The variable `version' is assigned but its value is never used
    CS0219: Line 434: The variable `version' is assigned but its value is never used
    CS0219: Line 473: The variable `version' is assigned but its value is never used
    CS0219: Line 512: The variable `version' is assigned but its value is never used
    CS0219: Line 551: The variable `version' is assigned but its value is never used
 + ../../Source/Scripts/Engines and Systems/Magic/Base/ForgetfulGem.cs:
    CS0219: Line 148: The variable `version' is assigned but its value is never used
 + ../../Source/Scripts/Engines and Systems/Magic/Base/SpellHelper.cs:
    CS0219: Line 779: The variable `damageGiven' is assigned but its value is never used
    CS0219: Line 896: The variable `damageGiven' is assigned but its value is never used
    CS0414: Line 559: The private field `Server.Spells.SpellHelper.m_TravelCaster' is assigned but its value is never used
    CS0414: Line 560: The private field `Server.Spells.SpellHelper.m_TravelType' is assigned but its value is never used
 + ../../Source/Scripts/Engines and Systems/Magic/Base/Spell.cs:
    CS0219: Line 230: The variable `context' is assigned but its value is never used
    CS0414: Line 48: The private field `Server.Spells.Spell.NextSpellDelay' is assigned but its value is never used
 + ../../Source/Scripts/Engines and Systems/Magic/Base/Runebook.cs:
    CS0219: Line 202: The variable `SpellType' is assigned but its value is never used
 + ../../Source/Scripts/Engines and Systems/Magic/Shinobi/ShinobiScroll.cs:
    CS0219: Line 213: The variable `version' is assigned but its value is never used
 + ../../Source/Scripts/Engines and Systems/PuzzleChest/PuzzleChestSolutionAndTime.cs:
    CS0219: Line 14: The variable `version' is assigned but its value is never used
 + ../../Source/Scripts/Engines and Systems/PuzzleChest/PuzzleChestSolution.cs:
    CS0219: Line 42: The variable `version' is assigned but its value is never used
 + ../../Source/Scripts/Engines and Systems/PuzzleChest/PuzzleChest.cs:
    CS0219: Line 27: The variable `version' is assigned but its value is never used
 + ../../Source/Scripts/Engines and Systems/Trades/Taxidermy/MagicSkulls.cs:
    CS0219: Line 327: The variable `version' is assigned but its value is never used
    CS0219: Line 375: The variable `version' is assigned but its value is never used
    CS0219: Line 423: The variable `version' is assigned but its value is never used
    CS0219: Line 470: The variable `version' is assigned but its value is never used
    CS0219: Line 517: The variable `version' is assigned but its value is never used
    CS0219: Line 564: The variable `version' is assigned but its value is never used
    CS0219: Line 611: The variable `version' is assigned but its value is never used
    CS0219: Line 658: The variable `version' is assigned but its value is never used
    CS0219: Line 705: The variable `version' is assigned but its value is never used
    CS0219: Line 752: The variable `version' is assigned but its value is never used
    CS0219: Line 799: The variable `version' is assigned but its value is never used
    CS0219: Line 846: The variable `version' is assigned but its value is never used
    CS0219: Line 893: The variable `version' is assigned but its value is never used
 + ../../Source/Scripts/Engines and Systems/Trades/Taxidermy/StuffingBasket.cs:
    CS0219: Line 56: The variable `mobile' is assigned but its value is never used
    CS0219: Line 90: The variable `reg' is assigned but its value is never used
    CS0219: Line 226: The variable `version' is assigned but its value is never used
 + ../../Source/Scripts/Engines and Systems/Trades/Taxidermy/MountedTrophyHead.cs:
    CS0219: Line 276: The variable `version' is assigned but its value is never used
 + ../../Source/Scripts/Engines and Systems/Trades/Taxidermy/MountingBase.cs:
    CS0219: Line 56: The variable `mobile' is assigned but its value is never used
    CS0219: Line 90: The variable `reg' is assigned but its value is never used
    CS0219: Line 238: The variable `version' is assigned but its value is never used
 + ../../Source/Scripts/Engines and Systems/Trades/Taxidermy/TrophyBase.cs:
    CS0219: Line 57: The variable `mobile' is assigned but its value is never used
    CS0219: Line 114: The variable `reg' is assigned but its value is never used
    CS0219: Line 561: The variable `version' is assigned but its value is never used
 + ../../Source/Scripts/Engines and Systems/Trades/Taxidermy/StuffedBear.cs:
    CS0219: Line 51: The variable `version' is assigned but its value is never used
 + ../../Source/Scripts/Engines and Systems/Trades/Shoppes/DungeoneerCrate.cs:
    CS0219: Line 236: The variable `IsEnabled' is assigned but its value is never used
    CS0219: Line 237: The variable `m_PercentReduction' is assigned but its value is never used
    CS0219: Line 273: The variable `mobile' is assigned but its value is never used
 + ../../Source/Scripts/Engines and Systems/Trades/Bulk Orders/Rewards/ColoredAnvil.cs:
    CS0219: Line 38: The variable `version' is assigned but its value is never used
    CS0219: Line 101: The variable `version' is assigned but its value is never used
 + ../../Source/Scripts/Engines and Systems/Trades/Bulk Orders/Rewards/GlovesOfMining.cs:
    CS0219: Line 48: The variable `version' is assigned but its value is never used
    CS0219: Line 93: The variable `version' is assigned but its value is never used
    CS0219: Line 139: The variable `version' is assigned but its value is never used
 + ../../Source/Scripts/Engines and Systems/Trades/Core/Repair.cs:
    CS0219: Line 405: The variable `context' is assigned but its value is never used
 + ../../Source/Scripts/Engines and Systems/Trades/Core/CraftGumpItem.cs:
    CS0219: Line 40: The constant `VERTICAL_LINE' is never used
 + ../../Source/Scripts/Engines and Systems/Trades/Core/CraftGump.cs:
    CS0219: Line 622: The variable `groupIndex' is assigned but its value is never used
 + ../../Source/Scripts/Engines and Systems/Trades/Harvest/RichVeins/Items/RichVeinSpawnerPersistent.cs:
    CS0219: Line 19: The variable `version' is assigned but its value is never used
 + ../../Source/Scripts/Engines and Systems/Trades/Harvest/RichVeins/Items/RichVeinSpawner.cs:
    CS0219: Line 37: The variable `version' is assigned but its value is never used
 + ../../Source/Scripts/Engines and Systems/Trades/Harvest/RichVeins/Items/RichVeinMineable.cs:
    CS0219: Line 35: The variable `version' is assigned but its value is never used
 + ../../Source/Scripts/Engines and Systems/Trades/Harvest/RichVeins/RichVeinCommands.cs:
    CS0219: Line 110: The variable `point' is assigned but its value is never used
    CS0219: Line 212: The variable `point' is assigned but its value is never used
 + ../../Source/Scripts/Engines and Systems/Trades/Harvest/RichVeins/RichVeinMining.cs:
    CS0219: Line 169: The variable `veinIndex' is assigned but its value is never used
 + ../../Source/Scripts/Engines and Systems/Trades/Harvest/Lumberjacking.cs:
    CS0219: Line 138: The variable `veinIndex' is assigned but its value is never used
 + ../../Source/Scripts/Engines and Systems/Trades/Harvest/Fishing.cs:
    CS0219: Line 371: The variable `mLevel' is assigned but its value is never used
 + ../../Source/Scripts/Engines and Systems/Trades/Harvest/Mining.cs:
    CS0219: Line 268: The variable `veinIndex' is assigned but its value is never used
 + ../../Source/Scripts/Engines and Systems/Trades/Stone/Gravestones.cs:
    CS0219: Line 32: The variable `version' is assigned but its value is never used
    CS0219: Line 62: The variable `version' is assigned but its value is never used
    CS0219: Line 92: The variable `version' is assigned but its value is never used
    CS0219: Line 122: The variable `version' is assigned but its value is never used
    CS0219: Line 152: The variable `version' is assigned but its value is never used
    CS0219: Line 182: The variable `version' is assigned but its value is never used
    CS0219: Line 212: The variable `version' is assigned but its value is never used
    CS0219: Line 242: The variable `version' is assigned but its value is never used
    CS0219: Line 272: The variable `version' is assigned but its value is never used
    CS0219: Line 302: The variable `version' is assigned but its value is never used
    CS0219: Line 332: The variable `version' is assigned but its value is never used
    CS0219: Line 362: The variable `version' is assigned but its value is never used
    CS0219: Line 392: The variable `version' is assigned but its value is never used
    CS0219: Line 422: The variable `version' is assigned but its value is never used
    CS0219: Line 452: The variable `version' is assigned but its value is never used
    CS0219: Line 482: The variable `version' is assigned but its value is never used
    CS0219: Line 512: The variable `version' is assigned but its value is never used
    CS0219: Line 542: The variable `version' is assigned but its value is never used
    CS0219: Line 572: The variable `version' is assigned but its value is never used
    CS0219: Line 602: The variable `version' is assigned but its value is never used
 + ../../Source/Scripts/Engines and Systems/Trades/Stone/BaseStatue.cs:
    CS0219: Line 94: The variable `version' is assigned but its value is never used
 + ../../Source/Scripts/Engines and Systems/Trades/Stone/Statues.cs:
    CS0219: Line 31: The variable `version' is assigned but its value is never used
    CS0219: Line 60: The variable `version' is assigned but its value is never used
    CS0219: Line 89: The variable `version' is assigned but its value is never used
    CS0219: Line 118: The variable `version' is assigned but its value is never used
    CS0219: Line 147: The variable `version' is assigned but its value is never used
    CS0219: Line 176: The variable `version' is assigned but its value is never used
    CS0219: Line 204: The variable `version' is assigned but its value is never used
    CS0219: Line 233: The variable `version' is assigned but its value is never used
    CS0219: Line 262: The variable `version' is assigned but its value is never used
    CS0219: Line 291: The variable `version' is assigned but its value is never used
    CS0219: Line 319: The variable `version' is assigned but its value is never used
    CS0219: Line 348: The variable `version' is assigned but its value is never used
    CS0219: Line 377: The variable `version' is assigned but its value is never used
    CS0219: Line 406: The variable `version' is assigned but its value is never used
    CS0219: Line 434: The variable `version' is assigned but its value is never used
    CS0219: Line 463: The variable `version' is assigned but its value is never used
    CS0219: Line 492: The variable `version' is assigned but its value is never used
    CS0219: Line 521: The variable `version' is assigned but its value is never used
    CS0219: Line 550: The variable `version' is assigned but its value is never used
    CS0219: Line 579: The variable `version' is assigned but its value is never used
    CS0219: Line 608: The variable `version' is assigned but its value is never used
    CS0219: Line 637: The variable `version' is assigned but its value is never used
    CS0219: Line 666: The variable `version' is assigned but its value is never used
    CS0219: Line 695: The variable `version' is assigned but its value is never used
    CS0219: Line 724: The variable `version' is assigned but its value is never used
    CS0219: Line 752: The variable `version' is assigned but its value is never used
    CS0219: Line 780: The variable `version' is assigned but its value is never used
    CS0219: Line 809: The variable `version' is assigned but its value is never used
    CS0219: Line 838: The variable `version' is assigned but its value is never used
    CS0219: Line 867: The variable `version' is assigned but its value is never used
    CS0219: Line 896: The variable `version' is assigned but its value is never used
    CS0219: Line 925: The variable `version' is assigned but its value is never used
    CS0219: Line 954: The variable `version' is assigned but its value is never used
    CS0219: Line 983: The variable `version' is assigned but its value is never used
    CS0219: Line 1012: The variable `version' is assigned but its value is never used
 + ../../Source/Scripts/Engines and Systems/Trades/Stone/Furniture.cs:
    CS0219: Line 31: The variable `version' is assigned but its value is never used
    CS0219: Line 60: The variable `version' is assigned but its value is never used
    CS0219: Line 88: The variable `version' is assigned but its value is never used
    CS0219: Line 117: The variable `version' is assigned but its value is never used
    CS0219: Line 146: The variable `version' is assigned but its value is never used
    CS0219: Line 175: The variable `version' is assigned but its value is never used
    CS0219: Line 203: The variable `version' is assigned but its value is never used
    CS0219: Line 231: The variable `version' is assigned but its value is never used
    CS0219: Line 259: The variable `version' is assigned but its value is never used
    CS0219: Line 287: The variable `version' is assigned but its value is never used
    CS0219: Line 315: The variable `version' is assigned but its value is never used
    CS0219: Line 343: The variable `version' is assigned but its value is never used
    CS0219: Line 371: The variable `version' is assigned but its value is never used
    CS0219: Line 399: The variable `version' is assigned but its value is never used
    CS0219: Line 428: The variable `version' is assigned but its value is never used
    CS0219: Line 456: The variable `version' is assigned but its value is never used
    CS0219: Line 484: The variable `version' is assigned but its value is never used
    CS0219: Line 512: The variable `version' is assigned but its value is never used
    CS0219: Line 541: The variable `version' is assigned but its value is never used
    CS0219: Line 569: The variable `version' is assigned but its value is never used
    CS0219: Line 597: The variable `version' is assigned but its value is never used
    CS0219: Line 625: The variable `version' is assigned but its value is never used
 + ../../Source/Scripts/Engines and Systems/Trades/Stone/Assemblies.cs:
    CS0219: Line 31: The variable `version' is assigned but its value is never used
    CS0219: Line 60: The variable `version' is assigned but its value is never used
    CS0219: Line 89: The variable `version' is assigned but its value is never used
    CS0219: Line 118: The variable `version' is assigned but its value is never used
    CS0219: Line 147: The variable `version' is assigned but its value is never used
    CS0219: Line 176: The variable `version' is assigned but its value is never used
    CS0219: Line 205: The variable `version' is assigned but its value is never used
    CS0219: Line 234: The variable `version' is assigned but its value is never used
    CS0219: Line 263: The variable `version' is assigned but its value is never used
    CS0219: Line 292: The variable `version' is assigned but its value is never used
    CS0219: Line 321: The variable `version' is assigned but its value is never used
    CS0219: Line 350: The variable `version' is assigned but its value is never used
    CS0219: Line 379: The variable `version' is assigned but its value is never used
    CS0219: Line 408: The variable `version' is assigned but its value is never used
    CS0219: Line 437: The variable `version' is assigned but its value is never used
    CS0219: Line 466: The variable `version' is assigned but its value is never used
    CS0219: Line 495: The variable `version' is assigned but its value is never used
    CS0219: Line 524: The variable `version' is assigned but its value is never used
    CS0219: Line 553: The variable `version' is assigned but its value is never used
    CS0219: Line 582: The variable `version' is assigned but its value is never used
    CS0219: Line 611: The variable `version' is assigned but its value is never used
    CS0219: Line 640: The variable `version' is assigned but its value is never used
 + ../../Source/Scripts/Engines and Systems/Trades/Gardening/MiscItems/OrangePetals.cs:
    CS0219: Line 146: The variable `version' is assigned but its value is never used
 + ../../Source/Scripts/Engines and Systems/Trades/Gardening/MiscItems/GreenThorns.cs:
    CS0219: Line 143: The variable `version' is assigned but its value is never used
 + ../../Source/Scripts/Engines and Systems/Trades/Gardening/MiscItems/RedLeaves.cs:
    CS0219: Line 105: The variable `version' is assigned but its value is never used
 + ../../Source/Scripts/Engines and Systems/Trades/Gardening/MiscItems/FertileDirt.cs:
    CS0219: Line 36: The variable `version' is assigned but its value is never used
 + ../../Source/Scripts/Engines and Systems/Trades/Gardening/PlantBowl.cs:
    CS0219: Line 128: The variable `version' is assigned but its value is never used
 + ../../Source/Scripts/Engines and Systems/Trades/Gardening/Seed.cs:
    CS0219: Line 192: The variable `version' is assigned but its value is never used
 + ../../Source/Scripts/Engines and Systems/Trades/Global Shoppe/Shoppes/MorticianShoppe.cs:
    CS0219: Line 237: The variable `version' is assigned but its value is never used
 + ../../Source/Scripts/Engines and Systems/Trades/Global Shoppe/Shoppes/LibrarianShoppe.cs:
    CS0219: Line 200: The variable `origin' is assigned but its value is never used
    CS0219: Line 286: The variable `version' is assigned but its value is never used
 + ../../Source/Scripts/Engines and Systems/Trades/Global Shoppe/Shoppes/BakerShoppe.cs:
    CS0219: Line 192: The variable `version' is assigned but its value is never used
 + ../../Source/Scripts/Engines and Systems/Trades/Global Shoppe/Shoppes/TailorShoppe.cs:
    CS0219: Line 169: The variable `eAdjective' is assigned but its value is never used
    CS0219: Line 259: The variable `version' is assigned but its value is never used
 + ../../Source/Scripts/Engines and Systems/Trades/Global Shoppe/Shoppes/BlacksmithShoppe.cs:
    CS0219: Line 314: The variable `version' is assigned but its value is never used
 + ../../Source/Scripts/Engines and Systems/Trades/Global Shoppe/Shoppes/TinkerShoppe.cs:
    CS0219: Line 199: The variable `eAdjective' is assigned but its value is never used
    CS0219: Line 305: The variable `version' is assigned but its value is never used
 + ../../Source/Scripts/Engines and Systems/Trades/Global Shoppe/Shoppes/CartographyShoppe.cs:
    CS0219: Line 96: The variable `version' is assigned but its value is never used
 + ../../Source/Scripts/Engines and Systems/Trades/Global Shoppe/Shoppes/CarpentryShoppe.cs:
    CS0219: Line 181: The variable `eAdjective' is assigned but its value is never used
    CS0219: Line 274: The variable `version' is assigned but its value is never used
 + ../../Source/Scripts/Engines and Systems/Trades/Global Shoppe/Shoppes/BowyerShoppe.cs:
    CS0219: Line 174: The variable `eAdjective' is assigned but its value is never used
    CS0219: Line 255: The variable `version' is assigned but its value is never used
 + ../../Source/Scripts/Engines and Systems/Trades/Global Shoppe/Shoppes/AlchemistShoppe.cs:
    CS0219: Line 203: The variable `version' is assigned but its value is never used
 + ../../Source/Scripts/Engines and Systems/Trades/Global Shoppe/Shoppes/HerbalistShoppe.cs:
    CS0219: Line 196: The variable `version' is assigned but its value is never used
 + ../../Source/Scripts/Engines and Systems/Trades/Global Shoppe/Core/ShoppeBase.cs:
    CS0219: Line 32: The variable `version' is assigned but its value is never used
    CS0219: Line 196: The variable `bonus' is assigned but its value is never used
 + ../../Source/Scripts/Engines and Systems/Trades/Global Shoppe/Rewards/ArboristTool.cs:
    CS0219: Line 48: The variable `version' is assigned but its value is never used
 + ../../Source/Scripts/Engines and Systems/Trades/Global Shoppe/Rewards/AdvancedSkinningKnife.cs:
    CS0219: Line 48: The variable `version' is assigned but its value is never used
 + ../../Source/Scripts/Engines and Systems/Trades/Global Shoppe/Rewards/DyeTubTemp.cs:
    CS0219: Line 146: The variable `version' is assigned but its value is never used
    CS0219: Line 312: The variable `version' is assigned but its value is never used
 + ../../Source/Scripts/Engines and Systems/Trades/Global Shoppe/Rewards/HueVacuumTube.cs:
    CS0219: Line 113: The variable `version' is assigned but its value is never used
 + ../../Source/Scripts/Engines and Systems/Trades/Global Shoppe/Models/OrderContext.cs:
    CS0219: Line 15: The variable `version' is assigned but its value is never used
 + ../../Source/Scripts/Engines and Systems/Trades/Global Shoppe/Models/EquipmentOrderContext.cs:
    CS0219: Line 15: The variable `version' is assigned but its value is never used
 + ../../Source/Scripts/Engines and Systems/Trades/Global Shoppe/Models/CustomerContext.cs:
    CS0219: Line 12: The variable `version' is assigned but its value is never used
 + ../../Source/Scripts/Engines and Systems/Trades/Global Shoppe/Models/TinkerOrderContext.cs:
    CS0219: Line 16: The variable `version' is assigned but its value is never used
 + ../../Source/Scripts/Engines and Systems/Trades/Global Shoppe/Models/PlayerContext.cs:
    CS0219: Line 19: The variable `version' is assigned but its value is never used
 + ../../Source/Scripts/Engines and Systems/Trades/Global Shoppe/ShoppeEngine.cs:
    CS0219: Line 62: The variable `version' is assigned but its value is never used
 + ../../Source/Scripts/Engines and Systems/Trades/Apiculture/Craft/PaintCanvas.cs:
    CS0219: Line 30: The variable `version' is assigned but its value is never used
 + ../../Source/Scripts/Engines and Systems/Trades/Apiculture/Craft/WaxSculptors.cs:
    CS0219: Line 41: The variable `version' is assigned but its value is never used
    CS0219: Line 78: The variable `version' is assigned but its value is never used
    CS0219: Line 115: The variable `version' is assigned but its value is never used
    CS0219: Line 149: The variable `version' is assigned but its value is never used
    CS0219: Line 179: The variable `version' is assigned but its value is never used
    CS0219: Line 290: The variable `version' is assigned but its value is never used
 + ../../Source/Scripts/Engines and Systems/Trades/Apiculture/Craft/ColorCandleLong.cs:
    CS0219: Line 36: The variable `version' is assigned but its value is never used
 + ../../Source/Scripts/Engines and Systems/Trades/Apiculture/Craft/ColorCandleShort.cs:
    CS0219: Line 36: The variable `version' is assigned but its value is never used
 + ../../Source/Scripts/Engines and Systems/Trades/Apiculture/Craft/JarsOfWax.cs:
    CS0219: Line 133: The variable `version' is assigned but its value is never used
    CS0219: Line 233: The variable `version' is assigned but its value is never used
    CS0219: Line 329: The variable `version' is assigned but its value is never used
 + ../../Source/Scripts/Engines and Systems/Trades/Apiculture/Craft/CandleReligious.cs:
    CS0219: Line 71: The variable `version' is assigned but its value is never used
 + ../../Source/Scripts/Engines and Systems/Trades/Apiculture/Craft/WaxPaintings.cs:
    CS0219: Line 41: The variable `version' is assigned but its value is never used
    CS0219: Line 78: The variable `version' is assigned but its value is never used
    CS0219: Line 115: The variable `version' is assigned but its value is never used
    CS0219: Line 152: The variable `version' is assigned but its value is never used
    CS0219: Line 189: The variable `version' is assigned but its value is never used
    CS0219: Line 226: The variable `version' is assigned but its value is never used
    CS0219: Line 263: The variable `version' is assigned but its value is never used
    CS0219: Line 375: The variable `version' is assigned but its value is never used
 + ../../Source/Scripts/Engines and Systems/Trades/Apiculture/Items/RawBeeswax.cs:
    CS0219: Line 39: The variable `version' is assigned but its value is never used
 + ../../Source/Scripts/Engines and Systems/Trades/Apiculture/Items/Slumgum.cs:
    CS0219: Line 37: The variable `version' is assigned but its value is never used
 + ../../Source/Scripts/Engines and Systems/Trades/Apiculture/Beeswax.cs:
    CS0219: Line 38: The variable `version' is assigned but its value is never used
 + ../../Source/Scripts/Engines and Systems/Trades/Apiculture/BeeHiveAddon.cs:
    CS0219: Line 337: The variable `version' is assigned but its value is never used
    CS0219: Line 771: The variable `version' is assigned but its value is never used
    CS0219: Line 886: The variable `version' is assigned but its value is never used
    CS0219: Line 917: The variable `version' is assigned but its value is never used
 + ../../Source/Scripts/Engines and Systems/Trades/Apiculture/WaxCrafting.cs:
    CS0219: Line 46: The variable `version' is assigned but its value is never used
 + ../../Source/Scripts/Engines and Systems/Trades/Guild/EnhancementStoneProcess.cs:
    CS0219: Line 142: The variable `inc' is assigned but its value is never used
 + ../../Source/Scripts/Engines and Systems/Trades/Guild/GuildCarpentry.cs:
    CS0219: Line 119: The variable `version' is assigned but its value is never used
 + ../../Source/Scripts/Engines and Systems/Trades/Guild/GuildSewing.cs:
    CS0219: Line 119: The variable `version' is assigned but its value is never used
 + ../../Source/Scripts/Engines and Systems/Trades/Guild/GuildFletching.cs:
    CS0219: Line 119: The variable `version' is assigned but its value is never used
 + ../../Source/Scripts/Engines and Systems/Trades/Guild/GuildTinkering.cs:
    CS0219: Line 119: The variable `version' is assigned but its value is never used
 + ../../Source/Scripts/Engines and Systems/Trades/Guild/GuildHammer.cs:
    CS0219: Line 119: The variable `version' is assigned but its value is never used
 + ../../Source/Scripts/Engines and Systems/Achievments/Achievement.cs:
    CS0219: Line 32: The variable `version' is assigned but its value is never used
 + ../../Source/Scripts/Engines and Systems/Achievments/AchievementSystem.cs:
    CS0219: Line 87: The constant `DISCOVER_LAND_GRAPHIC' is never used
    CS0219: Line 102: The variable `discoverBottleWorld' is assigned but its value is never used
    CS0219: Line 104: The variable `discoverLuna' is assigned but its value is never used
    CS0219: Line 105: The variable `discoverSkara' is assigned but its value is never used
    CS0219: Line 523: The variable `serial' is assigned but its value is never used
    CS0219: Line 524: The variable `points' is assigned but its value is never used
 + ../../Source/Scripts/Engines and Systems/Champs/Items/UnholyBone.cs:
    CS0219: Line 69: The variable `version' is assigned but its value is never used
 + ../../Source/Scripts/Engines and Systems/Champs/Mobiles/Bosses/Rikktor.cs:
    CS0219: Line 160: The variable `version' is assigned but its value is never used
 + ../../Source/Scripts/Engines and Systems/Champs/Mobiles/Bosses/Silvani.cs:
    CS0219: Line 125: The variable `version' is assigned but its value is never used
 + ../../Source/Scripts/Engines and Systems/Champs/Mobiles/Bosses/Neira.cs:
    CS0219: Line 178: The variable `version' is assigned but its value is never used
 + ../../Source/Scripts/Engines and Systems/Champs/Mobiles/Bosses/Mephitis.cs:
    CS0219: Line 78: The variable `version' is assigned but its value is never used
 + ../../Source/Scripts/Engines and Systems/Champs/Mobiles/Bosses/Barracoon.cs:
    CS0219: Line 239: The variable `version' is assigned but its value is never used
 + ../../Source/Scripts/Engines and Systems/Champs/Mobiles/Bosses/Semidar.cs:
    CS0219: Line 135: The variable `version' is assigned but its value is never used
 + ../../Source/Scripts/Engines and Systems/Champs/Mobiles/GreaterMongbat.cs:
    CS0219: Line 63: The variable `version' is assigned but its value is never used
 + ../../Source/Scripts/Engines and Systems/Champs/Mobiles/SerpentineDragon.cs:
    CS0219: Line 119: The variable `version' is assigned but its value is never used
 + ../../Source/Scripts/Engines and Systems/Spell Bars/SpellBarsContext.cs:
    CS0219: Line 78: The variable `version' is assigned but its value is never used
 + ../../Source/Scripts/Engines and Systems/Avatar/Reward/AvatarShopGumpRewards.cs:
    CS0219: Line 83: The variable `box' is assigned but its value is never used
 + ../../Source/Scripts/Engines and Systems/Avatar/Items/SafetyDepositBox.cs:
    CS0219: Line 43: The variable `version' is assigned but its value is never used
 + ../../Source/Scripts/Engines and Systems/Avatar/AvatarEngine.cs:
    CS0219: Line 107: The variable `version' is assigned but its value is never used
 + ../../Source/Scripts/Engines and Systems/Avatar/SkillArchive.cs:
    CS0219: Line 253: The variable `version' is assigned but its value is never used
 + ../../Source/Scripts/Engines and Systems/Avatar/DeathContext.cs:
    CS0219: Line 16: The variable `version' is assigned but its value is never used
 + ../../Source/Scripts/Engines and Systems/Avatar/AvatarBook.cs:
    CS0219: Line 50: The variable `version' is assigned but its value is never used
 + ../../Source/Scripts/Engines and Systems/Messaging/NotificationService.cs:
    CS0219: Line 83: The variable `content2' is assigned but its value is never used
 + ../../Source/Scripts/Items/Misc/Bodies/LivingDead/BookofDead.cs:
    CS0219: Line 151: The variable `version' is assigned but its value is never used
 + ../../Source/Scripts/Items/Misc/Bodies/LivingDead/DarkHeart.cs:
    CS0219: Line 29: The variable `version' is assigned but its value is never used
 + ../../Source/Scripts/Items/Misc/Bodies/LivingDead/SummonCorpse.cs:
    CS0219: Line 206: The variable `version' is assigned but its value is never used
 + ../../Source/Scripts/Items/Misc/Bodies/RightArm.cs:
    CS0219: Line 33: The variable `version' is assigned but its value is never used
 + ../../Source/Scripts/Items/Misc/Bodies/LeftLeg.cs:
    CS0219: Line 33: The variable `version' is assigned but its value is never used
 + ../../Source/Scripts/Items/Misc/Bodies/BodyParts.cs:
    CS0219: Line 37: The variable `version' is assigned but its value is never used
 + ../../Source/Scripts/Items/Misc/Bodies/LeftArm.cs:
    CS0219: Line 33: The variable `version' is assigned but its value is never used
 + ../../Source/Scripts/Items/Misc/Bodies/Torso.cs:
    CS0219: Line 33: The variable `version' is assigned but its value is never used
 + ../../Source/Scripts/Items/Misc/Bodies/RightLeg.cs:
    CS0219: Line 33: The variable `version' is assigned but its value is never used
 + ../../Source/Scripts/Items/Misc/Bodies/RibCage.cs:
    CS0219: Line 34: The variable `version' is assigned but its value is never used
 + ../../Source/Scripts/Items/Misc/Bodies/BonePile.cs:
    CS0219: Line 34: The variable `version' is assigned but its value is never used
 + ../../Source/Scripts/Items/Misc/Halloween/HalloweenStoneColumn.cs:
    CS0219: Line 31: The variable `version' is assigned but its value is never used
 + ../../Source/Scripts/Items/Misc/Halloween/HalloweenTortSkel.cs:
    CS0219: Line 31: The variable `version' is assigned but its value is never used
 + ../../Source/Scripts/Items/Misc/Halloween/CarvedPumpkins.cs:
    CS0219: Line 59: The variable `version' is assigned but its value is never used
    CS0219: Line 113: The variable `version' is assigned but its value is never used
    CS0219: Line 167: The variable `version' is assigned but its value is never used
    CS0219: Line 221: The variable `version' is assigned but its value is never used
    CS0219: Line 275: The variable `version' is assigned but its value is never used
    CS0219: Line 329: The variable `version' is assigned but its value is never used
    CS0219: Line 383: The variable `version' is assigned but its value is never used
    CS0219: Line 437: The variable `version' is assigned but its value is never used
    CS0219: Line 491: The variable `version' is assigned but its value is never used
    CS0219: Line 545: The variable `version' is assigned but its value is never used
    CS0219: Line 599: The variable `version' is assigned but its value is never used
    CS0219: Line 653: The variable `version' is assigned but its value is never used
    CS0219: Line 707: The variable `version' is assigned but its value is never used
    CS0219: Line 761: The variable `version' is assigned but its value is never used
    CS0219: Line 815: The variable `version' is assigned but its value is never used
    CS0219: Line 869: The variable `version' is assigned but its value is never used
    CS0219: Line 923: The variable `version' is assigned but its value is never used
    CS0219: Line 977: The variable `version' is assigned but its value is never used
    CS0219: Line 1031: The variable `version' is assigned but its value is never used
    CS0219: Line 1085: The variable `version' is assigned but its value is never used
 + ../../Source/Scripts/Items/Misc/Halloween/HalloweenPylonFire.cs:
    CS0219: Line 31: The variable `version' is assigned but its value is never used
 + ../../Source/Scripts/Items/Misc/Halloween/HalloweenTree4.cs:
    CS0219: Line 31: The variable `version' is assigned but its value is never used
 + ../../Source/Scripts/Items/Misc/Halloween/HalloweenBlood.cs:
    CS0219: Line 31: The variable `version' is assigned but its value is never used
 + ../../Source/Scripts/Items/Misc/Halloween/HalloweenPylon.cs:
    CS0219: Line 31: The variable `version' is assigned but its value is never used
 + ../../Source/Scripts/Items/Misc/Halloween/HalloweenGift.cs:
    CS0219: Line 97: The variable `version' is assigned but its value is never used
 + ../../Source/Scripts/Items/Misc/Halloween/HalloweenTree5.cs:
    CS0219: Line 31: The variable `version' is assigned but its value is never used
 + ../../Source/Scripts/Items/Misc/Halloween/BloodyTableAddon.cs:
    CS0219: Line 121: The variable `version' is assigned but its value is never used
    CS0219: Line 155: The variable `version' is assigned but its value is never used
 + ../../Source/Scripts/Items/Misc/Halloween/HalloweenTree1.cs:
    CS0219: Line 31: The variable `version' is assigned but its value is never used
 + ../../Source/Scripts/Items/Misc/Halloween/HalloweenColumn.cs:
    CS0219: Line 31: The variable `version' is assigned but its value is never used
 + ../../Source/Scripts/Items/Misc/Halloween/AppleBobbingBarrel.cs:
    CS0219: Line 87: The variable `version' is assigned but its value is never used
 + ../../Source/Scripts/Items/Misc/Halloween/DeadBodyDeedEW.cs:
    CS0219: Line 34: The variable `version' is assigned but its value is never used
    CS0219: Line 64: The variable `version' is assigned but its value is never used
 + ../../Source/Scripts/Items/Misc/Halloween/BloodPentagramDeed.cs:
    CS0219: Line 67: The variable `version' is assigned but its value is never used
    CS0219: Line 96: The variable `version' is assigned but its value is never used
 + ../../Source/Scripts/Items/Misc/Halloween/EvilFireplaceFace.cs:
    CS0219: Line 78: The variable `version' is assigned but its value is never used
    CS0219: Line 112: The variable `version' is assigned but its value is never used
    CS0219: Line 186: The variable `version' is assigned but its value is never used
    CS0219: Line 220: The variable `version' is assigned but its value is never used
 + ../../Source/Scripts/Items/Misc/Halloween/HalloweenShrineChaos.cs:
    CS0219: Line 35: The variable `version' is assigned but its value is never used
    CS0219: Line 65: The variable `version' is assigned but its value is never used
 + ../../Source/Scripts/Items/Misc/Halloween/NecromancerBanner.cs:
    CS0219: Line 31: The variable `version' is assigned but its value is never used
 + ../../Source/Scripts/Items/Misc/Halloween/HalloweenGrave1.cs:
    CS0219: Line 55: The variable `version' is assigned but its value is never used
 + ../../Source/Scripts/Items/Misc/Halloween/PackedCostume.cs:
    CS0219: Line 54: The variable `version' is assigned but its value is never used
 + ../../Source/Scripts/Items/Misc/Halloween/EerieGhost.cs:
    CS0219: Line 56: The variable `version' is assigned but its value is never used
 + ../../Source/Scripts/Items/Misc/Halloween/WrappedCandy.cs:
    CS0219: Line 53: The variable `version' is assigned but its value is never used
 + ../../Source/Scripts/Items/Misc/Halloween/HalloweenChopper.cs:
    CS0219: Line 29: The variable `version' is assigned but its value is never used
 + ../../Source/Scripts/Items/Misc/Halloween/HalloweenBag.cs:
    CS0219: Line 265: The variable `version' is assigned but its value is never used
    CS0219: Line 358: The variable `version' is assigned but its value is never used
    CS0219: Line 401: The variable `version' is assigned but its value is never used
 + ../../Source/Scripts/Items/Misc/Halloween/HalloweenStoneSpike2.cs:
    CS0219: Line 31: The variable `version' is assigned but its value is never used
 + ../../Source/Scripts/Items/Misc/Halloween/NecromancerTable.cs:
    CS0219: Line 31: The variable `version' is assigned but its value is never used
 + ../../Source/Scripts/Items/Misc/Halloween/HalloweenGrave2.cs:
    CS0219: Line 55: The variable `version' is assigned but its value is never used
 + ../../Source/Scripts/Items/Misc/Halloween/HalloweenPack.cs:
    CS0219: Line 54: The variable `version' is assigned but its value is never used
 + ../../Source/Scripts/Items/Misc/Halloween/HalloweenItems.cs:
    CS0219: Line 29: The variable `version' is assigned but its value is never used
    CS0219: Line 58: The variable `version' is assigned but its value is never used
    CS0219: Line 88: The variable `version' is assigned but its value is never used
    CS0219: Line 118: The variable `version' is assigned but its value is never used
    CS0219: Line 147: The variable `version' is assigned but its value is never used
    CS0219: Line 177: The variable `version' is assigned but its value is never used
    CS0219: Line 206: The variable `version' is assigned but its value is never used
    CS0219: Line 237: The variable `version' is assigned but its value is never used
    CS0219: Line 263: The variable `version' is assigned but its value is never used
    CS0219: Line 290: The variable `version' is assigned but its value is never used
    CS0219: Line 317: The variable `version' is assigned but its value is never used
    CS0219: Line 345: The variable `version' is assigned but its value is never used
    CS0219: Line 373: The variable `version' is assigned but its value is never used
    CS0219: Line 401: The variable `version' is assigned but its value is never used
 + ../../Source/Scripts/Items/Misc/Halloween/DeadBodyDeedNS.cs:
    CS0219: Line 34: The variable `version' is assigned but its value is never used
    CS0219: Line 64: The variable `version' is assigned but its value is never used
 + ../../Source/Scripts/Items/Misc/Halloween/HalloweenSkullPole.cs:
    CS0219: Line 30: The variable `version' is assigned but its value is never used
 + ../../Source/Scripts/Items/Misc/Halloween/HalloweenGrave3.cs:
    CS0219: Line 55: The variable `version' is assigned but its value is never used
 + ../../Source/Scripts/Items/Misc/Halloween/DaemonDartBoard.cs:
    CS0219: Line 144: The variable `version' is assigned but its value is never used
    CS0219: Line 170: The variable `version' is assigned but its value is never used
    CS0219: Line 198: The variable `version' is assigned but its value is never used
    CS0219: Line 224: The variable `version' is assigned but its value is never used
    CS0219: Line 252: The variable `version' is assigned but its value is never used
 + ../../Source/Scripts/Items/Misc/Halloween/HalloweenMaiden.cs:
    CS0219: Line 36: The variable `version' is assigned but its value is never used
 + ../../Source/Scripts/Items/Misc/Halloween/HalloweenTree6.cs:
    CS0219: Line 31: The variable `version' is assigned but its value is never used
 + ../../Source/Scripts/Items/Misc/Halloween/MongbatDartBoard.cs:
    CS0219: Line 145: The variable `version' is assigned but its value is never used
    CS0219: Line 173: The variable `version' is assigned but its value is never used
    CS0219: Line 203: The variable `version' is assigned but its value is never used
    CS0219: Line 231: The variable `version' is assigned but its value is never used
    CS0219: Line 261: The variable `version' is assigned but its value is never used
 + ../../Source/Scripts/Items/Misc/Halloween/HalloweenStoneSpike.cs:
    CS0219: Line 31: The variable `version' is assigned but its value is never used
 + ../../Source/Scripts/Items/Misc/Halloween/HalloweenTree2.cs:
    CS0219: Line 31: The variable `version' is assigned but its value is never used
 + ../../Source/Scripts/Items/Misc/Halloween/HalloweenBonePile.cs:
    CS0219: Line 39: The variable `version' is assigned but its value is never used
    CS0219: Line 69: The variable `version' is assigned but its value is never used
 + ../../Source/Scripts/Items/Misc/Halloween/HalloweenTree3.cs:
    CS0219: Line 31: The variable `version' is assigned but its value is never used
 + ../../Source/Scripts/Items/Misc/Halloween/TrickOrTreat.cs:
    CS0219: Line 61: The variable `m_Gold' is assigned but its value is never used
    CS0219: Line 70: The variable `m_Gold' is assigned but its value is never used
 + ../../Source/Scripts/Items/Misc/Halloween/HalloweenAddons.cs:
    CS0219: Line 42: The variable `version' is assigned but its value is never used
    CS0219: Line 86: The variable `version' is assigned but its value is never used
    CS0219: Line 125: The variable `version' is assigned but its value is never used
    CS0219: Line 169: The variable `version' is assigned but its value is never used
    CS0219: Line 220: The variable `version' is assigned but its value is never used
    CS0219: Line 254: The variable `version' is assigned but its value is never used
    CS0219: Line 305: The variable `version' is assigned but its value is never used
    CS0219: Line 339: The variable `version' is assigned but its value is never used
 + ../../Source/Scripts/Items/Misc/Evil/EShadowFirePit.cs:
    CS0219: Line 43: The variable `version' is assigned but its value is never used
    CS0219: Line 78: The variable `version' is assigned but its value is never used
    CS0219: Line 111: The variable `version' is assigned but its value is never used
 + ../../Source/Scripts/Items/Misc/Evil/EGlobeOfSosaria.cs:
    CS0219: Line 43: The variable `version' is assigned but its value is never used
    CS0219: Line 76: The variable `version' is assigned but its value is never used
    CS0219: Line 110: The variable `version' is assigned but its value is never used
 + ../../Source/Scripts/Items/Misc/Evil/ESpikeColumn.cs:
    CS0219: Line 43: The variable `version' is assigned but its value is never used
    CS0219: Line 73: The variable `version' is assigned but its value is never used
    CS0219: Line 107: The variable `version' is assigned but its value is never used
 + ../../Source/Scripts/Items/Misc/Evil/EShadowFirePitCross.cs:
    CS0219: Line 43: The variable `version' is assigned but its value is never used
    CS0219: Line 78: The variable `version' is assigned but its value is never used
    CS0219: Line 111: The variable `version' is assigned but its value is never used
 + ../../Source/Scripts/Items/Misc/Evil/ESpikePostEast.cs:
    CS0219: Line 43: The variable `version' is assigned but its value is never used
    CS0219: Line 73: The variable `version' is assigned but its value is never used
    CS0219: Line 106: The variable `version' is assigned but its value is never used
 + ../../Source/Scripts/Items/Misc/Evil/EShadowPillar.cs:
    CS0219: Line 43: The variable `version' is assigned but its value is never used
    CS0219: Line 73: The variable `version' is assigned but its value is never used
    CS0219: Line 106: The variable `version' is assigned but its value is never used
 + ../../Source/Scripts/Items/Misc/Evil/EShadowBanner.cs:
    CS0219: Line 43: The variable `version' is assigned but its value is never used
    CS0219: Line 81: The variable `version' is assigned but its value is never used
    CS0219: Line 177: The variable `version' is assigned but its value is never used
 + ../../Source/Scripts/Items/Misc/Evil/EObsidianRock.cs:
    CS0219: Line 43: The variable `version' is assigned but its value is never used
    CS0219: Line 73: The variable `version' is assigned but its value is never used
    CS0219: Line 106: The variable `version' is assigned but its value is never used
 + ../../Source/Scripts/Items/Misc/Evil/EObsidianPillar.cs:
    CS0219: Line 43: The variable `version' is assigned but its value is never used
    CS0219: Line 73: The variable `version' is assigned but its value is never used
    CS0219: Line 106: The variable `version' is assigned but its value is never used
 + ../../Source/Scripts/Items/Misc/Evil/ESpikePostSouth.cs:
    CS0219: Line 43: The variable `version' is assigned but its value is never used
    CS0219: Line 73: The variable `version' is assigned but its value is never used
    CS0219: Line 107: The variable `version' is assigned but its value is never used
 + ../../Source/Scripts/Items/Misc/Evil/EShadowAltar.cs:
    CS0219: Line 43: The variable `version' is assigned but its value is never used
    CS0219: Line 81: The variable `version' is assigned but its value is never used
    CS0219: Line 177: The variable `version' is assigned but its value is never used
 + ../../Source/Scripts/Items/Misc/Mounts/DeathKnightWarhorse.cs:
    CS0219: Line 39: The variable `version' is assigned but its value is never used
 + ../../Source/Scripts/Items/Misc/Mounts/NecroHorse.cs:
    CS0219: Line 39: The variable `version' is assigned but its value is never used
 + ../../Source/Scripts/Items/Misc/Mounts/Warhorse.cs:
    CS0219: Line 41: The variable `version' is assigned but its value is never used
 + ../../Source/Scripts/Items/Misc/Mounts/DaemonMount.cs:
    CS0219: Line 40: The variable `version' is assigned but its value is never used
 + ../../Source/Scripts/Items/Misc/Mounts/PaladinWarhorse.cs:
    CS0219: Line 39: The variable `version' is assigned but its value is never used
 + ../../Source/Scripts/Items/Misc/Scrolls/ScrollofTranscendence.cs:
    CS0219: Line 148: The variable `version' is assigned but its value is never used
 + ../../Source/Scripts/Items/Misc/Scrolls/ScrollofAlacrity.cs:
    CS0219: Line 178: The variable `version' is assigned but its value is never used
 + ../../Source/Scripts/Items/Misc/Facial/Beard.cs:
    CS0219: Line 69: The variable `version' is assigned but its value is never used
    CS0219: Line 100: The variable `version' is assigned but its value is never used
    CS0219: Line 132: The variable `version' is assigned but its value is never used
    CS0219: Line 164: The variable `version' is assigned but its value is never used
    CS0219: Line 196: The variable `version' is assigned but its value is never used
    CS0219: Line 228: The variable `version' is assigned but its value is never used
    CS0219: Line 260: The variable `version' is assigned but its value is never used
    CS0219: Line 292: The variable `version' is assigned but its value is never used
    CS0219: Line 324: The variable `version' is assigned but its value is never used
 + ../../Source/Scripts/Items/Misc/Facial/Hair.cs:
    CS0219: Line 113: The variable `version' is assigned but its value is never used
    CS0219: Line 146: The variable `version' is assigned but its value is never used
    CS0219: Line 179: The variable `version' is assigned but its value is never used
    CS0219: Line 212: The variable `version' is assigned but its value is never used
    CS0219: Line 245: The variable `version' is assigned but its value is never used
    CS0219: Line 278: The variable `version' is assigned but its value is never used
    CS0219: Line 311: The variable `version' is assigned but its value is never used
    CS0219: Line 344: The variable `version' is assigned but its value is never used
    CS0219: Line 377: The variable `version' is assigned but its value is never used
    CS0219: Line 410: The variable `version' is assigned but its value is never used
    CS0219: Line 443: The variable `version' is assigned but its value is never used
    CS0219: Line 476: The variable `version' is assigned but its value is never used
 + ../../Source/Scripts/Items/Misc/Crystal/ECrystalThrone.cs:
    CS0219: Line 43: The variable `version' is assigned but its value is never used
    CS0219: Line 79: The variable `version' is assigned but its value is never used
    CS0219: Line 177: The variable `version' is assigned but its value is never used
 + ../../Source/Scripts/Items/Misc/Crystal/ECrystalBrazier.cs:
    CS0219: Line 44: The variable `version' is assigned but its value is never used
    CS0219: Line 74: The variable `version' is assigned but its value is never used
    CS0219: Line 108: The variable `version' is assigned but its value is never used
 + ../../Source/Scripts/Items/Misc/Crystal/ECrystalTable.cs:
    CS0219: Line 43: The variable `version' is assigned but its value is never used
    CS0219: Line 81: The variable `version' is assigned but its value is never used
    CS0219: Line 179: The variable `version' is assigned but its value is never used
 + ../../Source/Scripts/Items/Misc/Crystal/ECrystalSupplicantStatue.cs:
    CS0219: Line 43: The variable `version' is assigned but its value is never used
    CS0219: Line 79: The variable `version' is assigned but its value is never used
    CS0219: Line 177: The variable `version' is assigned but its value is never used
 + ../../Source/Scripts/Items/Misc/Crystal/ECrystalBeggarStatue.cs:
    CS0219: Line 43: The variable `version' is assigned but its value is never used
    CS0219: Line 79: The variable `version' is assigned but its value is never used
    CS0219: Line 177: The variable `version' is assigned but its value is never used
 + ../../Source/Scripts/Items/Misc/Crystal/ECrystalAltar.cs:
    CS0219: Line 43: The variable `version' is assigned but its value is never used
    CS0219: Line 76: The variable `version' is assigned but its value is never used
    CS0219: Line 110: The variable `version' is assigned but its value is never used
 + ../../Source/Scripts/Items/Misc/Crystal/ECrystalBull.cs:
    CS0219: Line 43: The variable `version' is assigned but its value is never used
    CS0219: Line 81: The variable `version' is assigned but its value is never used
    CS0219: Line 179: The variable `version' is assigned but its value is never used
 + ../../Source/Scripts/Items/Misc/Crystal/ECrystalRunnerStatue.cs:
    CS0219: Line 43: The variable `version' is assigned but its value is never used
    CS0219: Line 79: The variable `version' is assigned but its value is never used
    CS0219: Line 177: The variable `version' is assigned but its value is never used
 + ../../Source/Scripts/Items/Misc/Christmas/Snowflakes.cs:
    CS0219: Line 31: The variable `version' is assigned but its value is never used
    CS0219: Line 59: The variable `version' is assigned but its value is never used
 + ../../Source/Scripts/Items/Misc/Christmas/HolidayTreesNew.cs:
    CS0219: Line 46: The variable `version' is assigned but its value is never used
    CS0219: Line 103: The variable `version' is assigned but its value is never used
    CS0219: Line 160: The variable `version' is assigned but its value is never used
    CS0219: Line 192: The variable `version' is assigned but its value is never used
    CS0219: Line 250: The variable `version' is assigned but its value is never used
    CS0219: Line 308: The variable `version' is assigned but its value is never used
    CS0219: Line 346: The variable `version' is assigned but its value is never used
    CS0219: Line 382: The variable `version' is assigned but its value is never used
    CS0219: Line 418: The variable `version' is assigned but its value is never used
    CS0219: Line 454: The variable `version' is assigned but its value is never used
    CS0219: Line 490: The variable `version' is assigned but its value is never used
    CS0219: Line 526: The variable `version' is assigned but its value is never used
    CS0219: Line 569: The variable `version' is assigned but its value is never used
 + ../../Source/Scripts/Items/Misc/Christmas/GiftBox.cs:
    CS0219: Line 38: The variable `version' is assigned but its value is never used
 + ../../Source/Scripts/Items/Misc/Christmas/SnowPiles.cs:
    CS0219: Line 39: The variable `version' is assigned but its value is never used
 + ../../Source/Scripts/Items/Misc/Christmas/HolidayGiftBoxes.cs:
    CS0219: Line 72: The variable `version' is assigned but its value is never used
    CS0219: Line 101: The variable `version' is assigned but its value is never used
    CS0219: Line 130: The variable `version' is assigned but its value is never used
    CS0219: Line 159: The variable `version' is assigned but its value is never used
    CS0219: Line 188: The variable `version' is assigned but its value is never used
    CS0219: Line 218: The variable `version' is assigned but its value is never used
 + ../../Source/Scripts/Items/Misc/Christmas/RibbonTrees.cs:
    CS0219: Line 38: The variable `version' is assigned but its value is never used
    CS0219: Line 75: The variable `version' is assigned but its value is never used
 + ../../Source/Scripts/Items/Misc/Christmas/IcyPatch.cs:
    CS0219: Line 123: The variable `version' is assigned but its value is never used
 + ../../Source/Scripts/Items/Misc/Christmas/WinterGiftPackage2003.cs:
    CS0219: Line 34: The variable `version' is assigned but its value is never used
 + ../../Source/Scripts/Items/Misc/Christmas/HolidayBells.cs:
    CS0219: Line 158: The variable `version' is assigned but its value is never used
 + ../../Source/Scripts/Items/Misc/Christmas/GingerBreadHouseDeed.cs:
    CS0219: Line 33: The variable `version' is assigned but its value is never used
    CS0219: Line 62: The variable `version' is assigned but its value is never used
 + ../../Source/Scripts/Items/Misc/Christmas/Poinsettias.cs:
    CS0219: Line 31: The variable `version' is assigned but its value is never used
    CS0219: Line 59: The variable `version' is assigned but its value is never used
 + ../../Source/Scripts/Items/Misc/Christmas/PKHolidayStuff.cs:
    CS0219: Line 33: The variable `version' is assigned but its value is never used
    CS0219: Line 64: The variable `version' is assigned but its value is never used
    CS0219: Line 90: The variable `version' is assigned but its value is never used
 + ../../Source/Scripts/Items/Misc/Christmas/HolidayTree.cs:
    CS0219: Line 30: The variable `version' is assigned but its value is never used
    CS0219: Line 67: The variable `version' is assigned but its value is never used
 + ../../Source/Scripts/Items/Misc/Christmas/HolidayBell.cs:
    CS0219: Line 101: The variable `version' is assigned but its value is never used
 + ../../Source/Scripts/Items/Misc/Christmas/Icecicles.cs:
    CS0219: Line 29: The variable `version' is assigned but its value is never used
    CS0219: Line 56: The variable `version' is assigned but its value is never used
    CS0219: Line 83: The variable `version' is assigned but its value is never used
    CS0219: Line 110: The variable `version' is assigned but its value is never used
    CS0219: Line 137: The variable `version' is assigned but its value is never used
    CS0219: Line 164: The variable `version' is assigned but its value is never used
 + ../../Source/Scripts/Items/Misc/Christmas/HolidayFoods.cs:
    CS0219: Line 107: The variable `version' is assigned but its value is never used
    CS0219: Line 162: The variable `version' is assigned but its value is never used
 + ../../Source/Scripts/Items/Misc/Christmas/HolidayTreeFlat.cs:
    CS0219: Line 75: The variable `version' is assigned but its value is never used
    CS0219: Line 124: The variable `version' is assigned but its value is never used
 + ../../Source/Scripts/Items/Misc/Christmas/Stockings.cs:
    CS0219: Line 28: The variable `version' is assigned but its value is never used
    CS0219: Line 54: The variable `version' is assigned but its value is never used
 + ../../Source/Scripts/Items/Misc/Christmas/Wreath.cs:
    CS0219: Line 51: The variable `version' is assigned but its value is never used
    CS0219: Line 203: The variable `version' is assigned but its value is never used
 + ../../Source/Scripts/Items/Misc/Market/CherryBlossomTree.cs:
    CS0219: Line 31: The variable `version' is assigned but its value is never used
    CS0219: Line 60: The variable `version' is assigned but its value is never used
 + ../../Source/Scripts/Items/Misc/Market/SuitOfSilverArmor.cs:
    CS0219: Line 29: The variable `version' is assigned but its value is never used
    CS0219: Line 58: The variable `version' is assigned but its value is never used
    CS0219: Line 88: The variable `version' is assigned but its value is never used
 + ../../Source/Scripts/Items/Misc/Market/BlueFancyRug.cs:
    CS0219: Line 38: The variable `version' is assigned but its value is never used
    CS0219: Line 68: The variable `version' is assigned but its value is never used
 + ../../Source/Scripts/Items/Misc/Market/FruitTrees.cs:
    CS0219: Line 98: The variable `version' is assigned but its value is never used
    CS0219: Line 134: The variable `version' is assigned but its value is never used
    CS0219: Line 172: The variable `version' is assigned but its value is never used
    CS0219: Line 203: The variable `version' is assigned but its value is never used
    CS0219: Line 241: The variable `version' is assigned but its value is never used
 + ../../Source/Scripts/Items/Misc/Market/HangingSwords.cs:
    CS0219: Line 42: The variable `version' is assigned but its value is never used
    CS0219: Line 90: The variable `version' is assigned but its value is never used
 + ../../Source/Scripts/Items/Misc/Market/SmallFishingNet.cs:
    CS0219: Line 29: The variable `version' is assigned but its value is never used
    CS0219: Line 58: The variable `version' is assigned but its value is never used
    CS0219: Line 88: The variable `version' is assigned but its value is never used
 + ../../Source/Scripts/Items/Misc/Market/Curtains.cs:
    CS0219: Line 69: The variable `version' is assigned but its value is never used
    CS0219: Line 125: The variable `version' is assigned but its value is never used
    CS0219: Line 173: The variable `version' is assigned but its value is never used
 + ../../Source/Scripts/Items/Misc/Market/AppleTrunk.cs:
    CS0219: Line 30: The variable `version' is assigned but its value is never used
    CS0219: Line 60: The variable `version' is assigned but its value is never used
 + ../../Source/Scripts/Items/Misc/Market/RedPlainRug.cs:
    CS0219: Line 38: The variable `version' is assigned but its value is never used
    CS0219: Line 68: The variable `version' is assigned but its value is never used
 + ../../Source/Scripts/Items/Misc/Market/TableWithBlueCloth.cs:
    CS0219: Line 30: The variable `version' is assigned but its value is never used
    CS0219: Line 60: The variable `version' is assigned but its value is never used
 + ../../Source/Scripts/Items/Misc/Market/TableWithRedCloth.cs:
    CS0219: Line 30: The variable `version' is assigned but its value is never used
    CS0219: Line 60: The variable `version' is assigned but its value is never used
 + ../../Source/Scripts/Items/Misc/Market/CinnamonFancyRug.cs:
    CS0219: Line 38: The variable `version' is assigned but its value is never used
    CS0219: Line 68: The variable `version' is assigned but its value is never used
 + ../../Source/Scripts/Items/Misc/Market/UnmadeBed.cs:
    CS0219: Line 46: The variable `version' is assigned but its value is never used
    CS0219: Line 94: The variable `version' is assigned but its value is never used
 + ../../Source/Scripts/Items/Misc/Market/GoldenDecorativeRug.cs:
    CS0219: Line 38: The variable `version' is assigned but its value is never used
    CS0219: Line 68: The variable `version' is assigned but its value is never used
 + ../../Source/Scripts/Items/Misc/Market/BlueDecorativeRug.cs:
    CS0219: Line 38: The variable `version' is assigned but its value is never used
    CS0219: Line 68: The variable `version' is assigned but its value is never used
 + ../../Source/Scripts/Items/Misc/Market/Guillotine.cs:
    CS0219: Line 32: The variable `version' is assigned but its value is never used
    CS0219: Line 77: The variable `version' is assigned but its value is never used
    CS0219: Line 170: The variable `version' is assigned but its value is never used
 + ../../Source/Scripts/Items/Misc/Market/TableWithOrangeCloth.cs:
    CS0219: Line 30: The variable `version' is assigned but its value is never used
    CS0219: Line 60: The variable `version' is assigned but its value is never used
 + ../../Source/Scripts/Items/Misc/Market/LargeFishingNet.cs:
    CS0219: Line 29: The variable `version' is assigned but its value is never used
    CS0219: Line 58: The variable `version' is assigned but its value is never used
    CS0219: Line 88: The variable `version' is assigned but its value is never used
 + ../../Source/Scripts/Items/Misc/Market/BoilingCauldron.cs:
    CS0219: Line 35: The variable `version' is assigned but its value is never used
    CS0219: Line 65: The variable `version' is assigned but its value is never used
 + ../../Source/Scripts/Items/Misc/Market/CherryBlossomTrunk.cs:
    CS0219: Line 30: The variable `version' is assigned but its value is never used
    CS0219: Line 60: The variable `version' is assigned but its value is never used
 + ../../Source/Scripts/Items/Misc/Market/HouseLadder.cs:
    CS0219: Line 67: The variable `version' is assigned but its value is never used
    CS0219: Line 115: The variable `version' is assigned but its value is never used
 + ../../Source/Scripts/Items/Misc/Market/HangingAxes.cs:
    CS0219: Line 42: The variable `version' is assigned but its value is never used
    CS0219: Line 90: The variable `version' is assigned but its value is never used
 + ../../Source/Scripts/Items/Misc/Market/BluePlainRug.cs:
    CS0219: Line 38: The variable `version' is assigned but its value is never used
    CS0219: Line 68: The variable `version' is assigned but its value is never used
 + ../../Source/Scripts/Items/Misc/Market/TableWithPurpleCloth.cs:
    CS0219: Line 30: The variable `version' is assigned but its value is never used
    CS0219: Line 60: The variable `version' is assigned but its value is never used
 + ../../Source/Scripts/Items/Misc/Market/Vanity.cs:
    CS0219: Line 43: The variable `version' is assigned but its value is never used
    CS0219: Line 91: The variable `version' is assigned but its value is never used
 + ../../Source/Scripts/Items/Misc/Market/PeachTrunk.cs:
    CS0219: Line 30: The variable `version' is assigned but its value is never used
    CS0219: Line 60: The variable `version' is assigned but its value is never used
 + ../../Source/Scripts/Items/Misc/Market/PinkFancyRug.cs:
    CS0219: Line 38: The variable `version' is assigned but its value is never used
    CS0219: Line 68: The variable `version' is assigned but its value is never used
 + ../../Source/Scripts/Items/Misc/Market/SuitOfGoldArmor.cs:
    CS0219: Line 29: The variable `version' is assigned but its value is never used
    CS0219: Line 58: The variable `version' is assigned but its value is never used
    CS0219: Line 88: The variable `version' is assigned but its value is never used
 + ../../Source/Scripts/Items/Misc/Market/IronMaiden.cs:
    CS0219: Line 50: The variable `version' is assigned but its value is never used
    CS0219: Line 132: The variable `version' is assigned but its value is never used
 + ../../Source/Scripts/Items/Misc/Market/WallTorch.cs:
    CS0219: Line 50: The variable `version' is assigned but its value is never used
    CS0219: Line 78: The variable `version' is assigned but its value is never used
    CS0219: Line 108: The variable `version' is assigned but its value is never used
 + ../../Source/Scripts/Items/Misc/Market/Fountain.cs:
    CS0219: Line 29: The variable `version' is assigned but its value is never used
    CS0219: Line 59: The variable `version' is assigned but its value is never used
 + ../../Source/Scripts/Items/Misc/Market/WoodenCoffin.cs:
    CS0219: Line 31: The variable `version' is assigned but its value is never used
    CS0219: Line 71: The variable `version' is assigned but its value is never used
    CS0219: Line 119: The variable `version' is assigned but its value is never used
 + ../../Source/Scripts/Items/Misc/Market/Statue.cs:
    CS0219: Line 44: The variable `version' is assigned but its value is never used
    CS0219: Line 101: The variable `version' is assigned but its value is never used
 + ../../Source/Scripts/Items/Misc/Market/Scarecrow.cs:
    CS0219: Line 29: The variable `version' is assigned but its value is never used
    CS0219: Line 58: The variable `version' is assigned but its value is never used
    CS0219: Line 88: The variable `version' is assigned but its value is never used
 + ../../Source/Scripts/Items/Misc/Dyes/Essence/EssenceOrb.cs:
    CS0219: Line 78: The variable `targets' is assigned but its value is never used
    CS0219: Line 139: The variable `version' is assigned but its value is never used
 + ../../Source/Scripts/Items/Misc/Dyes/Essence/EssenceBase.cs:
    CS0219: Line 81: The variable `reg' is assigned but its value is never used
    CS0219: Line 220: The variable `version' is assigned but its value is never used
 + ../../Source/Scripts/Items/Misc/Dyes/MagicalDyes.cs:
    CS0219: Line 122: The variable `version' is assigned but its value is never used
 + ../../Source/Scripts/Items/Misc/Dyes/AllDyeTubsBookSpell.cs:
    CS0219: Line 120: The variable `version' is assigned but its value is never used
 + ../../Source/Scripts/Items/Misc/Dyes/BlazeDyeTub.cs:
    CS0219: Line 30: The variable `version' is assigned but its value is never used
 + ../../Source/Scripts/Items/Misc/Dyes/AllDyeTubsWeapon.cs:
    CS0219: Line 120: The variable `version' is assigned but its value is never used
 + ../../Source/Scripts/Items/Misc/Dyes/WhiteDyeTub.cs:
    CS0219: Line 31: The variable `version' is assigned but its value is never used
 + ../../Source/Scripts/Items/Misc/Dyes/HueStone.cs:
    CS0219: Line 247: The variable `version' is assigned but its value is never used
 + ../../Source/Scripts/Items/Misc/Dyes/AssassinDyeTub.cs:
    CS0219: Line 47: The variable `version' is assigned but its value is never used
 + ../../Source/Scripts/Items/Misc/Dyes/AllDyeTubsFurniture.cs:
    CS0219: Line 120: The variable `version' is assigned but its value is never used
 + ../../Source/Scripts/Items/Misc/Dyes/BlackDyeTub.cs:
    CS0219: Line 29: The variable `version' is assigned but its value is never used
 + ../../Source/Scripts/Items/Misc/Dyes/AllDyeTubsMountEthereal.cs:
    CS0219: Line 120: The variable `version' is assigned but its value is never used
 + ../../Source/Scripts/Items/Misc/Dyes/AllDyeTubsArmor.cs:
    CS0219: Line 120: The variable `version' is assigned but its value is never used
 + ../../Source/Scripts/Items/Misc/Dyes/UnusualDyes.cs:
    CS0219: Line 133: The variable `version' is assigned but its value is never used
 + ../../Source/Scripts/Items/Misc/Dyes/AllDyeTubsBookRune.cs:
    CS0219: Line 120: The variable `version' is assigned but its value is never used
 + ../../Source/Scripts/Items/Misc/Translocation/PowderOfTranslocation.cs:
    CS0219: Line 122: The variable `version' is assigned but its value is never used
 + ../../Source/Scripts/Items/Misc/Translocation/BraceletOfBinding.cs:
    CS0219: Line 33: The variable `version' is assigned but its value is never used
 + ../../Source/Scripts/Items/Misc/Rugs/RoseSouthSmallAddon.cs:
    CS0219: Line 45: The variable `version' is assigned but its value is never used
    CS0219: Line 79: The variable `version' is assigned but its value is never used
 + ../../Source/Scripts/Items/Misc/Rugs/RoseEastSmallAddon.cs:
    CS0219: Line 45: The variable `version' is assigned but its value is never used
    CS0219: Line 79: The variable `version' is assigned but its value is never used
 + ../../Source/Scripts/Items/Misc/Rugs/RoseEastLargeAddon.cs:
    CS0219: Line 50: The variable `version' is assigned but its value is never used
    CS0219: Line 84: The variable `version' is assigned but its value is never used
 + ../../Source/Scripts/Items/Misc/Rugs/RoseSouthLargeAddon.cs:
    CS0219: Line 52: The variable `version' is assigned but its value is never used
    CS0219: Line 86: The variable `version' is assigned but its value is never used
 + ../../Source/Scripts/Items/Misc/PlayerVendorDeed.cs:
    CS0219: Line 34: The variable `version' is assigned but its value is never used
 + ../../Source/Scripts/Items/Misc/WornHumanDeco.cs:
    CS0219: Line 31: The variable `version' is assigned but its value is never used
    CS0219: Line 64: The variable `version' is assigned but its value is never used
    CS0219: Line 97: The variable `version' is assigned but its value is never used
 + ../../Source/Scripts/Items/Misc/BulletinBoards.cs:
    CS0219: Line 33: The variable `version' is assigned but its value is never used
 + ../../Source/Scripts/Items/Misc/SpecialJars.cs:
    CS0219: Line 38: The variable `version' is assigned but its value is never used
 + ../../Source/Scripts/Items/Misc/Firebomb.cs:
    CS0219: Line 43: The variable `version' is assigned but its value is never used
 + ../../Source/Scripts/Items/Misc/PowerCrystal.cs:
    CS0219: Line 107: The variable `version' is assigned but its value is never used
 + ../../Source/Scripts/Items/Misc/Scales.cs:
    CS0219: Line 30: The variable `version' is assigned but its value is never used
 + ../../Source/Scripts/Items/Misc/ArcaneGem.cs:
    CS0219: Line 230: The variable `version' is assigned but its value is never used
 + ../../Source/Scripts/Items/Misc/PowerGenerator.cs:
    CS0219: Line 53: The variable `version' is assigned but its value is never used
    CS0219: Line 560: The variable `version' is assigned but its value is never used
 + ../../Source/Scripts/Items/Misc/Blood.cs:
    CS0219: Line 37: The variable `version' is assigned but its value is never used
 + ../../Source/Scripts/Items/Misc/Blocker.cs:
    CS0219: Line 41: The variable `version' is assigned but its value is never used
 + ../../Source/Scripts/Items/Misc/Origami.cs:
    CS0219: Line 60: The variable `version' is assigned but its value is never used
    CS0219: Line 89: The variable `version' is assigned but its value is never used
    CS0219: Line 120: The variable `version' is assigned but its value is never used
    CS0219: Line 151: The variable `version' is assigned but its value is never used
    CS0219: Line 182: The variable `version' is assigned but its value is never used
    CS0219: Line 213: The variable `version' is assigned but its value is never used
    CS0219: Line 244: The variable `version' is assigned but its value is never used
 + ../../Source/Scripts/Items/Misc/TrashChest.cs:
    CS0219: Line 47: The variable `version' is assigned but its value is never used
 + ../../Source/Scripts/Items/Misc/MusicBox.cs:
    CS0219: Line 109: The variable `version' is assigned but its value is never used
 + ../../Source/Scripts/Items/Misc/PromotionalToken.cs:
    CS0219: Line 71: The variable `version' is assigned but its value is never used
    CS0219: Line 155: The variable `version' is assigned but its value is never used
 + ../../Source/Scripts/Items/Misc/SwarmOfFlies.cs:
    CS0219: Line 34: The variable `version' is assigned but its value is never used
 + ../../Source/Scripts/Items/Misc/SpecialBeardDye.cs:
    CS0219: Line 34: The variable `version' is assigned but its value is never used
 + ../../Source/Scripts/Items/Misc/ClockworkAssembly.cs:
    CS0219: Line 131: The variable `version' is assigned but its value is never used
 + ../../Source/Scripts/Items/Misc/HomePlants.cs:
    CS0219: Line 67: The variable `version' is assigned but its value is never used
    CS0219: Line 135: The variable `version' is assigned but its value is never used
    CS0219: Line 193: The variable `version' is assigned but its value is never used
    CS0219: Line 259: The variable `version' is assigned but its value is never used
    CS0219: Line 343: The variable `HomePlantID' is assigned but its value is never used
    CS0219: Line 344: The variable `HomePlantName' is assigned but its value is never used
    CS0219: Line 400: The variable `version' is assigned but its value is never used
    CS0219: Line 430: The variable `version' is assigned but its value is never used
    CS0219: Line 458: The variable `version' is assigned but its value is never used
    CS0219: Line 486: The variable `version' is assigned but its value is never used
 + ../../Source/Scripts/Items/Misc/HairDye.cs:
    CS0219: Line 33: The variable `version' is assigned but its value is never used
 + ../../Source/Scripts/Items/Misc/SerpentPillar.cs:
    CS0219: Line 119: The variable `version' is assigned but its value is never used
 + ../../Source/Scripts/Items/Misc/BolaBall.cs:
    CS0219: Line 36: The variable `version' is assigned but its value is never used
 + ../../Source/Scripts/Items/Misc/DruidMirror.cs:
    CS0219: Line 29: The variable `version' is assigned but its value is never used
 + ../../Source/Scripts/Items/Misc/Guillotine.cs:
    CS0219: Line 107: The variable `version' is assigned but its value is never used
 + ../../Source/Scripts/Items/Misc/EffectItem.cs:
    CS0219: Line 72: The variable `version' is assigned but its value is never used
 + ../../Source/Scripts/Items/Misc/AltarGods.cs:
    CS0219: Line 60: The variable `version' is assigned but its value is never used
    CS0219: Line 113: The variable `version' is assigned but its value is never used
    CS0219: Line 166: The variable `version' is assigned but its value is never used
    CS0219: Line 219: The variable `version' is assigned but its value is never used
    CS0219: Line 272: The variable `version' is assigned but its value is never used
    CS0219: Line 326: The variable `version' is assigned but its value is never used
    CS0219: Line 372: The variable `version' is assigned but its value is never used
    CS0219: Line 417: The variable `version' is assigned but its value is never used
    CS0219: Line 473: The variable `version' is assigned but its value is never used
    CS0219: Line 520: The variable `version' is assigned but its value is never used
    CS0219: Line 567: The variable `version' is assigned but its value is never used
    CS0219: Line 620: The variable `version' is assigned but its value is never used
 + ../../Source/Scripts/Items/Misc/TrashBarrel.cs:
    CS0219: Line 40: The variable `version' is assigned but its value is never used
 + ../../Source/Scripts/Items/Misc/PlayerBulletinBoards.cs:
    CS0219: Line 39: The variable `version' is assigned but its value is never used
    CS0219: Line 68: The variable `version' is assigned but its value is never used
 + ../../Source/Scripts/Items/Misc/Telescope.cs:
    CS0219: Line 62: The variable `version' is assigned but its value is never used
    CS0219: Line 105: The variable `version' is assigned but its value is never used
 + ../../Source/Scripts/Items/Misc/ResurrectTile.cs:
    CS0219: Line 50: The variable `version' is assigned but its value is never used
 + ../../Source/Scripts/Items/Misc/GlassItems.cs:
    CS0219: Line 31: The variable `version' is assigned but its value is never used
    CS0219: Line 60: The variable `version' is assigned but its value is never used
    CS0219: Line 89: The variable `version' is assigned but its value is never used
    CS0219: Line 118: The variable `version' is assigned but its value is never used
    CS0219: Line 147: The variable `version' is assigned but its value is never used
    CS0219: Line 176: The variable `version' is assigned but its value is never used
    CS0219: Line 204: The variable `version' is assigned but its value is never used
    CS0219: Line 232: The variable `version' is assigned but its value is never used
    CS0219: Line 260: The variable `version' is assigned but its value is never used
    CS0219: Line 288: The variable `version' is assigned but its value is never used
    CS0219: Line 316: The variable `version' is assigned but its value is never used
    CS0219: Line 344: The variable `version' is assigned but its value is never used
    CS0219: Line 372: The variable `version' is assigned but its value is never used
    CS0219: Line 400: The variable `version' is assigned but its value is never used
    CS0219: Line 428: The variable `version' is assigned but its value is never used
    CS0219: Line 456: The variable `version' is assigned but its value is never used
    CS0219: Line 484: The variable `version' is assigned but its value is never used
    CS0219: Line 512: The variable `version' is assigned but its value is never used
    CS0219: Line 540: The variable `version' is assigned but its value is never used
    CS0219: Line 568: The variable `version' is assigned but its value is never used
    CS0219: Line 596: The variable `version' is assigned but its value is never used
    CS0219: Line 624: The variable `version' is assigned but its value is never used
    CS0219: Line 652: The variable `version' is assigned but its value is never used
    CS0219: Line 680: The variable `version' is assigned but its value is never used
    CS0219: Line 708: The variable `version' is assigned but its value is never used
    CS0219: Line 736: The variable `version' is assigned but its value is never used
    CS0219: Line 764: The variable `version' is assigned but its value is never used
    CS0219: Line 792: The variable `version' is assigned but its value is never used
    CS0219: Line 820: The variable `version' is assigned but its value is never used
    CS0219: Line 848: The variable `version' is assigned but its value is never used
    CS0219: Line 876: The variable `version' is assigned but its value is never used
    CS0219: Line 904: The variable `version' is assigned but its value is never used
    CS0219: Line 932: The variable `version' is assigned but its value is never used
    CS0219: Line 960: The variable `version' is assigned but its value is never used
    CS0219: Line 988: The variable `version' is assigned but its value is never used
    CS0219: Line 1016: The variable `version' is assigned but its value is never used
    CS0219: Line 1044: The variable `version' is assigned but its value is never used
    CS0219: Line 1073: The variable `version' is assigned but its value is never used
    CS0219: Line 1102: The variable `version' is assigned but its value is never used
    CS0219: Line 1130: The variable `version' is assigned but its value is never used
    CS0219: Line 1158: The variable `version' is assigned but its value is never used
    CS0219: Line 1186: The variable `version' is assigned but its value is never used
    CS0219: Line 1214: The variable `version' is assigned but its value is never used
 + ../../Source/Scripts/Items/Misc/IvoryTusk.cs:
    CS0219: Line 29: The variable `version' is assigned but its value is never used
 + ../../Source/Scripts/Items/Misc/MegalodonTooth.cs:
    CS0219: Line 29: The variable `version' is assigned but its value is never used
 + ../../Source/Scripts/Items/Misc/CommunicationCrystals.cs:
    CS0219: Line 314: The variable `version' is assigned but its value is never used
    CS0219: Line 513: The variable `version' is assigned but its value is never used
 + ../../Source/Scripts/Items/Misc/Bola.cs:
    CS0219: Line 188: The variable `version' is assigned but its value is never used
 + ../../Source/Scripts/Items/Misc/OilCloth.cs:
    CS0219: Line 135: The variable `version' is assigned but its value is never used
 + ../../Source/Scripts/Items/Misc/MagicForges.cs:
    CS0219: Line 627: The variable `shard1' is assigned but its value is never used
    CS0219: Line 628: The variable `shard2' is assigned but its value is never used
    CS0219: Line 629: The variable `shard3' is assigned but its value is never used
    CS0219: Line 776: The variable `mod' is assigned but its value is never used
    CS0219: Line 1040: The variable `version' is assigned but its value is never used
 + ../../Source/Scripts/Items/Misc/QuestSouvenir.cs:
    CS0219: Line 103: The variable `version' is assigned but its value is never used
 + ../../Source/Scripts/Items/Misc/KeyRing.cs:
    CS0219: Line 202: The variable `version' is assigned but its value is never used
 + ../../Source/Scripts/Items/Misc/SpecialHairDye.cs:
    CS0219: Line 37: The variable `version' is assigned but its value is never used
 + ../../Source/Scripts/Items/Misc/Gold.cs:
    CS0219: Line 71: The variable `version' is assigned but its value is never used
 + ../../Source/Scripts/Items/Misc/LifeFountain.cs:
    CS0219: Line 54: The variable `version' is assigned but its value is never used
 + ../../Source/Scripts/Items/Misc/Rares.cs:
    CS0219: Line 37: The variable `version' is assigned but its value is never used
    CS0219: Line 229: The variable `version' is assigned but its value is never used
    CS0219: Line 265: The variable `version' is assigned but its value is never used
    CS0219: Line 301: The variable `version' is assigned but its value is never used
    CS0219: Line 337: The variable `version' is assigned but its value is never used
    CS0219: Line 364: The variable `version' is assigned but its value is never used
    CS0219: Line 391: The variable `version' is assigned but its value is never used
    CS0219: Line 419: The variable `version' is assigned but its value is never used
    CS0219: Line 446: The variable `version' is assigned but its value is never used
    CS0219: Line 473: The variable `version' is assigned but its value is never used
    CS0219: Line 500: The variable `version' is assigned but its value is never used
    CS0219: Line 527: The variable `version' is assigned but its value is never used
    CS0219: Line 554: The variable `version' is assigned but its value is never used
    CS0219: Line 581: The variable `version' is assigned but its value is never used
    CS0219: Line 608: The variable `version' is assigned but its value is never used
    CS0219: Line 635: The variable `version' is assigned but its value is never used
    CS0219: Line 662: The variable `version' is assigned but its value is never used
    CS0219: Line 689: The variable `version' is assigned but its value is never used
    CS0219: Line 716: The variable `version' is assigned but its value is never used
 + ../../Source/Scripts/Items/Misc/Puke.cs:
    CS0219: Line 39: The variable `version' is assigned but its value is never used
 + ../../Source/Scripts/Items/Misc/WindChimes.cs:
    CS0219: Line 160: The variable `version' is assigned but its value is never used
    CS0219: Line 186: The variable `version' is assigned but its value is never used
 + ../../Source/Scripts/Items/Magical/Artifacts/Clothing/Back/Artifact_GrayMouserCloak.cs:
    CS0219: Line 35: The variable `version' is assigned but its value is never used
 + ../../Source/Scripts/Items/Magical/Artifacts/Clothing/Back/Artifact_PolarBearCloak.cs:
    CS0219: Line 36: The variable `version' is assigned but its value is never used
 + ../../Source/Scripts/Items/Magical/Artifacts/Clothing/Back/Artifact_EmbroideredOakLeafCloak.cs:
    CS0219: Line 38: The variable `version' is assigned but its value is never used
 + ../../Source/Scripts/Items/Magical/Artifacts/Clothing/Back/Artifact_FurCapeOfTheSorceress.cs:
    CS0219: Line 40: The variable `version' is assigned but its value is never used
 + ../../Source/Scripts/Items/Magical/Artifacts/Clothing/Foot/Artifact_DetectiveBoots.cs:
    CS0219: Line 37: The variable `version' is assigned but its value is never used
 + ../../Source/Scripts/Items/Magical/Artifacts/Clothing/Foot/Artifact_BootsofHydros.cs:
    CS0219: Line 44: The variable `version' is assigned but its value is never used
 + ../../Source/Scripts/Items/Magical/Artifacts/Clothing/Foot/Artifact_BootsofHermes.cs:
    CS0219: Line 44: The variable `version' is assigned but its value is never used
 + ../../Source/Scripts/Items/Magical/Artifacts/Clothing/Foot/Artifact_BootsofPyros.cs:
    CS0219: Line 44: The variable `version' is assigned but its value is never used
 + ../../Source/Scripts/Items/Magical/Artifacts/Clothing/Foot/Artifact_SprintersSandals.cs:
    CS0219: Line 44: The variable `version' is assigned but its value is never used
 + ../../Source/Scripts/Items/Magical/Artifacts/Clothing/Foot/Artifact_BootsofStratos.cs:
    CS0219: Line 44: The variable `version' is assigned but its value is never used
 + ../../Source/Scripts/Items/Magical/Artifacts/Clothing/Foot/Artifact_PadsOfTheCuSidhe.cs:
    CS0219: Line 30: The variable `version' is assigned but its value is never used
 + ../../Source/Scripts/Items/Magical/Artifacts/Clothing/Foot/Artifact_PolarBearBoots.cs:
    CS0219: Line 36: The variable `version' is assigned but its value is never used
 + ../../Source/Scripts/Items/Magical/Artifacts/Clothing/Foot/Artifact_BootsofLithos.cs:
    CS0219: Line 44: The variable `version' is assigned but its value is never used
 + ../../Source/Scripts/Items/Magical/Artifacts/Clothing/Outer/Artifact_ArcanicRobe.cs:
    CS0219: Line 39: The variable `version' is assigned but its value is never used
 + ../../Source/Scripts/Items/Magical/Artifacts/Clothing/Outer/Artifact_RobeOfTreason.cs:
    CS0219: Line 41: The variable `version' is assigned but its value is never used
 + ../../Source/Scripts/Items/Magical/Artifacts/Clothing/Outer/Artifact_RobeofStratos.cs:
    CS0219: Line 42: The variable `version' is assigned but its value is never used
 + ../../Source/Scripts/Items/Magical/Artifacts/Clothing/Outer/Artifact_RobeofLithos.cs:
    CS0219: Line 42: The variable `version' is assigned but its value is never used
 + ../../Source/Scripts/Items/Magical/Artifacts/Clothing/Outer/Artifact_GandalfsRobe.cs:
    CS0219: Line 40: The variable `version' is assigned but its value is never used
 + ../../Source/Scripts/Items/Magical/Artifacts/Clothing/Outer/Artifact_RobeOfTheEclipse.cs:
    CS0219: Line 39: The variable `version' is assigned but its value is never used
 + ../../Source/Scripts/Items/Magical/Artifacts/Clothing/Outer/Artifact_RobeofPyros.cs:
    CS0219: Line 42: The variable `version' is assigned but its value is never used
 + ../../Source/Scripts/Items/Magical/Artifacts/Clothing/Outer/Artifact_GrimReapersRobe.cs:
    CS0219: Line 38: The variable `version' is assigned but its value is never used
 + ../../Source/Scripts/Items/Magical/Artifacts/Clothing/Outer/Artifact_RobeOfTeleportation.cs:
    CS0219: Line 50: The variable `version' is assigned but its value is never used
 + ../../Source/Scripts/Items/Magical/Artifacts/Clothing/Outer/Artifact_SamaritanRobe.cs:
    CS0219: Line 37: The variable `version' is assigned but its value is never used
 + ../../Source/Scripts/Items/Magical/Artifacts/Clothing/Outer/Artifact_HoodedShroudOfShadows.cs:
    CS0219: Line 31: The variable `version' is assigned but its value is never used
 + ../../Source/Scripts/Items/Magical/Artifacts/Clothing/Outer/Artifact_AcidProofRobe.cs:
    CS0219: Line 88: The variable `version' is assigned but its value is never used
 + ../../Source/Scripts/Items/Magical/Artifacts/Clothing/Outer/Artifact_RobeOfTheEquinox.cs:
    CS0219: Line 39: The variable `version' is assigned but its value is never used
 + ../../Source/Scripts/Items/Magical/Artifacts/Clothing/Outer/Artifact_TheRobeOfBritanniaAri.cs:
    CS0219: Line 36: The variable `version' is assigned but its value is never used
 + ../../Source/Scripts/Items/Magical/Artifacts/Clothing/Outer/Artifact_ANecromancerShroud.cs:
    CS0219: Line 39: The variable `version' is assigned but its value is never used
 + ../../Source/Scripts/Items/Magical/Artifacts/Clothing/Outer/Artifact_BeggarsRobe.cs:
    CS0219: Line 34: The variable `version' is assigned but its value is never used
 + ../../Source/Scripts/Items/Magical/Artifacts/Clothing/Outer/Artifact_RobeofHydros.cs:
    CS0219: Line 42: The variable `version' is assigned but its value is never used
 + ../../Source/Scripts/Items/Magical/Artifacts/Clothing/Head/Artifact_RobinHoodsFeatheredHat.cs:
    CS0219: Line 34: The variable `version' is assigned but its value is never used
 + ../../Source/Scripts/Items/Magical/Artifacts/Clothing/Head/Artifact_CrownOfTalKeesh.cs:
    CS0219: Line 46: The variable `version' is assigned but its value is never used
 + ../../Source/Scripts/Items/Magical/Artifacts/Clothing/Head/Artifact_MantleofHydros.cs:
    CS0219: Line 42: The variable `version' is assigned but its value is never used
 + ../../Source/Scripts/Items/Magical/Artifacts/Clothing/Head/Artifact_CaptainJohnsHat.cs:
    CS0219: Line 48: The variable `version' is assigned but its value is never used
 + ../../Source/Scripts/Items/Magical/Artifacts/Clothing/Head/Artifact_MantleofPyros.cs:
    CS0219: Line 42: The variable `version' is assigned but its value is never used
 + ../../Source/Scripts/Items/Magical/Artifacts/Clothing/Head/Artifact_BurglarsBandana.cs:
    CS0219: Line 42: The variable `version' is assigned but its value is never used
 + ../../Source/Scripts/Items/Magical/Artifacts/Clothing/Head/Artifact_HuntersHeaddress.cs:
    CS0219: Line 38: The variable `version' is assigned but its value is never used
 + ../../Source/Scripts/Items/Magical/Artifacts/Clothing/Head/Artifact_MantleofLithos.cs:
    CS0219: Line 42: The variable `version' is assigned but its value is never used
 + ../../Source/Scripts/Items/Magical/Artifacts/Clothing/Head/Artifact_JesterHatofChuckles.cs:
    CS0219: Line 39: The variable `version' is assigned but its value is never used
 + ../../Source/Scripts/Items/Magical/Artifacts/Clothing/Head/Artifact_KodiakBearMask.cs:
    CS0219: Line 33: The variable `version' is assigned but its value is never used
 + ../../Source/Scripts/Items/Magical/Artifacts/Clothing/Head/Artifact_GandalfsHat.cs:
    CS0219: Line 39: The variable `version' is assigned but its value is never used
 + ../../Source/Scripts/Items/Magical/Artifacts/Clothing/Head/Artifact_MantleofStratos.cs:
    CS0219: Line 42: The variable `version' is assigned but its value is never used
 + ../../Source/Scripts/Items/Magical/Artifacts/Clothing/Head/Artifact_HatOfTheMagi.cs:
    CS0219: Line 37: The variable `version' is assigned but its value is never used
 + ../../Source/Scripts/Items/Magical/Artifacts/Clothing/Head/Artifact_GrimReapersMask.cs:
    CS0219: Line 40: The variable `version' is assigned but its value is never used
 + ../../Source/Scripts/Items/Magical/Artifacts/Clothing/Waist/Artifact_GeishasObi.cs:
    CS0219: Line 43: The variable `version' is assigned but its value is never used
 + ../../Source/Scripts/Items/Magical/Artifacts/Clothing/Waist/Artifact_BeltofHercules.cs:
    CS0219: Line 34: The variable `version' is assigned but its value is never used
 + ../../Source/Scripts/Items/Magical/Artifacts/Clothing/Waist/Artifact_CrimsonCincture.cs:
    CS0219: Line 33: The variable `version' is assigned but its value is never used
 + ../../Source/Scripts/Items/Magical/Artifacts/Clothing/Waist/Artifact_ConansLoinCloth.cs:
    CS0219: Line 34: The variable `version' is assigned but its value is never used
 + ../../Source/Scripts/Items/Magical/Artifacts/Clothing/Chest/Artifact_LieutenantOfTheBritannianRoyalGuard.cs:
    CS0219: Line 35: The variable `version' is assigned but its value is never used
 + ../../Source/Scripts/Items/Magical/Artifacts/Clothing/Chest/Artifact_JinBaoriOfGoodfFortune.cs:
    CS0219: Line 38: The variable `version' is assigned but its value is never used
 + ../../Source/Scripts/Items/Magical/Artifacts/Shields/Artifact_AchillesShield.cs:
    CS0219: Line 41: The variable `version' is assigned but its value is never used
 + ../../Source/Scripts/Items/Magical/Artifacts/Shields/Artifact_DupresShield.cs:
    CS0219: Line 45: The variable `version' is assigned but its value is never used
 + ../../Source/Scripts/Items/Magical/Artifacts/Shields/Artifact_ArcaneShield.cs:
    CS0219: Line 36: The variable `version' is assigned but its value is never used
 + ../../Source/Scripts/Items/Magical/Artifacts/Shields/Artifact_ShieldOfInvulnerability.cs:
    CS0219: Line 44: The variable `version' is assigned but its value is never used
 + ../../Source/Scripts/Items/Magical/Artifacts/Weapons/Bows/Artifact_TheDryadBow.cs:
    CS0219: Line 42: The variable `version' is assigned but its value is never used
 + ../../Source/Scripts/Items/Magical/Artifacts/Weapons/Bows/Artifact_SilvanisFeywoodBow.cs:
    CS0219: Line 46: The variable `version' is assigned but its value is never used
 + ../../Source/Scripts/Items/Magical/Artifacts/Weapons/Bows/Artifact_BowOfTheJukaKing.cs:
    CS0219: Line 39: The variable `version' is assigned but its value is never used
 + ../../Source/Scripts/Items/Magical/Artifacts/Weapons/Bows/Artifact_RobinHoodsBow.cs:
    CS0219: Line 39: The variable `version' is assigned but its value is never used
 + ../../Source/Scripts/Items/Magical/Artifacts/Weapons/Bows/Artifact_NoxBow.cs:
    CS0219: Line 57: The variable `version' is assigned but its value is never used
 + ../../Source/Scripts/Items/Magical/Artifacts/Weapons/Bows/Artifact_LongShot.cs:
    CS0219: Line 50: The variable `version' is assigned but its value is never used
 + ../../Source/Scripts/Items/Magical/Artifacts/Weapons/Bows/Artifact_Windsong.cs:
    CS0219: Line 41: The variable `version' is assigned but its value is never used
 + ../../Source/Scripts/Items/Magical/Artifacts/Weapons/Bows/Artifact_TheNightReaper.cs:
    CS0219: Line 43: The variable `version' is assigned but its value is never used
 + ../../Source/Scripts/Items/Magical/Artifacts/Weapons/Bows/Artifact_BowofthePhoenix.cs:
    CS0219: Line 40: The variable `version' is assigned but its value is never used
 + ../../Source/Scripts/Items/Magical/Artifacts/Weapons/Bows/Artifact_AilricsLongbow.cs:
    CS0219: Line 40: The variable `version' is assigned but its value is never used
 + ../../Source/Scripts/Items/Magical/Artifacts/Weapons/Bows/Artifact_NoxRangersHeavyCrossbow.cs:
    CS0219: Line 50: The variable `version' is assigned but its value is never used
 + ../../Source/Scripts/Items/Magical/Artifacts/Weapons/Bows/Artifact_Frostbringer.cs:
    CS0219: Line 47: The variable `version' is assigned but its value is never used
 + ../../Source/Scripts/Items/Magical/Artifacts/Weapons/Bows/Artifact_WildfireBow.cs:
    CS0219: Line 46: The variable `version' is assigned but its value is never used
 + ../../Source/Scripts/Items/Magical/Artifacts/Weapons/Bows/Artifact_RoyalArchersBow.cs:
    CS0219: Line 53: The variable `version' is assigned but its value is never used
 + ../../Source/Scripts/Items/Magical/Artifacts/Weapons/Bows/Artifact_ShaminoCrossbow.cs:
    CS0219: Line 38: The variable `version' is assigned but its value is never used
 + ../../Source/Scripts/Items/Magical/Artifacts/Weapons/Bows/Artifact_BlightGrippedLongbow.cs:
    CS0219: Line 38: The variable `version' is assigned but its value is never used
 + ../../Source/Scripts/Items/Magical/Artifacts/Weapons/Axes/Artifact_MadmansHatchet.cs:
    CS0219: Line 49: The variable `version' is assigned but its value is never used
 + ../../Source/Scripts/Items/Magical/Artifacts/Weapons/Axes/Artifact_AxeOfTheHeavens.cs:
    CS0219: Line 39: The variable `version' is assigned but its value is never used
 + ../../Source/Scripts/Items/Magical/Artifacts/Weapons/Axes/Artifact_AxeoftheMinotaur.cs:
    CS0219: Line 39: The variable `version' is assigned but its value is never used
 + ../../Source/Scripts/Items/Magical/Artifacts/Weapons/Axes/Artifact_LegacyOfTheDreadLord.cs:
    CS0219: Line 39: The variable `version' is assigned but its value is never used
 + ../../Source/Scripts/Items/Magical/Artifacts/Weapons/Axes/Artifact_TalonBite.cs:
    CS0219: Line 47: The variable `version' is assigned but its value is never used
 + ../../Source/Scripts/Items/Magical/Artifacts/Weapons/Axes/Artifact_KamiNarisIndestructableDoubleAxe.cs:
    CS0219: Line 46: The variable `version' is assigned but its value is never used
 + ../../Source/Scripts/Items/Magical/Artifacts/Weapons/Axes/Artifact_Annihilation.cs:
    CS0219: Line 53: The variable `version' is assigned but its value is never used
 + ../../Source/Scripts/Items/Magical/Artifacts/Weapons/Axes/Artifact_BlazeOfDeath.cs:
    CS0219: Line 49: The variable `version' is assigned but its value is never used
 + ../../Source/Scripts/Items/Magical/Artifacts/Weapons/Axes/Artifact_Calm.cs:
    CS0219: Line 44: The variable `version' is assigned but its value is never used
 + ../../Source/Scripts/Items/Magical/Artifacts/Weapons/Axes/Artifact_Quell.cs:
    CS0219: Line 47: The variable `version' is assigned but its value is never used
 + ../../Source/Scripts/Items/Magical/Artifacts/Weapons/Axes/Artifact_ZyronicClaw.cs:
    CS0219: Line 45: The variable `version' is assigned but its value is never used
 + ../../Source/Scripts/Items/Magical/Artifacts/Weapons/Bludgeoning/Artifact_ArcticDeathDealer.cs:
    CS0219: Line 48: The variable `version' is assigned but its value is never used
 + ../../Source/Scripts/Items/Magical/Artifacts/Weapons/Bludgeoning/Artifact_BoneCrusher.cs:
    CS0219: Line 37: The variable `version' is assigned but its value is never used
 + ../../Source/Scripts/Items/Magical/Artifacts/Weapons/Bludgeoning/Artifact_BelmontWhip.cs:
    CS0219: Line 42: The variable `version' is assigned but its value is never used
 + ../../Source/Scripts/Items/Magical/Artifacts/Weapons/Bludgeoning/Artifact_FalseGodsScepter.cs:
    CS0219: Line 45: The variable `version' is assigned but its value is never used
 + ../../Source/Scripts/Items/Magical/Artifacts/Weapons/Bludgeoning/Artifact_TheBeserkersMaul.cs:
    CS0219: Line 38: The variable `version' is assigned but its value is never used
 + ../../Source/Scripts/Items/Magical/Artifacts/Weapons/Bludgeoning/Artifact_GiantBlackjack.cs:
    CS0219: Line 40: The variable `version' is assigned but its value is never used
 + ../../Source/Scripts/Items/Magical/Artifacts/Weapons/Bludgeoning/Artifact_PixieSwatter.cs:
    CS0219: Line 51: The variable `version' is assigned but its value is never used
 + ../../Source/Scripts/Items/Magical/Artifacts/Weapons/Bludgeoning/Artifact_Bonesmasher.cs:
    CS0219: Line 41: The variable `version' is assigned but its value is never used
 + ../../Source/Scripts/Items/Magical/Artifacts/Weapons/Bludgeoning/Artifact_ShardTrasher.cs:
    CS0219: Line 41: The variable `version' is assigned but its value is never used
 + ../../Source/Scripts/Items/Magical/Artifacts/Weapons/Bludgeoning/Artifact_CavortingClub.cs:
    CS0219: Line 42: The variable `version' is assigned but its value is never used
 + ../../Source/Scripts/Items/Magical/Artifacts/Weapons/Bludgeoning/Artifact_TitansHammer.cs:
    CS0219: Line 39: The variable `version' is assigned but its value is never used
 + ../../Source/Scripts/Items/Magical/Artifacts/Weapons/Bludgeoning/Artifact_MaulOfTheTitans.cs:
    CS0219: Line 43: The variable `version' is assigned but its value is never used
 + ../../Source/Scripts/Items/Magical/Artifacts/Weapons/Bludgeoning/Artifact_HammerofThor.cs:
    CS0219: Line 59: The variable `version' is assigned but its value is never used
 + ../../Source/Scripts/Items/Magical/Artifacts/Weapons/Bludgeoning/Artifact_MelisandesCorrodedHatchet.cs:
    CS0219: Line 42: The variable `version' is assigned but its value is never used
 + ../../Source/Scripts/Items/Magical/Artifacts/Weapons/Bludgeoning/Artifact_MauloftheBeast.cs:
    CS0219: Line 50: The variable `version' is assigned but its value is never used
 + ../../Source/Scripts/Items/Magical/Artifacts/Weapons/Staffs/Artifact_GandalfsStaff.cs:
    CS0219: Line 80: The variable `version' is assigned but its value is never used
 + ../../Source/Scripts/Items/Magical/Artifacts/Weapons/Staffs/Artifact_Boomstick.cs:
    CS0219: Line 46: The variable `version' is assigned but its value is never used
 + ../../Source/Scripts/Items/Magical/Artifacts/Weapons/Staffs/Artifact_StaffofSnakes.cs:
    CS0219: Line 75: The variable `version' is assigned but its value is never used
 + ../../Source/Scripts/Items/Magical/Artifacts/Weapons/Staffs/Artifact_StaffOfTheMagi.cs:
    CS0219: Line 47: The variable `version' is assigned but its value is never used
 + ../../Source/Scripts/Items/Magical/Artifacts/Weapons/Staffs/Artifact_WrathOfTheDryad.cs:
    CS0219: Line 45: The variable `version' is assigned but its value is never used
 + ../../Source/Scripts/Items/Magical/Artifacts/Weapons/Staffs/Artifact_PhantomStaff.cs:
    CS0219: Line 44: The variable `version' is assigned but its value is never used
 + ../../Source/Scripts/Items/Magical/Artifacts/Weapons/Staffs/Artifact_StaffOfPower.cs:
    CS0219: Line 41: The variable `version' is assigned but its value is never used
 + ../../Source/Scripts/Items/Magical/Artifacts/Weapons/Fencing/Artifact_NightsKiss.cs:
    CS0219: Line 41: The variable `version' is assigned but its value is never used
 + ../../Source/Scripts/Items/Magical/Artifacts/Weapons/Fencing/Artifact_FesteringWound.cs:
    CS0219: Line 55: The variable `version' is assigned but its value is never used
 + ../../Source/Scripts/Items/Magical/Artifacts/Weapons/Fencing/Artifact_MagiciansIllusion.cs:
    CS0219: Line 54: The variable `version' is assigned but its value is never used
 + ../../Source/Scripts/Items/Magical/Artifacts/Weapons/Fencing/Artifact_RamusNecromanticScalpel.cs:
    CS0219: Line 42: The variable `version' is assigned but its value is never used
 + ../../Source/Scripts/Items/Magical/Artifacts/Weapons/Fencing/Artifact_TheTaskmaster.cs:
    CS0219: Line 44: The variable `version' is assigned but its value is never used
 + ../../Source/Scripts/Items/Magical/Artifacts/Weapons/Fencing/Artifact_LunaLance.cs:
    CS0219: Line 41: The variable `version' is assigned but its value is never used
 + ../../Source/Scripts/Items/Magical/Artifacts/Weapons/Fencing/Artifact_TheDragonSlayer.cs:
    CS0219: Line 47: The variable `version' is assigned but its value is never used
 + ../../Source/Scripts/Items/Magical/Artifacts/Weapons/Fencing/Artifact_RuneCarvingKnife.cs:
    CS0219: Line 41: The variable `version' is assigned but its value is never used
 + ../../Source/Scripts/Items/Magical/Artifacts/Weapons/Fencing/Artifact_RaedsGlory.cs:
    CS0219: Line 44: The variable `version' is assigned but its value is never used
 + ../../Source/Scripts/Items/Magical/Artifacts/Weapons/Fencing/Artifact_EnchantedTitanLegBone.cs:
    CS0219: Line 42: The variable `version' is assigned but its value is never used
 + ../../Source/Scripts/Items/Magical/Artifacts/Weapons/Fencing/Artifact_Retort.cs:
    CS0219: Line 44: The variable `version' is assigned but its value is never used
 + ../../Source/Scripts/Items/Magical/Artifacts/Weapons/Fencing/Artifact_Pacify.cs:
    CS0219: Line 46: The variable `version' is assigned but its value is never used
 + ../../Source/Scripts/Items/Magical/Artifacts/Weapons/Fencing/Artifact_DaggerOfVenom.cs:
    CS0219: Line 53: The variable `version' is assigned but its value is never used
 + ../../Source/Scripts/Items/Magical/Artifacts/Weapons/Fencing/Artifact_SerpentsFang.cs:
    CS0219: Line 49: The variable `version' is assigned but its value is never used
 + ../../Source/Scripts/Items/Magical/Artifacts/Weapons/Fencing/Artifact_FangOfRactus.cs:
    CS0219: Line 48: The variable `version' is assigned but its value is never used
 + ../../Source/Scripts/Items/Magical/Artifacts/Weapons/Fencing/Artifact_AchillesSpear.cs:
    CS0219: Line 39: The variable `version' is assigned but its value is never used
 + ../../Source/Scripts/Items/Magical/Artifacts/Weapons/Fencing/Artifact_OblivionsNeedle.cs:
    CS0219: Line 44: The variable `version' is assigned but its value is never used
 + ../../Source/Scripts/Items/Magical/Artifacts/Weapons/Fencing/Artifact_DarkLordsPitchfork.cs:
    CS0219: Line 48: The variable `version' is assigned but its value is never used
 + ../../Source/Scripts/Items/Magical/Artifacts/Weapons/Fencing/Artifact_RoyalGuardSurvivalKnife.cs:
    CS0219: Line 44: The variable `version' is assigned but its value is never used
 + ../../Source/Scripts/Items/Magical/Artifacts/Weapons/Swordsmanship/Artifact_MinersPickaxe.cs:
    CS0219: Line 51: The variable `version' is assigned but its value is never used
 + ../../Source/Scripts/Items/Magical/Artifacts/Weapons/Swordsmanship/Artifact_TownGuardsHalberd.cs:
    CS0219: Line 42: The variable `version' is assigned but its value is never used
 + ../../Source/Scripts/Items/Magical/Artifacts/Weapons/Swordsmanship/Artifact_HolySword.cs:
    CS0219: Line 37: The variable `version' is assigned but its value is never used
 + ../../Source/Scripts/Items/Magical/Artifacts/Weapons/Swordsmanship/Artifact_GlassSword.cs:
    CS0219: Line 43: The variable `version' is assigned but its value is never used
 + ../../Source/Scripts/Items/Magical/Artifacts/Weapons/Swordsmanship/Artifact_SinbadsSword.cs:
    CS0219: Line 43: The variable `version' is assigned but its value is never used
 + ../../Source/Scripts/Items/Magical/Artifacts/Weapons/Swordsmanship/Artifact_JadeScimitar.cs:
    CS0219: Line 39: The variable `version' is assigned but its value is never used
 + ../../Source/Scripts/Items/Magical/Artifacts/Weapons/Swordsmanship/Artifact_RighteousAnger.cs:
    CS0219: Line 42: The variable `version' is assigned but its value is never used
 + ../../Source/Scripts/Items/Magical/Artifacts/Weapons/Swordsmanship/Artifact_SoulSeeker.cs:
    CS0219: Line 50: The variable `version' is assigned but its value is never used
 + ../../Source/Scripts/Items/Magical/Artifacts/Weapons/Swordsmanship/Artifact_LuminousRuneBlade.cs:
    CS0219: Line 47: The variable `version' is assigned but its value is never used
 + ../../Source/Scripts/Items/Magical/Artifacts/Weapons/Swordsmanship/Artifact_SwiftStrike.cs:
    CS0219: Line 46: The variable `version' is assigned but its value is never used
 + ../../Source/Scripts/Items/Magical/Artifacts/Weapons/Swordsmanship/Artifact_AngerOfTheGods.cs:
    CS0219: Line 54: The variable `version' is assigned but its value is never used
 + ../../Source/Scripts/Items/Magical/Artifacts/Weapons/Swordsmanship/Artifact_CaptainQuacklebushsCutlass.cs:
    CS0219: Line 40: The variable `version' is assigned but its value is never used
 + ../../Source/Scripts/Items/Magical/Artifacts/Weapons/Swordsmanship/Artifact_OverseerSunderedBlade.cs:
    CS0219: Line 47: The variable `version' is assigned but its value is never used
 + ../../Source/Scripts/Items/Magical/Artifacts/Weapons/Swordsmanship/Artifact_BladeOfInsanity.cs:
    CS0219: Line 39: The variable `version' is assigned but its value is never used
 + ../../Source/Scripts/Items/Magical/Artifacts/Weapons/Swordsmanship/Artifact_DragonSlayer.cs:
    CS0219: Line 49: The variable `version' is assigned but its value is never used
 + ../../Source/Scripts/Items/Magical/Artifacts/Weapons/Swordsmanship/Artifact_Excalibur.cs:
    CS0219: Line 42: The variable `version' is assigned but its value is never used
 + ../../Source/Scripts/Items/Magical/Artifacts/Weapons/Swordsmanship/Artifact_BladeOfTheRighteous.cs:
    CS0219: Line 41: The variable `version' is assigned but its value is never used
 + ../../Source/Scripts/Items/Magical/Artifacts/Weapons/Swordsmanship/Artifact_Stormbringer.cs:
    CS0219: Line 40: The variable `version' is assigned but its value is never used
 + ../../Source/Scripts/Items/Magical/Artifacts/Weapons/Swordsmanship/Artifact_Shadowblade.cs:
    CS0219: Line 51: The variable `version' is assigned but its value is never used
 + ../../Source/Scripts/Items/Magical/Artifacts/Weapons/Swordsmanship/Artifact_ConansSword.cs:
    CS0219: Line 41: The variable `version' is assigned but its value is never used
 + ../../Source/Scripts/Items/Magical/Artifacts/Weapons/Swordsmanship/Artifact_Subdue.cs:
    CS0219: Line 47: The variable `version' is assigned but its value is never used
 + ../../Source/Scripts/Items/Magical/Artifacts/Weapons/Swordsmanship/Artifact_FleshRipper.cs:
    CS0219: Line 47: The variable `version' is assigned but its value is never used
 + ../../Source/Scripts/Items/Magical/Artifacts/Weapons/Swordsmanship/Artifact_BraveKnightOfTheBritannia.cs:
    CS0219: Line 52: The variable `version' is assigned but its value is never used
 + ../../Source/Scripts/Items/Magical/Artifacts/Weapons/Swordsmanship/Artifact_GrimReapersScythe.cs:
    CS0219: Line 44: The variable `version' is assigned but its value is never used
 + ../../Source/Scripts/Items/Magical/Artifacts/Weapons/Swordsmanship/Artifact_BladeDance.cs:
    CS0219: Line 41: The variable `version' is assigned but its value is never used
 + ../../Source/Scripts/Items/Magical/Artifacts/Weapons/Swordsmanship/Artifact_Fury.cs:
    CS0219: Line 51: The variable `version' is assigned but its value is never used
 + ../../Source/Scripts/Items/Magical/Artifacts/Weapons/Swordsmanship/Artifact_ColdBlood.cs:
    CS0219: Line 46: The variable `version' is assigned but its value is never used
 + ../../Source/Scripts/Items/Magical/Artifacts/Weapons/Swordsmanship/Artifact_BreathOfTheDead.cs:
    CS0219: Line 38: The variable `version' is assigned but its value is never used
 + ../../Source/Scripts/Items/Magical/Artifacts/Weapons/Swordsmanship/Artifact_FortunateBlades.cs:
    CS0219: Line 44: The variable `version' is assigned but its value is never used
 + ../../Source/Scripts/Items/Magical/Artifacts/Weapons/Swordsmanship/Artifact_ColdForgedBlade.cs:
    CS0219: Line 45: The variable `version' is assigned but its value is never used
 + ../../Source/Scripts/Items/Magical/Artifacts/Weapons/Swordsmanship/Artifact_VampiricDaisho.cs:
    CS0219: Line 43: The variable `version' is assigned but its value is never used
 + ../../Source/Scripts/Items/Magical/Artifacts/Weapons/Artifact_RodOfResurrection.cs:
    CS0219: Line 191: The variable `version' is assigned but its value is never used
    CS0414: Line 156: The private field `Server.Items.Artifact_RodOfResurrection.InternalTarget.m_Owner' is assigned but its value is never used
 + ../../Source/Scripts/Items/Magical/Artifacts/Books/Artifact_StratosManual.cs:
    CS0219: Line 65: The variable `version' is assigned but its value is never used
 + ../../Source/Scripts/Items/Magical/Artifacts/Books/Artifact_OssianGrimoire.cs:
    CS0219: Line 42: The variable `version' is assigned but its value is never used
 + ../../Source/Scripts/Items/Magical/Artifacts/Books/Artifact_BookOfKnowledge.cs:
    CS0219: Line 59: The variable `version' is assigned but its value is never used
 + ../../Source/Scripts/Items/Magical/Artifacts/Books/Artifact_PyrosGrimoire.cs:
    CS0219: Line 65: The variable `version' is assigned but its value is never used
 + ../../Source/Scripts/Items/Magical/Artifacts/Books/Artifact_LithosTome.cs:
    CS0219: Line 65: The variable `version' is assigned but its value is never used
 + ../../Source/Scripts/Items/Magical/Artifacts/Books/Artifact_HydrosLexicon.cs:
    CS0219: Line 65: The variable `version' is assigned but its value is never used
 + ../../Source/Scripts/Items/Magical/Artifacts/Jewelry/Artifact_OrnamentOfTheMagician.cs:
    CS0219: Line 39: The variable `version' is assigned but its value is never used
 + ../../Source/Scripts/Items/Magical/Artifacts/Jewelry/Artifact_ResillientBracer.cs:
    CS0219: Line 39: The variable `version' is assigned but its value is never used
 + ../../Source/Scripts/Items/Magical/Artifacts/Jewelry/Artifact_EarringsOfTheMagician.cs:
    CS0219: Line 36: The variable `version' is assigned but its value is never used
 + ../../Source/Scripts/Items/Magical/Artifacts/Jewelry/Artifact_LuckyEarrings.cs:
    CS0219: Line 39: The variable `version' is assigned but its value is never used
 + ../../Source/Scripts/Items/Magical/Artifacts/Jewelry/Artifact_MagesBand.cs:
    CS0219: Line 36: The variable `version' is assigned but its value is never used
 + ../../Source/Scripts/Items/Magical/Artifacts/Jewelry/Artifact_RingOfTheMagician.cs:
    CS0219: Line 39: The variable `version' is assigned but its value is never used
 + ../../Source/Scripts/Items/Magical/Artifacts/Jewelry/Artifact_BraceletOfTheElements.cs:
    CS0219: Line 36: The variable `version' is assigned but its value is never used
 + ../../Source/Scripts/Items/Magical/Artifacts/Jewelry/Artifact_BraceletOfTheVile.cs:
    CS0219: Line 35: The variable `version' is assigned but its value is never used
 + ../../Source/Scripts/Items/Magical/Artifacts/Jewelry/Artifact_EarringsOfHealth.cs:
    CS0219: Line 32: The variable `version' is assigned but its value is never used
 + ../../Source/Scripts/Items/Magical/Artifacts/Jewelry/Artifact_EarringsOfProtection.cs:
    CS0219: Line 37: The variable `version' is assigned but its value is never used
 + ../../Source/Scripts/Items/Magical/Artifacts/Jewelry/Artifact_RingOfTheVile.cs:
    CS0219: Line 38: The variable `version' is assigned but its value is never used
 + ../../Source/Scripts/Items/Magical/Artifacts/Jewelry/Artifact_EssenceOfBattle.cs:
    CS0219: Line 34: The variable `version' is assigned but its value is never used
 + ../../Source/Scripts/Items/Magical/Artifacts/Jewelry/Artifact_WarriorsClasp.cs:
    CS0219: Line 38: The variable `version' is assigned but its value is never used
 + ../../Source/Scripts/Items/Magical/Artifacts/Jewelry/Artifact_PendantOfTheMagi.cs:
    CS0219: Line 37: The variable `version' is assigned but its value is never used
 + ../../Source/Scripts/Items/Magical/Artifacts/Jewelry/Artifact_RingOfTheElements.cs:
    CS0219: Line 39: The variable `version' is assigned but its value is never used
 + ../../Source/Scripts/Items/Magical/Artifacts/Jewelry/Artifact_AlchemistsBauble.cs:
    CS0219: Line 37: The variable `version' is assigned but its value is never used
 + ../../Source/Scripts/Items/Magical/Artifacts/Jewelry/Artifact_EarringsOfTheVile.cs:
    CS0219: Line 35: The variable `version' is assigned but its value is never used
 + ../../Source/Scripts/Items/Magical/Artifacts/Jewelry/Artifact_RingOfHealth.cs:
    CS0219: Line 38: The variable `version' is assigned but its value is never used
 + ../../Source/Scripts/Items/Magical/Artifacts/Jewelry/Artifact_DjinnisRing.cs:
    CS0219: Line 35: The variable `version' is assigned but its value is never used
 + ../../Source/Scripts/Items/Magical/Artifacts/Jewelry/Artifact_BraceletOfHealth.cs:
    CS0219: Line 34: The variable `version' is assigned but its value is never used
 + ../../Source/Scripts/Items/Magical/Artifacts/Jewelry/Artifact_EarringsOfTheElements.cs:
    CS0219: Line 38: The variable `version' is assigned but its value is never used
 + ../../Source/Scripts/Items/Magical/Artifacts/Instruments/Artifact_IolosLute.cs:
    CS0219: Line 42: The variable `version' is assigned but its value is never used
 + ../../Source/Scripts/Items/Magical/Artifacts/Instruments/Artifact_GwennosHarp.cs:
    CS0219: Line 46: The variable `version' is assigned but its value is never used
 + ../../Source/Scripts/Items/Magical/Artifacts/Instruments/Artifact_HornOfKingTriton.cs:
    CS0219: Line 45: The variable `version' is assigned but its value is never used
 + ../../Source/Scripts/Items/Magical/Artifacts/Trinkets/Artifact_ShimmeringTalisman.cs:
    CS0219: Line 35: The variable `version' is assigned but its value is never used
 + ../../Source/Scripts/Items/Magical/Artifacts/Trinkets/Artifact_BloodwoodSpirit.cs:
    CS0219: Line 34: The variable `version' is assigned but its value is never used
 + ../../Source/Scripts/Items/Magical/Artifacts/Trinkets/Artifact_TotemOfVoid.cs:
    CS0219: Line 35: The variable `version' is assigned but its value is never used
 + ../../Source/Scripts/Items/Magical/Artifacts/Armor/ShadowDancer/Artifact_ShadowDancerLeggings.cs:
    CS0219: Line 43: The variable `version' is assigned but its value is never used
 + ../../Source/Scripts/Items/Magical/Artifacts/Armor/ShadowDancer/Artifact_ShadowDancerArms.cs:
    CS0219: Line 44: The variable `version' is assigned but its value is never used
 + ../../Source/Scripts/Items/Magical/Artifacts/Armor/ShadowDancer/Artifact_ShadowDancerGorget.cs:
    CS0219: Line 44: The variable `version' is assigned but its value is never used
 + ../../Source/Scripts/Items/Magical/Artifacts/Armor/ShadowDancer/Artifact_ShadowDancerTunic.cs:
    CS0219: Line 44: The variable `version' is assigned but its value is never used
 + ../../Source/Scripts/Items/Magical/Artifacts/Armor/ShadowDancer/Artifact_ShadowDancerCap.cs:
    CS0219: Line 43: The variable `version' is assigned but its value is never used
 + ../../Source/Scripts/Items/Magical/Artifacts/Armor/ShadowDancer/Artifact_ShadowDancerGloves.cs:
    CS0219: Line 44: The variable `version' is assigned but its value is never used
 + ../../Source/Scripts/Items/Magical/Artifacts/Armor/Nobility/Artifact_GauntletsOfNobility.cs:
    CS0219: Line 40: The variable `version' is assigned but its value is never used
 + ../../Source/Scripts/Items/Magical/Artifacts/Armor/Nobility/Artifact_ArmorOfNobility.cs:
    CS0219: Line 40: The variable `version' is assigned but its value is never used
 + ../../Source/Scripts/Items/Magical/Artifacts/Armor/Nobility/Artifact_ArmsOfNobility.cs:
    CS0219: Line 40: The variable `version' is assigned but its value is never used
 + ../../Source/Scripts/Items/Magical/Artifacts/Armor/Inquisitor/Artifact_InquisitorsArms.cs:
    CS0219: Line 42: The variable `version' is assigned but its value is never used
 + ../../Source/Scripts/Items/Magical/Artifacts/Armor/Inquisitor/Artifact_InquisitorsResolution.cs:
    CS0219: Line 42: The variable `version' is assigned but its value is never used
 + ../../Source/Scripts/Items/Magical/Artifacts/Armor/Inquisitor/Artifact_InquisitorsHelm.cs:
    CS0219: Line 42: The variable `version' is assigned but its value is never used
 + ../../Source/Scripts/Items/Magical/Artifacts/Armor/Inquisitor/Artifact_InquisitorsLegs.cs:
    CS0219: Line 42: The variable `version' is assigned but its value is never used
 + ../../Source/Scripts/Items/Magical/Artifacts/Armor/Inquisitor/Artifact_InquisitorsGorget.cs:
    CS0219: Line 42: The variable `version' is assigned but its value is never used
 + ../../Source/Scripts/Items/Magical/Artifacts/Armor/Inquisitor/Artifact_InquisitorsTunic.cs:
    CS0219: Line 42: The variable `version' is assigned but its value is never used
 + ../../Source/Scripts/Items/Magical/Artifacts/Armor/Harrower/Artifact_GlovesOfTheHarrower.cs:
    CS0219: Line 39: The variable `version' is assigned but its value is never used
 + ../../Source/Scripts/Items/Magical/Artifacts/Armor/Harrower/Artifact_TunicOfTheHarrower.cs:
    CS0219: Line 39: The variable `version' is assigned but its value is never used
 + ../../Source/Scripts/Items/Magical/Artifacts/Armor/Harrower/Artifact_ArmsOfTheHarrower.cs:
    CS0219: Line 39: The variable `version' is assigned but its value is never used
 + ../../Source/Scripts/Items/Magical/Artifacts/Armor/Arcane/Artifact_ArcaneTunic.cs:
    CS0219: Line 41: The variable `version' is assigned but its value is never used
 + ../../Source/Scripts/Items/Magical/Artifacts/Armor/Arcane/Artifact_ArcaneLeggings.cs:
    CS0219: Line 41: The variable `version' is assigned but its value is never used
 + ../../Source/Scripts/Items/Magical/Artifacts/Armor/Bane/Artifact_LeggingsOfBane.cs:
    CS0219: Line 40: The variable `version' is assigned but its value is never used
 + ../../Source/Scripts/Items/Magical/Artifacts/Armor/Bane/Artifact_CoifOfBane.cs:
    CS0219: Line 37: The variable `version' is assigned but its value is never used
 + ../../Source/Scripts/Items/Magical/Artifacts/Armor/Bane/Artifact_TunicOfBane.cs:
    CS0219: Line 37: The variable `version' is assigned but its value is never used
 + ../../Source/Scripts/Items/Magical/Artifacts/Armor/Hunters/Artifact_HuntersGorget.cs:
    CS0219: Line 41: The variable `version' is assigned but its value is never used
 + ../../Source/Scripts/Items/Magical/Artifacts/Armor/Hunters/Artifact_HuntersArms.cs:
    CS0219: Line 41: The variable `version' is assigned but its value is never used
 + ../../Source/Scripts/Items/Magical/Artifacts/Armor/Hunters/Artifact_HuntersTunic.cs:
    CS0219: Line 41: The variable `version' is assigned but its value is never used
 + ../../Source/Scripts/Items/Magical/Artifacts/Armor/Hunters/Artifact_HuntersLeggings.cs:
    CS0219: Line 41: The variable `version' is assigned but its value is never used
 + ../../Source/Scripts/Items/Magical/Artifacts/Armor/Hunters/Artifact_HuntersGloves.cs:
    CS0219: Line 41: The variable `version' is assigned but its value is never used
 + ../../Source/Scripts/Items/Magical/Artifacts/Armor/Divine/Artifact_DivineLeggings.cs:
    CS0219: Line 46: The variable `version' is assigned but its value is never used
 + ../../Source/Scripts/Items/Magical/Artifacts/Armor/Divine/Artifact_DivineTunic.cs:
    CS0219: Line 46: The variable `version' is assigned but its value is never used
 + ../../Source/Scripts/Items/Magical/Artifacts/Armor/Divine/Artifact_DivineGorget.cs:
    CS0219: Line 46: The variable `version' is assigned but its value is never used
 + ../../Source/Scripts/Items/Magical/Artifacts/Armor/Divine/Artifact_DivineGloves.cs:
    CS0219: Line 46: The variable `version' is assigned but its value is never used
 + ../../Source/Scripts/Items/Magical/Artifacts/Armor/Divine/Artifact_DivineCountenance.cs:
    CS0219: Line 42: The variable `version' is assigned but its value is never used
 + ../../Source/Scripts/Items/Magical/Artifacts/Armor/Divine/Artifact_DivineArms.cs:
    CS0219: Line 46: The variable `version' is assigned but its value is never used
 + ../../Source/Scripts/Items/Magical/Artifacts/Armor/Insight/Artifact_HelmOfInsight.cs:
    CS0219: Line 43: The variable `version' is assigned but its value is never used
 + ../../Source/Scripts/Items/Magical/Artifacts/Armor/Insight/Artifact_GorgetOfInsight.cs:
    CS0219: Line 42: The variable `version' is assigned but its value is never used
 + ../../Source/Scripts/Items/Magical/Artifacts/Armor/Insight/Artifact_ArmsOfInsight.cs:
    CS0219: Line 41: The variable `version' is assigned but its value is never used
 + ../../Source/Scripts/Items/Magical/Artifacts/Armor/Insight/Artifact_GlovesOfInsight.cs:
    CS0219: Line 41: The variable `version' is assigned but its value is never used
 + ../../Source/Scripts/Items/Magical/Artifacts/Armor/Insight/Artifact_ArmorOfInsight.cs:
    CS0219: Line 41: The variable `version' is assigned but its value is never used
 + ../../Source/Scripts/Items/Magical/Artifacts/Armor/Fire/Artifact_LeggingsOfFire.cs:
    CS0219: Line 41: The variable `version' is assigned but its value is never used
 + ../../Source/Scripts/Items/Magical/Artifacts/Armor/Fire/Artifact_CoifOfFire.cs:
    CS0219: Line 41: The variable `version' is assigned but its value is never used
 + ../../Source/Scripts/Items/Magical/Artifacts/Armor/FallenKing/Artifact_GlovesOfTheFallenKing.cs:
    CS0219: Line 41: The variable `version' is assigned but its value is never used
 + ../../Source/Scripts/Items/Magical/Artifacts/Armor/FallenKing/Artifact_VoiceOfTheFallenKing.cs:
    CS0219: Line 41: The variable `version' is assigned but its value is never used
 + ../../Source/Scripts/Items/Magical/Artifacts/Armor/FallenKing/Artifact_LegsOfTheFallenKing.cs:
    CS0219: Line 41: The variable `version' is assigned but its value is never used
 + ../../Source/Scripts/Items/Magical/Artifacts/Armor/FallenKing/Artifact_ArmsOfTheFallenKing.cs:
    CS0219: Line 41: The variable `version' is assigned but its value is never used
 + ../../Source/Scripts/Items/Magical/Artifacts/Armor/FallenKing/Artifact_CapOfTheFallenKing.cs:
    CS0219: Line 40: The variable `version' is assigned but its value is never used
 + ../../Source/Scripts/Items/Magical/Artifacts/Armor/FallenKing/Artifact_TunicOfTheFallenKing.cs:
    CS0219: Line 41: The variable `version' is assigned but its value is never used
 + ../../Source/Scripts/Items/Magical/Artifacts/Armor/Jackals/Artifact_JackalsLegging.cs:
    CS0219: Line 40: The variable `version' is assigned but its value is never used
 + ../../Source/Scripts/Items/Magical/Artifacts/Armor/Jackals/Artifact_JackalsHelm.cs:
    CS0219: Line 40: The variable `version' is assigned but its value is never used
 + ../../Source/Scripts/Items/Magical/Artifacts/Armor/Jackals/Artifact_JackalsTunic.cs:
    CS0219: Line 40: The variable `version' is assigned but its value is never used
 + ../../Source/Scripts/Items/Magical/Artifacts/Armor/Jackals/Artifact_JackalsCollar.cs:
    CS0219: Line 39: The variable `version' is assigned but its value is never used
 + ../../Source/Scripts/Items/Magical/Artifacts/Armor/Jackals/Artifact_JackalsArms.cs:
    CS0219: Line 40: The variable `version' is assigned but its value is never used
 + ../../Source/Scripts/Items/Magical/Artifacts/Armor/Jackals/Artifact_JackalsGloves.cs:
    CS0219: Line 40: The variable `version' is assigned but its value is never used
 + ../../Source/Scripts/Items/Magical/Artifacts/Armor/Totem/Artifact_TotemGloves.cs:
    CS0219: Line 40: The variable `version' is assigned but its value is never used
 + ../../Source/Scripts/Items/Magical/Artifacts/Armor/Totem/Artifact_TotemGorget.cs:
    CS0219: Line 40: The variable `version' is assigned but its value is never used
 + ../../Source/Scripts/Items/Magical/Artifacts/Armor/Totem/Artifact_TotemArms.cs:
    CS0219: Line 40: The variable `version' is assigned but its value is never used
 + ../../Source/Scripts/Items/Magical/Artifacts/Armor/Totem/Artifact_TotemLeggings.cs:
    CS0219: Line 40: The variable `version' is assigned but its value is never used
 + ../../Source/Scripts/Items/Magical/Artifacts/Armor/Totem/Artifact_TotemTunic.cs:
    CS0219: Line 40: The variable `version' is assigned but its value is never used
 + ../../Source/Scripts/Items/Magical/Artifacts/Armor/Fortune/Artifact_LegsOfFortune.cs:
    CS0219: Line 38: The variable `version' is assigned but its value is never used
 + ../../Source/Scripts/Items/Magical/Artifacts/Armor/Fortune/Artifact_GlovesOfFortune.cs:
    CS0219: Line 38: The variable `version' is assigned but its value is never used
 + ../../Source/Scripts/Items/Magical/Artifacts/Armor/Fortune/Artifact_ArmorOfFortune.cs:
    CS0219: Line 38: The variable `version' is assigned but its value is never used
 + ../../Source/Scripts/Items/Magical/Artifacts/Armor/Fortune/Artifact_GorgetOfFortune.cs:
    CS0219: Line 38: The variable `version' is assigned but its value is never used
 + ../../Source/Scripts/Items/Magical/Artifacts/Armor/Fortune/Artifact_ArmsOfFortune.cs:
    CS0219: Line 38: The variable `version' is assigned but its value is never used
 + ../../Source/Scripts/Items/Magical/Artifacts/Armor/Fortune/Artifact_CapOfFortune.cs:
    CS0219: Line 38: The variable `version' is assigned but its value is never used
 + ../../Source/Scripts/Items/Magical/Artifacts/Armor/Artifact_LeggingsOfEnlightenment.cs:
    CS0219: Line 48: The variable `version' is assigned but its value is never used
 + ../../Source/Scripts/Items/Magical/Artifacts/Armor/Artifact_FortifiedArms.cs:
    CS0219: Line 49: The variable `version' is assigned but its value is never used
 + ../../Source/Scripts/Items/Magical/Artifacts/Armor/Artifact_VioletCourage.cs:
    CS0219: Line 44: The variable `version' is assigned but its value is never used
 + ../../Source/Scripts/Items/Magical/Artifacts/Armor/Artifact_MagiciansMempo.cs:
    CS0219: Line 51: The variable `version' is assigned but its value is never used
 + ../../Source/Scripts/Items/Magical/Artifacts/Armor/Artifact_GladiatorsCollar.cs:
    CS0219: Line 51: The variable `version' is assigned but its value is never used
 + ../../Source/Scripts/Items/Magical/Artifacts/Armor/Artifact_AngelicEmbrace.cs:
    CS0219: Line 52: The variable `version' is assigned but its value is never used
 + ../../Source/Scripts/Items/Magical/Artifacts/Armor/Artifact_DupresCollar.cs:
    CS0219: Line 45: The variable `version' is assigned but its value is never used
 + ../../Source/Scripts/Items/Magical/Artifacts/Armor/Artifact_WizardsPants.cs:
    CS0219: Line 50: The variable `version' is assigned but its value is never used
 + ../../Source/Scripts/Items/Magical/Artifacts/Armor/Artifact_AbysmalGloves.cs:
    CS0219: Line 46: The variable `version' is assigned but its value is never used
 + ../../Source/Scripts/Items/Magical/Artifacts/Armor/Artifact_DarkGuardiansChest.cs:
    CS0219: Line 46: The variable `version' is assigned but its value is never used
 + ../../Source/Scripts/Items/Magical/Artifacts/Armor/Artifact_AegisOfGrace.cs:
    CS0219: Line 46: The variable `version' is assigned but its value is never used
 + ../../Source/Scripts/Items/Magical/Artifacts/Armor/Artifact_ArmsOfToxicity.cs:
    CS0219: Line 46: The variable `version' is assigned but its value is never used
 + ../../Source/Scripts/Items/Magical/Artifacts/Armor/Artifact_ShroudOfDeceit.cs:
    CS0219: Line 49: The variable `version' is assigned but its value is never used
 + ../../Source/Scripts/Items/Magical/Artifacts/Armor/Artifact_SamuraiHelm.cs:
    CS0219: Line 44: The variable `version' is assigned but its value is never used
 + ../../Source/Scripts/Items/Magical/Artifacts/Armor/Artifact_EvilMageGloves.cs:
    CS0219: Line 47: The variable `version' is assigned but its value is never used
 + ../../Source/Scripts/Items/Magical/Artifacts/Armor/Artifact_GlovesOfDexterity.cs:
    CS0219: Line 37: The variable `version' is assigned but its value is never used
 + ../../Source/Scripts/Items/Magical/Artifacts/Armor/Artifact_GlovesOfThePugilist.cs:
    CS0219: Line 43: The variable `version' is assigned but its value is never used
 + ../../Source/Scripts/Items/Magical/Artifacts/Armor/Artifact_DarkNeck.cs:
    CS0219: Line 46: The variable `version' is assigned but its value is never used
 + ../../Source/Scripts/Items/Magical/Artifacts/Armor/Artifact_BrambleCoat.cs:
    CS0219: Line 43: The variable `version' is assigned but its value is never used
 + ../../Source/Scripts/Items/Magical/Artifacts/Armor/Artifact_SongWovenMantle.cs:
    CS0219: Line 40: The variable `version' is assigned but its value is never used
 + ../../Source/Scripts/Items/Magical/Artifacts/Armor/Artifact_HelmOfSwiftness.cs:
    CS0219: Line 44: The variable `version' is assigned but its value is never used
 + ../../Source/Scripts/Items/Magical/Artifacts/Armor/Artifact_HeartOfTheLion.cs:
    CS0219: Line 46: The variable `version' is assigned but its value is never used
 + ../../Source/Scripts/Items/Magical/Artifacts/Armor/Artifact_CircletOfTheSorceress.cs:
    CS0219: Line 49: The variable `version' is assigned but its value is never used
 + ../../Source/Scripts/Items/Magical/Artifacts/Armor/Artifact_FeyLeggings.cs:
    CS0219: Line 47: The variable `version' is assigned but its value is never used
 + ../../Source/Scripts/Items/Magical/Artifacts/Armor/Artifact_SpellWovenBritches.cs:
    CS0219: Line 40: The variable `version' is assigned but its value is never used
 + ../../Source/Scripts/Items/Magical/Artifacts/Armor/Artifact_RoyalGuardsGorget.cs:
    CS0219: Line 49: The variable `version' is assigned but its value is never used
 + ../../Source/Scripts/Items/Magical/Artifacts/Armor/Artifact_ConansHelm.cs:
    CS0219: Line 39: The variable `version' is assigned but its value is never used
 + ../../Source/Scripts/Items/Magical/Artifacts/Armor/Artifact_RoyalGuardsChestplate.cs:
    CS0219: Line 48: The variable `version' is assigned but its value is never used
 + ../../Source/Scripts/Items/Magical/Artifacts/Armor/Artifact_HellForgedArms.cs:
    CS0219: Line 50: The variable `version' is assigned but its value is never used
 + ../../Source/Scripts/Items/Magical/Artifacts/Armor/Artifact_StitchersMittens.cs:
    CS0219: Line 40: The variable `version' is assigned but its value is never used
 + ../../Source/Scripts/Items/Magical/Artifacts/Armor/Artifact_GuantletsOfAnger.cs:
    CS0219: Line 47: The variable `version' is assigned but its value is never used
 + ../../Source/Scripts/Items/Magical/Artifacts/Armor/Artifact_YashimotosHatsuburi.cs:
    CS0219: Line 48: The variable `version' is assigned but its value is never used
 + ../../Source/Scripts/Items/Magical/Artifacts/Armor/Artifact_OrcishVisage.cs:
    CS0219: Line 45: The variable `version' is assigned but its value is never used
 + ../../Source/Scripts/Items/Magical/Artifacts/Armor/Artifact_DeathsMask.cs:
    CS0219: Line 48: The variable `version' is assigned but its value is never used
 + ../../Source/Scripts/Items/Magical/Artifacts/Armor/Artifact_HelmOfBrilliance.cs:
    CS0219: Line 55: The variable `version' is assigned but its value is never used
 + ../../Source/Scripts/Items/Magical/Artifacts/Armor/Artifact_LeggingsOfDeceit.cs:
    CS0219: Line 46: The variable `version' is assigned but its value is never used
 + ../../Source/Scripts/Items/Magical/Artifacts/Armor/Artifact_GlovesOfRegeneration.cs:
    CS0219: Line 46: The variable `version' is assigned but its value is never used
 + ../../Source/Scripts/Items/Magical/Artifacts/Armor/Artifact_IronwoodCrown.cs:
    CS0219: Line 42: The variable `version' is assigned but its value is never used
 + ../../Source/Scripts/Items/Magical/Artifacts/Armor/Artifact_LeggingsOfEmbers.cs:
    CS0219: Line 41: The variable `version' is assigned but its value is never used
 + ../../Source/Scripts/Items/Magical/Artifacts/Armor/Artifact_GlovesOfCorruption.cs:
    CS0219: Line 48: The variable `version' is assigned but its value is never used
 + ../../Source/Scripts/Items/Magical/Artifacts/Quivers/Artifact_QuiverOfBlight.cs:
    CS0219: Line 39: The variable `version' is assigned but its value is never used
 + ../../Source/Scripts/Items/Magical/Artifacts/Quivers/Artifact_QuiverOfElements.cs:
    CS0219: Line 43: The variable `version' is assigned but its value is never used
 + ../../Source/Scripts/Items/Magical/Artifacts/Quivers/Artifact_QuiverOfInfinity.cs:
    CS0219: Line 37: The variable `version' is assigned but its value is never used
 + ../../Source/Scripts/Items/Magical/Artifacts/Quivers/Artifact_QuiverOfLightning.cs:
    CS0219: Line 41: The variable `version' is assigned but its value is never used
 + ../../Source/Scripts/Items/Magical/Artifacts/Quivers/Artifact_QuiverOfRage.cs:
    CS0219: Line 42: The variable `version' is assigned but its value is never used
 + ../../Source/Scripts/Items/Magical/Artifacts/Quivers/Artifact_QuiverOfFire.cs:
    CS0219: Line 39: The variable `version' is assigned but its value is never used
 + ../../Source/Scripts/Items/Magical/Artifacts/Quivers/Artifact_QuiverOfIce.cs:
    CS0219: Line 41: The variable `version' is assigned but its value is never used
 + ../../Source/Scripts/Items/Magical/Artifacts/Quivers/Artifact_Pestilence.cs:
    CS0219: Line 39: The variable `version' is assigned but its value is never used
 + ../../Source/Scripts/Items/Magical/Artifacts/Minor/GoldBricks.cs:
    CS0219: Line 32: The variable `version' is assigned but its value is never used
 + ../../Source/Scripts/Items/Magical/Gifts/Clothing/GiftCloaks.cs:
    CS0219: Line 30: The variable `version' is assigned but its value is never used
    CS0219: Line 193: The variable `version' is assigned but its value is never used
 + ../../Source/Scripts/Items/Magical/Gifts/Clothing/GiftShirts.cs:
    CS0219: Line 30: The variable `version' is assigned but its value is never used
    CS0219: Line 64: The variable `version' is assigned but its value is never used
    CS0219: Line 99: The variable `version' is assigned but its value is never used
    CS0219: Line 134: The variable `version' is assigned but its value is never used
 + ../../Source/Scripts/Items/Magical/Gifts/Clothing/GiftRoyalCloak.cs:
    CS0219: Line 33: The variable `version' is assigned but its value is never used
 + ../../Source/Scripts/Items/Magical/Gifts/Clothing/GiftOuterLegs.cs:
    CS0219: Line 30: The variable `version' is assigned but its value is never used
    CS0219: Line 64: The variable `version' is assigned but its value is never used
    CS0219: Line 101: The variable `version' is assigned but its value is never used
    CS0219: Line 135: The variable `version' is assigned but its value is never used
    CS0219: Line 169: The variable `version' is assigned but its value is never used
 + ../../Source/Scripts/Items/Magical/Gifts/Clothing/GiftWaist.cs:
    CS0219: Line 31: The variable `version' is assigned but its value is never used
    CS0219: Line 65: The variable `version' is assigned but its value is never used
    CS0219: Line 99: The variable `version' is assigned but its value is never used
    CS0219: Line 134: The variable `version' is assigned but its value is never used
 + ../../Source/Scripts/Items/Magical/Gifts/Clothing/BaseGiftClothing.cs:
    CS0219: Line 61: The variable `version' is assigned but its value is never used
 + ../../Source/Scripts/Items/Magical/Gifts/Clothing/GiftMiddleTorso.cs:
    CS0219: Line 30: The variable `version' is assigned but its value is never used
    CS0219: Line 64: The variable `version' is assigned but its value is never used
    CS0219: Line 98: The variable `version' is assigned but its value is never used
    CS0219: Line 132: The variable `version' is assigned but its value is never used
    CS0219: Line 166: The variable `version' is assigned but its value is never used
    CS0219: Line 203: The variable `version' is assigned but its value is never used
    CS0219: Line 240: The variable `version' is assigned but its value is never used
    CS0219: Line 274: The variable `version' is assigned but its value is never used
    CS0219: Line 308: The variable `version' is assigned but its value is never used
 + ../../Source/Scripts/Items/Magical/Gifts/Clothing/GiftShoes.cs:
    CS0219: Line 28: The variable `version' is assigned but its value is never used
    CS0219: Line 63: The variable `version' is assigned but its value is never used
    CS0219: Line 99: The variable `version' is assigned but its value is never used
    CS0219: Line 263: The variable `version' is assigned but its value is never used
    CS0219: Line 305: The variable `version' is assigned but its value is never used
    CS0219: Line 339: The variable `version' is assigned but its value is never used
    CS0219: Line 373: The variable `version' is assigned but its value is never used
    CS0219: Line 407: The variable `version' is assigned but its value is never used
    CS0219: Line 444: The variable `version' is assigned but its value is never used
 + ../../Source/Scripts/Items/Magical/Gifts/Clothing/GiftHats.cs:
    CS0219: Line 31: The variable `version' is assigned but its value is never used
    CS0219: Line 87: The variable `version' is assigned but its value is never used
    CS0219: Line 130: The variable `version' is assigned but its value is never used
    CS0219: Line 172: The variable `version' is assigned but its value is never used
    CS0219: Line 214: The variable `version' is assigned but its value is never used
    CS0219: Line 256: The variable `version' is assigned but its value is never used
    CS0219: Line 298: The variable `version' is assigned but its value is never used
    CS0219: Line 340: The variable `version' is assigned but its value is never used
    CS0219: Line 383: The variable `version' is assigned but its value is never used
    CS0219: Line 426: The variable `version' is assigned but its value is never used
    CS0219: Line 469: The variable `version' is assigned but its value is never used
    CS0219: Line 517: The variable `version' is assigned but its value is never used
    CS0219: Line 565: The variable `version' is assigned but its value is never used
    CS0219: Line 607: The variable `version' is assigned but its value is never used
    CS0219: Line 649: The variable `version' is assigned but its value is never used
    CS0219: Line 691: The variable `version' is assigned but its value is never used
    CS0219: Line 734: The variable `version' is assigned but its value is never used
    CS0219: Line 776: The variable `version' is assigned but its value is never used
    CS0219: Line 818: The variable `version' is assigned but its value is never used
    CS0219: Line 860: The variable `version' is assigned but its value is never used
    CS0219: Line 903: The variable `version' is assigned but its value is never used
    CS0219: Line 945: The variable `version' is assigned but its value is never used
    CS0219: Line 988: The variable `version' is assigned but its value is never used
    CS0219: Line 1031: The variable `version' is assigned but its value is never used
 + ../../Source/Scripts/Items/Magical/Gifts/Clothing/GiftPants.cs:
    CS0219: Line 47: The variable `version' is assigned but its value is never used
    CS0219: Line 82: The variable `version' is assigned but its value is never used
    CS0219: Line 116: The variable `version' is assigned but its value is never used
    CS0219: Line 150: The variable `version' is assigned but its value is never used
 + ../../Source/Scripts/Items/Magical/Gifts/Clothing/GiftOuterTorso.cs:
    CS0219: Line 30: The variable `version' is assigned but its value is never used
    CS0219: Line 65: The variable `version' is assigned but its value is never used
    CS0219: Line 100: The variable `version' is assigned but its value is never used
    CS0219: Line 267: The variable `version' is assigned but its value is never used
    CS0219: Line 302: The variable `version' is assigned but its value is never used
    CS0219: Line 339: The variable `version' is assigned but its value is never used
    CS0219: Line 373: The variable `version' is assigned but its value is never used
    CS0219: Line 409: The variable `version' is assigned but its value is never used
    CS0219: Line 445: The variable `version' is assigned but its value is never used
 + ../../Source/Scripts/Items/Magical/Gifts/Shields/GiftHeaterShield.cs:
    CS0219: Line 36: The variable `version' is assigned but its value is never used
 + ../../Source/Scripts/Items/Magical/Gifts/Shields/GiftWoodenKiteShield.cs:
    CS0219: Line 38: The variable `version' is assigned but its value is never used
 + ../../Source/Scripts/Items/Magical/Gifts/Shields/GiftElvenShield.cs:
    CS0219: Line 36: The variable `version' is assigned but its value is never used
 + ../../Source/Scripts/Items/Magical/Gifts/Shields/GiftBronzeShield.cs:
    CS0219: Line 36: The variable `version' is assigned but its value is never used
 + ../../Source/Scripts/Items/Magical/Gifts/Shields/GiftChampionShield.cs:
    CS0219: Line 36: The variable `version' is assigned but its value is never used
 + ../../Source/Scripts/Items/Magical/Gifts/Shields/GiftSunShield.cs:
    CS0219: Line 37: The variable `version' is assigned but its value is never used
 + ../../Source/Scripts/Items/Magical/Gifts/Shields/GiftVirtueShield.cs:
    CS0219: Line 37: The variable `version' is assigned but its value is never used
 + ../../Source/Scripts/Items/Magical/Gifts/Shields/GiftWoodenShield.cs:
    CS0219: Line 38: The variable `version' is assigned but its value is never used
 + ../../Source/Scripts/Items/Magical/Gifts/Shields/GiftMetalKiteShield.cs:
    CS0219: Line 46: The variable `version' is assigned but its value is never used
 + ../../Source/Scripts/Items/Magical/Gifts/Shields/GiftRoyalShield.cs:
    CS0219: Line 23: The variable `version' is assigned but its value is never used
 + ../../Source/Scripts/Items/Magical/Gifts/Shields/GiftScalemailShield.cs:
    CS0219: Line 36: The variable `version' is assigned but its value is never used
 + ../../Source/Scripts/Items/Magical/Gifts/Shields/GiftCrestedShield.cs:
    CS0219: Line 36: The variable `version' is assigned but its value is never used
 + ../../Source/Scripts/Items/Magical/Gifts/Shields/GiftDarkShield.cs:
    CS0219: Line 36: The variable `version' is assigned but its value is never used
 + ../../Source/Scripts/Items/Magical/Gifts/Shields/GiftBuckler.cs:
    CS0219: Line 35: The variable `version' is assigned but its value is never used
 + ../../Source/Scripts/Items/Magical/Gifts/Shields/GiftJeweledShield.cs:
    CS0219: Line 36: The variable `version' is assigned but its value is never used
 + ../../Source/Scripts/Items/Magical/Gifts/Shields/GiftGuardsmanShield.cs:
    CS0219: Line 36: The variable `version' is assigned but its value is never used
 + ../../Source/Scripts/Items/Magical/Gifts/Shields/GiftOrderShield.cs:
    CS0219: Line 36: The variable `version' is assigned but its value is never used
 + ../../Source/Scripts/Items/Magical/Gifts/Shields/BaseGiftShield.cs:
    CS0219: Line 57: The variable `version' is assigned but its value is never used
 + ../../Source/Scripts/Items/Magical/Gifts/Shields/GiftMetalShield.cs:
    CS0219: Line 36: The variable `version' is assigned but its value is never used
 + ../../Source/Scripts/Items/Magical/Gifts/Shields/GiftChaosShield.cs:
    CS0219: Line 36: The variable `version' is assigned but its value is never used
 + ../../Source/Scripts/Items/Magical/Gifts/Weapons/Staves/GiftShepherdsCrook.cs:
    CS0219: Line 54: The variable `version' is assigned but its value is never used
 + ../../Source/Scripts/Items/Magical/Gifts/Weapons/Staves/GiftGnarledStaff.cs:
    CS0219: Line 52: The variable `version' is assigned but its value is never used
 + ../../Source/Scripts/Items/Magical/Gifts/Weapons/Staves/GiftBlackStaff.cs:
    CS0219: Line 55: The variable `version' is assigned but its value is never used
 + ../../Source/Scripts/Items/Magical/Gifts/Weapons/Staves/BaseGiftStaff.cs:
    CS0219: Line 57: The variable `version' is assigned but its value is never used
 + ../../Source/Scripts/Items/Magical/Gifts/Weapons/Staves/GiftQuarterStaff.cs:
    CS0219: Line 52: The variable `version' is assigned but its value is never used
 + ../../Source/Scripts/Items/Magical/Gifts/Weapons/Maces/GiftHammers.cs:
    CS0219: Line 52: The variable `version' is assigned but its value is never used
 + ../../Source/Scripts/Items/Magical/Gifts/Weapons/Maces/GiftWarMace.cs:
    CS0219: Line 52: The variable `version' is assigned but its value is never used
 + ../../Source/Scripts/Items/Magical/Gifts/Weapons/Maces/GiftMaul.cs:
    CS0219: Line 51: The variable `version' is assigned but its value is never used
 + ../../Source/Scripts/Items/Magical/Gifts/Weapons/Maces/GiftWhip.cs:
    CS0219: Line 27: The variable `version' is assigned but its value is never used
 + ../../Source/Scripts/Items/Magical/Gifts/Weapons/Maces/GiftScepter.cs:
    CS0219: Line 51: The variable `version' is assigned but its value is never used
 + ../../Source/Scripts/Items/Magical/Gifts/Weapons/Maces/GiftHammerPick.cs:
    CS0219: Line 53: The variable `version' is assigned but its value is never used
 + ../../Source/Scripts/Items/Magical/Gifts/Weapons/Maces/GiftWarHammer.cs:
    CS0219: Line 55: The variable `version' is assigned but its value is never used
 + ../../Source/Scripts/Items/Magical/Gifts/Weapons/Maces/GiftSpikedClub.cs:
    CS0219: Line 54: The variable `version' is assigned but its value is never used
 + ../../Source/Scripts/Items/Magical/Gifts/Weapons/Maces/BaseGiftBashing.cs:
    CS0219: Line 57: The variable `version' is assigned but its value is never used
 + ../../Source/Scripts/Items/Magical/Gifts/Weapons/Maces/GiftClub.cs:
    CS0219: Line 54: The variable `version' is assigned but its value is never used
 + ../../Source/Scripts/Items/Magical/Gifts/Weapons/Maces/BaseGiftWhip.cs:
    CS0219: Line 63: The variable `version' is assigned but its value is never used
 + ../../Source/Scripts/Items/Magical/Gifts/Weapons/Maces/GiftMace.cs:
    CS0219: Line 52: The variable `version' is assigned but its value is never used
 + ../../Source/Scripts/Items/Magical/Gifts/Weapons/Axes/BaseGiftAxe.cs:
    CS0219: Line 57: The variable `version' is assigned but its value is never used
 + ../../Source/Scripts/Items/Magical/Gifts/Weapons/Axes/GiftBattleAxe.cs:
    CS0219: Line 53: The variable `version' is assigned but its value is never used
 + ../../Source/Scripts/Items/Magical/Gifts/Weapons/Axes/GiftExecutionersAxe.cs:
    CS0219: Line 52: The variable `version' is assigned but its value is never used
 + ../../Source/Scripts/Items/Magical/Gifts/Weapons/Axes/GiftTwoHandedAxe.cs:
    CS0219: Line 52: The variable `version' is assigned but its value is never used
 + ../../Source/Scripts/Items/Magical/Gifts/Weapons/Axes/GiftDoubleAxe.cs:
    CS0219: Line 51: The variable `version' is assigned but its value is never used
 + ../../Source/Scripts/Items/Magical/Gifts/Weapons/Axes/GiftPickaxe.cs:
    CS0219: Line 60: The variable `version' is assigned but its value is never used
 + ../../Source/Scripts/Items/Magical/Gifts/Weapons/Axes/GiftHatchet.cs:
    CS0219: Line 51: The variable `version' is assigned but its value is never used
 + ../../Source/Scripts/Items/Magical/Gifts/Weapons/Axes/GiftLargeBattleAxe.cs:
    CS0219: Line 52: The variable `version' is assigned but its value is never used
 + ../../Source/Scripts/Items/Magical/Gifts/Weapons/Axes/GiftWarAxe.cs:
    CS0219: Line 61: The variable `version' is assigned but its value is never used
 + ../../Source/Scripts/Items/Magical/Gifts/Weapons/Axes/GiftAxe.cs:
    CS0219: Line 52: The variable `version' is assigned but its value is never used
 + ../../Source/Scripts/Items/Magical/Gifts/Weapons/Knives/GiftLargeKnife.cs:
    CS0219: Line 52: The variable `version' is assigned but its value is never used
 + ../../Source/Scripts/Items/Magical/Gifts/Weapons/Knives/GiftCleaver.cs:
    CS0219: Line 52: The variable `version' is assigned but its value is never used
 + ../../Source/Scripts/Items/Magical/Gifts/Weapons/Knives/GiftDagger.cs:
    CS0219: Line 57: The variable `version' is assigned but its value is never used
 + ../../Source/Scripts/Items/Magical/Gifts/Weapons/Knives/GiftButcherKnife.cs:
    CS0219: Line 51: The variable `version' is assigned but its value is never used
 + ../../Source/Scripts/Items/Magical/Gifts/Weapons/Knives/BaseGiftKnife.cs:
    CS0219: Line 57: The variable `version' is assigned but its value is never used
 + ../../Source/Scripts/Items/Magical/Gifts/Weapons/Swords/GiftScimitar.cs:
    CS0219: Line 55: The variable `version' is assigned but its value is never used
 + ../../Source/Scripts/Items/Magical/Gifts/Weapons/Swords/GiftBoneHarvester.cs:
    CS0219: Line 54: The variable `version' is assigned but its value is never used
 + ../../Source/Scripts/Items/Magical/Gifts/Weapons/Swords/GiftBroadsword.cs:
    CS0219: Line 55: The variable `version' is assigned but its value is never used
 + ../../Source/Scripts/Items/Magical/Gifts/Weapons/Swords/GiftLongsword.cs:
    CS0219: Line 55: The variable `version' is assigned but its value is never used
 + ../../Source/Scripts/Items/Magical/Gifts/Weapons/Swords/GiftRoyalSword.cs:
    CS0219: Line 30: The variable `version' is assigned but its value is never used
 + ../../Source/Scripts/Items/Magical/Gifts/Weapons/Swords/GiftKryss.cs:
    CS0219: Line 58: The variable `version' is assigned but its value is never used
 + ../../Source/Scripts/Items/Magical/Gifts/Weapons/Swords/GiftCutlass.cs:
    CS0219: Line 55: The variable `version' is assigned but its value is never used
 + ../../Source/Scripts/Items/Magical/Gifts/Weapons/Swords/GiftVikingSword.cs:
    CS0219: Line 55: The variable `version' is assigned but its value is never used
 + ../../Source/Scripts/Items/Magical/Gifts/Weapons/Swords/BaseGiftSword.cs:
    CS0219: Line 57: The variable `version' is assigned but its value is never used
 + ../../Source/Scripts/Items/Magical/Gifts/Weapons/Swords/GiftClaymore.cs:
    CS0219: Line 55: The variable `version' is assigned but its value is never used
 + ../../Source/Scripts/Items/Magical/Gifts/Weapons/Swords/GiftCrescentBlade.cs:
    CS0219: Line 56: The variable `version' is assigned but its value is never used
 + ../../Source/Scripts/Items/Magical/Gifts/Weapons/Swords/GiftLance.cs:
    CS0219: Line 58: The variable `version' is assigned but its value is never used
 + ../../Source/Scripts/Items/Magical/Gifts/Weapons/Swords/GiftKatana.cs:
    CS0219: Line 55: The variable `version' is assigned but its value is never used
 + ../../Source/Scripts/Items/Magical/Gifts/Weapons/Swords/GiftThinLongsword.cs:
    CS0219: Line 55: The variable `version' is assigned but its value is never used
 + ../../Source/Scripts/Items/Magical/Gifts/Weapons/Swords/GiftShortSword.cs:
    CS0219: Line 55: The variable `version' is assigned but its value is never used
 + ../../Source/Scripts/Items/Magical/Gifts/Weapons/Ranged/GiftCompositeBow.cs:
    CS0219: Line 62: The variable `version' is assigned but its value is never used
 + ../../Source/Scripts/Items/Magical/Gifts/Weapons/Ranged/GiftBow.cs:
    CS0219: Line 62: The variable `version' is assigned but its value is never used
 + ../../Source/Scripts/Items/Magical/Gifts/Weapons/Ranged/BaseGiftRanged.cs:
    CS0219: Line 56: The variable `version' is assigned but its value is never used
 + ../../Source/Scripts/Items/Magical/Gifts/Weapons/Ranged/GiftCrossbow.cs:
    CS0219: Line 60: The variable `version' is assigned but its value is never used
 + ../../Source/Scripts/Items/Magical/Gifts/Weapons/Ranged/GiftHeavyCrossbow.cs:
    CS0219: Line 59: The variable `version' is assigned but its value is never used
 + ../../Source/Scripts/Items/Magical/Gifts/Weapons/Ranged/GiftRepeatingCrossbow.cs:
    CS0219: Line 58: The variable `version' is assigned but its value is never used
 + ../../Source/Scripts/Items/Magical/Gifts/Weapons/SE Weapons/GiftYumi.cs:
    CS0219: Line 62: The variable `version' is assigned but its value is never used
 + ../../Source/Scripts/Items/Magical/Gifts/Weapons/SE Weapons/GiftTetsubo.cs:
    CS0219: Line 57: The variable `version' is assigned but its value is never used
 + ../../Source/Scripts/Items/Magical/Gifts/Weapons/SE Weapons/GiftWakizashi.cs:
    CS0219: Line 55: The variable `version' is assigned but its value is never used
 + ../../Source/Scripts/Items/Magical/Gifts/Weapons/SE Weapons/GiftKama.cs:
    CS0219: Line 59: The variable `version' is assigned but its value is never used
 + ../../Source/Scripts/Items/Magical/Gifts/Weapons/SE Weapons/GiftDaisho.cs:
    CS0219: Line 55: The variable `version' is assigned but its value is never used
 + ../../Source/Scripts/Items/Magical/Gifts/Weapons/SE Weapons/GiftTessen.cs:
    CS0219: Line 57: The variable `version' is assigned but its value is never used
 + ../../Source/Scripts/Items/Magical/Gifts/Weapons/SE Weapons/GiftBokuto.cs:
    CS0219: Line 55: The variable `version' is assigned but its value is never used
 + ../../Source/Scripts/Items/Magical/Gifts/Weapons/SE Weapons/GiftNoDachi.cs:
    CS0219: Line 55: The variable `version' is assigned but its value is never used
 + ../../Source/Scripts/Items/Magical/Gifts/Weapons/SE Weapons/GiftTekagi.cs:
    CS0219: Line 59: The variable `version' is assigned but its value is never used
 + ../../Source/Scripts/Items/Magical/Gifts/Weapons/SE Weapons/GiftNunchaku.cs:
    CS0219: Line 55: The variable `version' is assigned but its value is never used
 + ../../Source/Scripts/Items/Magical/Gifts/Weapons/SE Weapons/GiftLajatang.cs:
    CS0219: Line 59: The variable `version' is assigned but its value is never used
 + ../../Source/Scripts/Items/Magical/Gifts/Weapons/SE Weapons/GiftSai.cs:
    CS0219: Line 59: The variable `version' is assigned but its value is never used
 + ../../Source/Scripts/Items/Magical/Gifts/Weapons/SpearsAndForks/GiftWarFork.cs:
    CS0219: Line 58: The variable `version' is assigned but its value is never used
 + ../../Source/Scripts/Items/Magical/Gifts/Weapons/SpearsAndForks/GiftPitchfork.cs:
    CS0219: Line 51: The variable `version' is assigned but its value is never used
 + ../../Source/Scripts/Items/Magical/Gifts/Weapons/SpearsAndForks/GiftTribalSpear.cs:
    CS0219: Line 59: The variable `version' is assigned but its value is never used
 + ../../Source/Scripts/Items/Magical/Gifts/Weapons/SpearsAndForks/GiftPike.cs:
    CS0219: Line 51: The variable `version' is assigned but its value is never used
 + ../../Source/Scripts/Items/Magical/Gifts/Weapons/SpearsAndForks/GiftBladedStaff.cs:
    CS0219: Line 53: The variable `version' is assigned but its value is never used
 + ../../Source/Scripts/Items/Magical/Gifts/Weapons/SpearsAndForks/GiftShortSpear.cs:
    CS0219: Line 55: The variable `version' is assigned but its value is never used
 + ../../Source/Scripts/Items/Magical/Gifts/Weapons/SpearsAndForks/GiftDoubleBladedStaff.cs:
    CS0219: Line 52: The variable `version' is assigned but its value is never used
 + ../../Source/Scripts/Items/Magical/Gifts/Weapons/SpearsAndForks/BaseGiftSpear.cs:
    CS0219: Line 57: The variable `version' is assigned but its value is never used
 + ../../Source/Scripts/Items/Magical/Gifts/Weapons/SpearsAndForks/GiftSpear.cs:
    CS0219: Line 52: The variable `version' is assigned but its value is never used
 + ../../Source/Scripts/Items/Magical/Gifts/Weapons/ML Weapons/GiftDiamondMace.cs:
    CS0219: Line 52: The variable `version' is assigned but its value is never used
 + ../../Source/Scripts/Items/Magical/Gifts/Weapons/ML Weapons/GiftElvenSpellblade.cs:
    CS0219: Line 54: The variable `version' is assigned but its value is never used
 + ../../Source/Scripts/Items/Magical/Gifts/Weapons/ML Weapons/GiftElvenCompositeLongbow.cs:
    CS0219: Line 63: The variable `version' is assigned but its value is never used
 + ../../Source/Scripts/Items/Magical/Gifts/Weapons/ML Weapons/GiftAssassinSpike.cs:
    CS0219: Line 55: The variable `version' is assigned but its value is never used
 + ../../Source/Scripts/Items/Magical/Gifts/Weapons/ML Weapons/GiftMagicalShortbow.cs:
    CS0219: Line 59: The variable `version' is assigned but its value is never used
 + ../../Source/Scripts/Items/Magical/Gifts/Weapons/ML Weapons/GiftWildStaff.cs:
    CS0219: Line 53: The variable `version' is assigned but its value is never used
 + ../../Source/Scripts/Items/Magical/Gifts/Weapons/ML Weapons/GiftLeafblade.cs:
    CS0219: Line 54: The variable `version' is assigned but its value is never used
 + ../../Source/Scripts/Items/Magical/Gifts/Weapons/ML Weapons/GiftRadiantScimitar.cs:
    CS0219: Line 55: The variable `version' is assigned but its value is never used
 + ../../Source/Scripts/Items/Magical/Gifts/Weapons/ML Weapons/GiftRuneBlade.cs:
    CS0219: Line 56: The variable `version' is assigned but its value is never used
 + ../../Source/Scripts/Items/Magical/Gifts/Weapons/ML Weapons/GiftElvenMachete.cs:
    CS0219: Line 55: The variable `version' is assigned but its value is never used
 + ../../Source/Scripts/Items/Magical/Gifts/Weapons/ML Weapons/GiftOrnateAxe.cs:
    CS0219: Line 56: The variable `version' is assigned but its value is never used
 + ../../Source/Scripts/Items/Magical/Gifts/Weapons/ML Weapons/GiftWarCleaver.cs:
    CS0219: Line 58: The variable `version' is assigned but its value is never used
 + ../../Source/Scripts/Items/Magical/Gifts/Weapons/PoleArms/GiftBardiche.cs:
    CS0219: Line 51: The variable `version' is assigned but its value is never used
 + ../../Source/Scripts/Items/Magical/Gifts/Weapons/PoleArms/GiftHalberd.cs:
    CS0219: Line 52: The variable `version' is assigned but its value is never used
 + ../../Source/Scripts/Items/Magical/Gifts/Weapons/PoleArms/BaseGiftPoleArm.cs:
    CS0219: Line 57: The variable `version' is assigned but its value is never used
 + ../../Source/Scripts/Items/Magical/Gifts/Weapons/PoleArms/GiftScythe.cs:
    CS0219: Line 55: The variable `version' is assigned but its value is never used
 + ../../Source/Scripts/Items/Magical/Gifts/Weapons/GiftThrowingGloves.cs:
    CS0219: Line 172: The variable `version' is assigned but its value is never used
 + ../../Source/Scripts/Items/Magical/Gifts/Weapons/GiftStave.cs:
    CS0219: Line 99: The variable `version' is assigned but its value is never used
    CS0219: Line 189: The variable `version' is assigned but its value is never used
    CS0219: Line 311: The variable `a' is assigned but its value is never used
    CS0219: Line 414: The variable `version' is assigned but its value is never used
 + ../../Source/Scripts/Items/Magical/Gifts/Weapons/GiftHarpoon.cs:
    CS0219: Line 63: The variable `a' is assigned but its value is never used
    CS0219: Line 154: The variable `version' is assigned but its value is never used
 + ../../Source/Scripts/Items/Magical/Gifts/Weapons/GiftPugilistMits.cs:
    CS0219: Line 66: The variable `version' is assigned but its value is never used
 + ../../Source/Scripts/Items/Magical/Gifts/Armor/Helmets/GiftChainCoif.cs:
    CS0219: Line 45: The variable `version' is assigned but its value is never used
 + ../../Source/Scripts/Items/Magical/Gifts/Armor/Helmets/GiftCirclet.cs:
    CS0219: Line 49: The variable `version' is assigned but its value is never used
 + ../../Source/Scripts/Items/Magical/Gifts/Armor/Helmets/GiftBascinet.cs:
    CS0219: Line 44: The variable `version' is assigned but its value is never used
 + ../../Source/Scripts/Items/Magical/Gifts/Armor/Helmets/GiftOrcHelm.cs:
    CS0219: Line 47: The variable `version' is assigned but its value is never used
 + ../../Source/Scripts/Items/Magical/Gifts/Armor/Helmets/GiftLeatherCap.cs:
    CS0219: Line 47: The variable `version' is assigned but its value is never used
 + ../../Source/Scripts/Items/Magical/Gifts/Armor/Helmets/GiftOniwabanHood.cs:
    CS0219: Line 27: The variable `version' is assigned but its value is never used
 + ../../Source/Scripts/Items/Magical/Gifts/Armor/Helmets/GiftCloseHelm.cs:
    CS0219: Line 43: The variable `version' is assigned but its value is never used
 + ../../Source/Scripts/Items/Magical/Gifts/Armor/Helmets/GiftRoyalHelm.cs:
    CS0219: Line 29: The variable `version' is assigned but its value is never used
 + ../../Source/Scripts/Items/Magical/Gifts/Armor/Helmets/GiftHelmet.cs:
    CS0219: Line 43: The variable `version' is assigned but its value is never used
 + ../../Source/Scripts/Items/Magical/Gifts/Armor/Helmets/GiftDreadHelm.cs:
    CS0219: Line 47: The variable `version' is assigned but its value is never used
 + ../../Source/Scripts/Items/Magical/Gifts/Armor/Helmets/GiftNorseHelm.cs:
    CS0219: Line 44: The variable `version' is assigned but its value is never used
 + ../../Source/Scripts/Items/Magical/Gifts/Armor/Helmets/GiftBoneHelm.cs:
    CS0219: Line 47: The variable `version' is assigned but its value is never used
 + ../../Source/Scripts/Items/Magical/Gifts/Armor/Helmets/GiftPlateHelm.cs:
    CS0219: Line 47: The variable `version' is assigned but its value is never used
 + ../../Source/Scripts/Items/Magical/Gifts/Armor/Bone/GiftBoneChest.cs:
    CS0219: Line 51: The variable `version' is assigned but its value is never used
 + ../../Source/Scripts/Items/Magical/Gifts/Armor/Bone/GiftBoneArms.cs:
    CS0219: Line 51: The variable `version' is assigned but its value is never used
 + ../../Source/Scripts/Items/Magical/Gifts/Armor/Bone/GiftBoneLegs.cs:
    CS0219: Line 48: The variable `version' is assigned but its value is never used
 + ../../Source/Scripts/Items/Magical/Gifts/Armor/Bone/GiftBoneGloves.cs:
    CS0219: Line 51: The variable `version' is assigned but its value is never used
 + ../../Source/Scripts/Items/Magical/Gifts/Armor/Plate/GiftLightPlateJingasa.cs:
    CS0219: Line 43: The variable `version' is assigned but its value is never used
 + ../../Source/Scripts/Items/Magical/Gifts/Armor/Plate/GiftPlateMempo.cs:
    CS0219: Line 43: The variable `version' is assigned but its value is never used
 + ../../Source/Scripts/Items/Magical/Gifts/Armor/Plate/GiftPlateHatsuburi.cs:
    CS0219: Line 43: The variable `version' is assigned but its value is never used
 + ../../Source/Scripts/Items/Magical/Gifts/Armor/Plate/GiftHeavyPlateJingasa.cs:
    CS0219: Line 43: The variable `version' is assigned but its value is never used
 + ../../Source/Scripts/Items/Magical/Gifts/Armor/Plate/GiftPlateGorget.cs:
    CS0219: Line 45: The variable `version' is assigned but its value is never used
 + ../../Source/Scripts/Items/Magical/Gifts/Armor/Plate/GiftDecorativePlateKabuto.cs:
    CS0219: Line 43: The variable `version' is assigned but its value is never used
 + ../../Source/Scripts/Items/Magical/Gifts/Armor/Plate/GiftStandardPlateKabuto.cs:
    CS0219: Line 43: The variable `version' is assigned but its value is never used
 + ../../Source/Scripts/Items/Magical/Gifts/Armor/Plate/GiftPlateArms.cs:
    CS0219: Line 47: The variable `version' is assigned but its value is never used
 + ../../Source/Scripts/Items/Magical/Gifts/Armor/Plate/GiftPlateDo.cs:
    CS0219: Line 43: The variable `version' is assigned but its value is never used
 + ../../Source/Scripts/Items/Magical/Gifts/Armor/Plate/GiftPlateSuneate.cs:
    CS0219: Line 43: The variable `version' is assigned but its value is never used
 + ../../Source/Scripts/Items/Magical/Gifts/Armor/Plate/GiftPlateBattleKabuto.cs:
    CS0219: Line 43: The variable `version' is assigned but its value is never used
 + ../../Source/Scripts/Items/Magical/Gifts/Armor/Plate/GiftFemalePlateChest.cs:
    CS0219: Line 48: The variable `version' is assigned but its value is never used
 + ../../Source/Scripts/Items/Magical/Gifts/Armor/Plate/GiftPlateLegs.cs:
    CS0219: Line 47: The variable `version' is assigned but its value is never used
 + ../../Source/Scripts/Items/Magical/Gifts/Armor/Plate/GiftPlateHaidate.cs:
    CS0219: Line 43: The variable `version' is assigned but its value is never used
 + ../../Source/Scripts/Items/Magical/Gifts/Armor/Plate/GiftPlateChest.cs:
    CS0219: Line 47: The variable `version' is assigned but its value is never used
 + ../../Source/Scripts/Items/Magical/Gifts/Armor/Plate/GiftPlateGloves.cs:
    CS0219: Line 46: The variable `version' is assigned but its value is never used
 + ../../Source/Scripts/Items/Magical/Gifts/Armor/Plate/GiftSmallPlateJingasa.cs:
    CS0219: Line 43: The variable `version' is assigned but its value is never used
 + ../../Source/Scripts/Items/Magical/Gifts/Armor/Plate/GiftPlateHiroSode.cs:
    CS0219: Line 43: The variable `version' is assigned but its value is never used
 + ../../Source/Scripts/Items/Magical/Gifts/Armor/Chain/GiftChainHatsuburi.cs:
    CS0219: Line 43: The variable `version' is assigned but its value is never used
 + ../../Source/Scripts/Items/Magical/Gifts/Armor/Chain/GiftChainLegs.cs:
    CS0219: Line 47: The variable `version' is assigned but its value is never used
 + ../../Source/Scripts/Items/Magical/Gifts/Armor/Chain/GiftChainChest.cs:
    CS0219: Line 47: The variable `version' is assigned but its value is never used
 + ../../Source/Scripts/Items/Magical/Gifts/Armor/Dragon/GiftDragonGloves.cs:
    CS0219: Line 49: The variable `version' is assigned but its value is never used
 + ../../Source/Scripts/Items/Magical/Gifts/Armor/Dragon/GiftDragonChest.cs:
    CS0219: Line 49: The variable `version' is assigned but its value is never used
 + ../../Source/Scripts/Items/Magical/Gifts/Armor/Dragon/GiftDragonHelm.cs:
    CS0219: Line 49: The variable `version' is assigned but its value is never used
 + ../../Source/Scripts/Items/Magical/Gifts/Armor/Dragon/GiftDragonLegs.cs:
    CS0219: Line 49: The variable `version' is assigned but its value is never used
 + ../../Source/Scripts/Items/Magical/Gifts/Armor/Dragon/GiftDragonArms.cs:
    CS0219: Line 49: The variable `version' is assigned but its value is never used
 + ../../Source/Scripts/Items/Magical/Gifts/Armor/Leather/GiftFemaleLeatherChest.cs:
    CS0219: Line 49: The variable `version' is assigned but its value is never used
 + ../../Source/Scripts/Items/Magical/Gifts/Armor/Leather/GiftLeatherHaidate.cs:
    CS0219: Line 46: The variable `version' is assigned but its value is never used
 + ../../Source/Scripts/Items/Magical/Gifts/Armor/Leather/GiftLeatherRobe.cs:
    CS0219: Line 50: The variable `version' is assigned but its value is never used
 + ../../Source/Scripts/Items/Magical/Gifts/Armor/Leather/GiftLeatherJingasa.cs:
    CS0219: Line 46: The variable `version' is assigned but its value is never used
 + ../../Source/Scripts/Items/Magical/Gifts/Armor/Leather/GiftLeatherSkirt.cs:
    CS0219: Line 52: The variable `version' is assigned but its value is never used
 + ../../Source/Scripts/Items/Magical/Gifts/Armor/Leather/GiftLeatherNinjaHood.cs:
    CS0219: Line 46: The variable `version' is assigned but its value is never used
 + ../../Source/Scripts/Items/Magical/Gifts/Armor/Leather/GiftLeatherNinjaMitts.cs:
    CS0219: Line 46: The variable `version' is assigned but its value is never used
 + ../../Source/Scripts/Items/Magical/Gifts/Armor/Leather/GiftLeatherSuneate.cs:
    CS0219: Line 46: The variable `version' is assigned but its value is never used
 + ../../Source/Scripts/Items/Magical/Gifts/Armor/Leather/GiftLeatherLegs.cs:
    CS0219: Line 47: The variable `version' is assigned but its value is never used
 + ../../Source/Scripts/Items/Magical/Gifts/Armor/Leather/GiftLeatherNinjaJacket.cs:
    CS0219: Line 46: The variable `version' is assigned but its value is never used
 + ../../Source/Scripts/Items/Magical/Gifts/Armor/Leather/GiftLeatherChest.cs:
    CS0219: Line 48: The variable `version' is assigned but its value is never used
 + ../../Source/Scripts/Items/Magical/Gifts/Armor/Leather/GiftLeatherBustierArms.cs:
    CS0219: Line 49: The variable `version' is assigned but its value is never used
 + ../../Source/Scripts/Items/Magical/Gifts/Armor/Leather/GiftLeatherNinjaPants.cs:
    CS0219: Line 46: The variable `version' is assigned but its value is never used
 + ../../Source/Scripts/Items/Magical/Gifts/Armor/Leather/GiftOniwabanLeggings.cs:
    CS0219: Line 27: The variable `version' is assigned but its value is never used
 + ../../Source/Scripts/Items/Magical/Gifts/Armor/Leather/GiftLeatherMempo.cs:
    CS0219: Line 46: The variable `version' is assigned but its value is never used
 + ../../Source/Scripts/Items/Magical/Gifts/Armor/Leather/GiftOniwabanBoots.cs:
    CS0219: Line 50: The variable `version' is assigned but its value is never used
 + ../../Source/Scripts/Items/Magical/Gifts/Armor/Leather/GiftShinobiGarb.cs:
    CS0219: Line 31: The variable `version' is assigned but its value is never used
    CS0219: Line 60: The variable `version' is assigned but its value is never used
    CS0219: Line 89: The variable `version' is assigned but its value is never used
    CS0219: Line 118: The variable `version' is assigned but its value is never used
 + ../../Source/Scripts/Items/Magical/Gifts/Armor/Leather/GiftOniwabanTunic.cs:
    CS0219: Line 27: The variable `version' is assigned but its value is never used
 + ../../Source/Scripts/Items/Magical/Gifts/Armor/Leather/GiftLeatherShorts.cs:
    CS0219: Line 49: The variable `version' is assigned but its value is never used
 + ../../Source/Scripts/Items/Magical/Gifts/Armor/Leather/GiftLeatherCloak.cs:
    CS0219: Line 50: The variable `version' is assigned but its value is never used
 + ../../Source/Scripts/Items/Magical/Gifts/Armor/Leather/GiftLeatherGorget.cs:
    CS0219: Line 46: The variable `version' is assigned but its value is never used
 + ../../Source/Scripts/Items/Magical/Gifts/Armor/Leather/GiftLeatherArms.cs:
    CS0219: Line 47: The variable `version' is assigned but its value is never used
 + ../../Source/Scripts/Items/Magical/Gifts/Armor/Leather/GiftLeatherHiroSode.cs:
    CS0219: Line 46: The variable `version' is assigned but its value is never used
 + ../../Source/Scripts/Items/Magical/Gifts/Armor/Leather/GiftOniwabanGloves.cs:
    CS0219: Line 27: The variable `version' is assigned but its value is never used
 + ../../Source/Scripts/Items/Magical/Gifts/Armor/Leather/GiftLeatherDo.cs:
    CS0219: Line 46: The variable `version' is assigned but its value is never used
 + ../../Source/Scripts/Items/Magical/Gifts/Armor/Ring/GiftRingmailLegs.cs:
    CS0219: Line 46: The variable `version' is assigned but its value is never used
 + ../../Source/Scripts/Items/Magical/Gifts/Armor/Ring/GiftRingmailArms.cs:
    CS0219: Line 46: The variable `version' is assigned but its value is never used
 + ../../Source/Scripts/Items/Magical/Gifts/Armor/Ring/GiftRingmailChest.cs:
    CS0219: Line 46: The variable `version' is assigned but its value is never used
 + ../../Source/Scripts/Items/Magical/Gifts/Armor/Ring/GiftRingmailGloves.cs:
    CS0219: Line 46: The variable `version' is assigned but its value is never used
 + ../../Source/Scripts/Items/Magical/Gifts/Armor/Royal/GiftRoyalGloves.cs:
    CS0219: Line 29: The variable `version' is assigned but its value is never used
 + ../../Source/Scripts/Items/Magical/Gifts/Armor/Royal/GiftRoyalArms.cs:
    CS0219: Line 29: The variable `version' is assigned but its value is never used
 + ../../Source/Scripts/Items/Magical/Gifts/Armor/Royal/GiftRoyalBoots.cs:
    CS0219: Line 30: The variable `version' is assigned but its value is never used
 + ../../Source/Scripts/Items/Magical/Gifts/Armor/Royal/GiftRoyalChest.cs:
    CS0219: Line 29: The variable `version' is assigned but its value is never used
 + ../../Source/Scripts/Items/Magical/Gifts/Armor/Royal/GiftRoyalGorget.cs:
    CS0219: Line 29: The variable `version' is assigned but its value is never used
 + ../../Source/Scripts/Items/Magical/Gifts/Armor/Royal/GiftRoyalLegs.cs:
    CS0219: Line 29: The variable `version' is assigned but its value is never used
 + ../../Source/Scripts/Items/Magical/Gifts/Armor/Studded/GiftStuddedHiroSode.cs:
    CS0219: Line 44: The variable `version' is assigned but its value is never used
 + ../../Source/Scripts/Items/Magical/Gifts/Armor/Studded/GiftStuddedBustierArms.cs:
    CS0219: Line 49: The variable `version' is assigned but its value is never used
 + ../../Source/Scripts/Items/Magical/Gifts/Armor/Studded/GiftStuddedGorget.cs:
    CS0219: Line 46: The variable `version' is assigned but its value is never used
 + ../../Source/Scripts/Items/Magical/Gifts/Armor/Studded/GiftStuddedLegs.cs:
    CS0219: Line 47: The variable `version' is assigned but its value is never used
 + ../../Source/Scripts/Items/Magical/Gifts/Armor/Studded/GiftStuddedMempo.cs:
    CS0219: Line 44: The variable `version' is assigned but its value is never used
 + ../../Source/Scripts/Items/Magical/Gifts/Armor/Studded/GiftStuddedChest.cs:
    CS0219: Line 47: The variable `version' is assigned but its value is never used
 + ../../Source/Scripts/Items/Magical/Gifts/Armor/Studded/GiftStuddedSuneate.cs:
    CS0219: Line 44: The variable `version' is assigned but its value is never used
 + ../../Source/Scripts/Items/Magical/Gifts/Armor/Studded/GiftStuddedGloves.cs:
    CS0219: Line 47: The variable `version' is assigned but its value is never used
 + ../../Source/Scripts/Items/Magical/Gifts/Armor/Studded/GiftStuddedDo.cs:
    CS0219: Line 44: The variable `version' is assigned but its value is never used
 + ../../Source/Scripts/Items/Magical/Gifts/Armor/Studded/GiftStuddedArms.cs:
    CS0219: Line 47: The variable `version' is assigned but its value is never used
 + ../../Source/Scripts/Items/Magical/Gifts/Armor/Studded/GiftStuddedHaidate.cs:
    CS0219: Line 44: The variable `version' is assigned but its value is never used
 + ../../Source/Scripts/Items/Magical/Gifts/Armor/Studded/GiftFemaleStuddedChest.cs:
    CS0219: Line 49: The variable `version' is assigned but its value is never used
 + ../../Source/Scripts/Items/Magical/Gifts/Armor/GiftWoodenArmor.cs:
    CS0219: Line 49: The variable `version' is assigned but its value is never used
    CS0219: Line 97: The variable `version' is assigned but its value is never used
    CS0219: Line 145: The variable `version' is assigned but its value is never used
    CS0219: Line 193: The variable `version' is assigned but its value is never used
    CS0219: Line 241: The variable `version' is assigned but its value is never used
    CS0219: Line 289: The variable `version' is assigned but its value is never used
 + ../../Source/Scripts/Items/Magical/Gifts/Armor/BaseGiftArmor.cs:
    CS0219: Line 57: The variable `version' is assigned but its value is never used
 + ../../Source/Scripts/Items/Magical/Gifts/Jewels/MagicCandle.cs:
    CS0219: Line 91: The variable `version' is assigned but its value is never used
 + ../../Source/Scripts/Items/Magical/Gifts/Jewels/BaseGiftJewel.cs:
    CS0219: Line 57: The variable `version' is assigned but its value is never used
 + ../../Source/Scripts/Items/Magical/Gifts/Jewels/MagicSash.cs:
    CS0219: Line 35: The variable `version' is assigned but its value is never used
 + ../../Source/Scripts/Items/Magical/Gifts/Jewels/GiftBracelet.cs:
    CS0219: Line 29: The variable `version' is assigned but its value is never used
    CS0219: Line 59: The variable `version' is assigned but its value is never used
    CS0219: Line 89: The variable `version' is assigned but its value is never used
 + ../../Source/Scripts/Items/Magical/Gifts/Jewels/GiftRing.cs:
    CS0219: Line 27: The variable `version' is assigned but its value is never used
    CS0219: Line 59: The variable `version' is assigned but its value is never used
    CS0219: Line 88: The variable `version' is assigned but its value is never used
 + ../../Source/Scripts/Items/Magical/Gifts/Jewels/GiftNecklace.cs:
    CS0219: Line 29: The variable `version' is assigned but its value is never used
    CS0219: Line 59: The variable `version' is assigned but its value is never used
    CS0219: Line 90: The variable `version' is assigned but its value is never used
    CS0219: Line 121: The variable `version' is assigned but its value is never used
    CS0219: Line 153: The variable `version' is assigned but its value is never used
    CS0219: Line 184: The variable `version' is assigned but its value is never used
 + ../../Source/Scripts/Items/Magical/Gifts/Jewels/MagicTalisman.cs:
    CS0219: Line 35: The variable `version' is assigned but its value is never used
    CS0219: Line 67: The variable `version' is assigned but its value is never used
    CS0219: Line 99: The variable `version' is assigned but its value is never used
    CS0219: Line 131: The variable `version' is assigned but its value is never used
 + ../../Source/Scripts/Items/Magical/Gifts/Jewels/MagicLantern.cs:
    CS0219: Line 104: The variable `version' is assigned but its value is never used
 + ../../Source/Scripts/Items/Magical/Gifts/Jewels/MagicBelt.cs:
    CS0219: Line 35: The variable `version' is assigned but its value is never used
    CS0219: Line 65: The variable `version' is assigned but its value is never used
 + ../../Source/Scripts/Items/Magical/Gifts/Jewels/GiftEarrings.cs:
    CS0219: Line 29: The variable `version' is assigned but its value is never used
    CS0219: Line 60: The variable `version' is assigned but its value is never used
    CS0219: Line 89: The variable `version' is assigned but its value is never used
 + ../../Source/Scripts/Items/Magical/Gifts/Jewels/MagicTorch.cs:
    CS0219: Line 91: The variable `version' is assigned but its value is never used
 + ../../Source/Scripts/Items/Magical/God/Clothing/LevelWaist.cs:
    CS0219: Line 31: The variable `version' is assigned but its value is never used
    CS0219: Line 65: The variable `version' is assigned but its value is never used
    CS0219: Line 99: The variable `version' is assigned but its value is never used
    CS0219: Line 134: The variable `version' is assigned but its value is never used
 + ../../Source/Scripts/Items/Magical/God/Clothing/LevelRoyalCloak.cs:
    CS0219: Line 33: The variable `version' is assigned but its value is never used
 + ../../Source/Scripts/Items/Magical/God/Clothing/LevelShirts.cs:
    CS0219: Line 30: The variable `version' is assigned but its value is never used
    CS0219: Line 64: The variable `version' is assigned but its value is never used
    CS0219: Line 99: The variable `version' is assigned but its value is never used
    CS0219: Line 134: The variable `version' is assigned but its value is never used
 + ../../Source/Scripts/Items/Magical/God/Clothing/LevelHats.cs:
    CS0219: Line 31: The variable `version' is assigned but its value is never used
    CS0219: Line 87: The variable `version' is assigned but its value is never used
    CS0219: Line 130: The variable `version' is assigned but its value is never used
    CS0219: Line 172: The variable `version' is assigned but its value is never used
    CS0219: Line 214: The variable `version' is assigned but its value is never used
    CS0219: Line 256: The variable `version' is assigned but its value is never used
    CS0219: Line 298: The variable `version' is assigned but its value is never used
    CS0219: Line 340: The variable `version' is assigned but its value is never used
    CS0219: Line 383: The variable `version' is assigned but its value is never used
    CS0219: Line 426: The variable `version' is assigned but its value is never used
    CS0219: Line 469: The variable `version' is assigned but its value is never used
    CS0219: Line 517: The variable `version' is assigned but its value is never used
    CS0219: Line 565: The variable `version' is assigned but its value is never used
    CS0219: Line 607: The variable `version' is assigned but its value is never used
    CS0219: Line 649: The variable `version' is assigned but its value is never used
    CS0219: Line 691: The variable `version' is assigned but its value is never used
    CS0219: Line 734: The variable `version' is assigned but its value is never used
    CS0219: Line 776: The variable `version' is assigned but its value is never used
    CS0219: Line 818: The variable `version' is assigned but its value is never used
    CS0219: Line 860: The variable `version' is assigned but its value is never used
    CS0219: Line 903: The variable `version' is assigned but its value is never used
    CS0219: Line 945: The variable `version' is assigned but its value is never used
    CS0219: Line 988: The variable `version' is assigned but its value is never used
    CS0219: Line 1031: The variable `version' is assigned but its value is never used
 + ../../Source/Scripts/Items/Magical/God/Clothing/LevelShoes.cs:
    CS0219: Line 28: The variable `version' is assigned but its value is never used
    CS0219: Line 62: The variable `version' is assigned but its value is never used
    CS0219: Line 98: The variable `version' is assigned but its value is never used
    CS0219: Line 262: The variable `version' is assigned but its value is never used
    CS0219: Line 304: The variable `version' is assigned but its value is never used
    CS0219: Line 338: The variable `version' is assigned but its value is never used
    CS0219: Line 372: The variable `version' is assigned but its value is never used
    CS0219: Line 406: The variable `version' is assigned but its value is never used
    CS0219: Line 443: The variable `version' is assigned but its value is never used
 + ../../Source/Scripts/Items/Magical/God/Clothing/LevelCloaks.cs:
    CS0219: Line 30: The variable `version' is assigned but its value is never used
    CS0219: Line 193: The variable `version' is assigned but its value is never used
 + ../../Source/Scripts/Items/Magical/God/Clothing/LevelPants.cs:
    CS0219: Line 47: The variable `version' is assigned but its value is never used
    CS0219: Line 81: The variable `version' is assigned but its value is never used
    CS0219: Line 115: The variable `version' is assigned but its value is never used
    CS0219: Line 149: The variable `version' is assigned but its value is never used
    CS0219: Line 184: The variable `version' is assigned but its value is never used
 + ../../Source/Scripts/Items/Magical/God/Clothing/LevelOuterLegs.cs:
    CS0219: Line 30: The variable `version' is assigned but its value is never used
    CS0219: Line 64: The variable `version' is assigned but its value is never used
    CS0219: Line 101: The variable `version' is assigned but its value is never used
    CS0219: Line 135: The variable `version' is assigned but its value is never used
    CS0219: Line 169: The variable `version' is assigned but its value is never used
 + ../../Source/Scripts/Items/Magical/God/Clothing/LevelOuterTorso.cs:
    CS0219: Line 30: The variable `version' is assigned but its value is never used
    CS0219: Line 65: The variable `version' is assigned but its value is never used
    CS0219: Line 100: The variable `version' is assigned but its value is never used
    CS0219: Line 267: The variable `version' is assigned but its value is never used
    CS0219: Line 302: The variable `version' is assigned but its value is never used
    CS0219: Line 339: The variable `version' is assigned but its value is never used
    CS0219: Line 373: The variable `version' is assigned but its value is never used
    CS0219: Line 409: The variable `version' is assigned but its value is never used
    CS0219: Line 445: The variable `version' is assigned but its value is never used
    CS0219: Line 482: The variable `version' is assigned but its value is never used
    CS0219: Line 519: The variable `version' is assigned but its value is never used
 + ../../Source/Scripts/Items/Magical/God/Clothing/LevelMiddleTorso.cs:
    CS0219: Line 30: The variable `version' is assigned but its value is never used
    CS0219: Line 64: The variable `version' is assigned but its value is never used
    CS0219: Line 98: The variable `version' is assigned but its value is never used
    CS0219: Line 132: The variable `version' is assigned but its value is never used
    CS0219: Line 166: The variable `version' is assigned but its value is never used
    CS0219: Line 203: The variable `version' is assigned but its value is never used
    CS0219: Line 240: The variable `version' is assigned but its value is never used
    CS0219: Line 274: The variable `version' is assigned but its value is never used
    CS0219: Line 308: The variable `version' is assigned but its value is never used
 + ../../Source/Scripts/Items/Magical/God/Shields/LevelScalemailShield.cs:
    CS0219: Line 36: The variable `version' is assigned but its value is never used
 + ../../Source/Scripts/Items/Magical/God/Shields/LevelMetalKiteShield.cs:
    CS0219: Line 46: The variable `version' is assigned but its value is never used
 + ../../Source/Scripts/Items/Magical/God/Shields/LevelChampionShield.cs:
    CS0219: Line 36: The variable `version' is assigned but its value is never used
 + ../../Source/Scripts/Items/Magical/God/Shields/LevelHeaterShield.cs:
    CS0219: Line 36: The variable `version' is assigned but its value is never used
 + ../../Source/Scripts/Items/Magical/God/Shields/LevelGuardsmanShield.cs:
    CS0219: Line 36: The variable `version' is assigned but its value is never used
 + ../../Source/Scripts/Items/Magical/God/Shields/LevelBronzeShield.cs:
    CS0219: Line 36: The variable `version' is assigned but its value is never used
 + ../../Source/Scripts/Items/Magical/God/Shields/LevelElvenShield.cs:
    CS0219: Line 36: The variable `version' is assigned but its value is never used
 + ../../Source/Scripts/Items/Magical/God/Shields/LevelWoodenKiteShield.cs:
    CS0219: Line 37: The variable `version' is assigned but its value is never used
 + ../../Source/Scripts/Items/Magical/God/Shields/LevelBuckler.cs:
    CS0219: Line 35: The variable `version' is assigned but its value is never used
 + ../../Source/Scripts/Items/Magical/God/Shields/LevelSunShield.cs:
    CS0219: Line 37: The variable `version' is assigned but its value is never used
 + ../../Source/Scripts/Items/Magical/God/Shields/LevelOrderShield.cs:
    CS0219: Line 36: The variable `version' is assigned but its value is never used
 + ../../Source/Scripts/Items/Magical/God/Shields/LevelMetalShield.cs:
    CS0219: Line 36: The variable `version' is assigned but its value is never used
 + ../../Source/Scripts/Items/Magical/God/Shields/LevelChaosShield.cs:
    CS0219: Line 36: The variable `version' is assigned but its value is never used
 + ../../Source/Scripts/Items/Magical/God/Shields/LevelVirtueShield.cs:
    CS0219: Line 37: The variable `version' is assigned but its value is never used
 + ../../Source/Scripts/Items/Magical/God/Shields/LevelWoodenShield.cs:
    CS0219: Line 37: The variable `version' is assigned but its value is never used
 + ../../Source/Scripts/Items/Magical/God/Shields/LevelJeweledShield.cs:
    CS0219: Line 36: The variable `version' is assigned but its value is never used
 + ../../Source/Scripts/Items/Magical/God/Shields/LevelRoyalShield.cs:
    CS0219: Line 23: The variable `version' is assigned but its value is never used
 + ../../Source/Scripts/Items/Magical/God/Shields/LevelDarkShield.cs:
    CS0219: Line 36: The variable `version' is assigned but its value is never used
 + ../../Source/Scripts/Items/Magical/God/Shields/LevelCrestedShield.cs:
    CS0219: Line 36: The variable `version' is assigned but its value is never used
 + ../../Source/Scripts/Items/Magical/God/Weapons/Staves/LevelGnarledStaff.cs:
    CS0219: Line 52: The variable `version' is assigned but its value is never used
 + ../../Source/Scripts/Items/Magical/God/Weapons/Staves/LevelShepherdsCrook.cs:
    CS0219: Line 54: The variable `version' is assigned but its value is never used
 + ../../Source/Scripts/Items/Magical/God/Weapons/Staves/LevelQuarterStaff.cs:
    CS0219: Line 52: The variable `version' is assigned but its value is never used
 + ../../Source/Scripts/Items/Magical/God/Weapons/Staves/LevelBlackStaff.cs:
    CS0219: Line 55: The variable `version' is assigned but its value is never used
 + ../../Source/Scripts/Items/Magical/God/Weapons/Maces/LevelWarMace.cs:
    CS0219: Line 52: The variable `version' is assigned but its value is never used
 + ../../Source/Scripts/Items/Magical/God/Weapons/Maces/LevelHammers.cs:
    CS0219: Line 52: The variable `version' is assigned but its value is never used
 + ../../Source/Scripts/Items/Magical/God/Weapons/Maces/LevelHammerPick.cs:
    CS0219: Line 53: The variable `version' is assigned but its value is never used
 + ../../Source/Scripts/Items/Magical/God/Weapons/Maces/LevelClub.cs:
    CS0219: Line 53: The variable `version' is assigned but its value is never used
 + ../../Source/Scripts/Items/Magical/God/Weapons/Maces/LevelScepter.cs:
    CS0219: Line 51: The variable `version' is assigned but its value is never used
 + ../../Source/Scripts/Items/Magical/God/Weapons/Maces/LevelMace.cs:
    CS0219: Line 52: The variable `version' is assigned but its value is never used
 + ../../Source/Scripts/Items/Magical/God/Weapons/Maces/LevelWarHammer.cs:
    CS0219: Line 55: The variable `version' is assigned but its value is never used
 + ../../Source/Scripts/Items/Magical/God/Weapons/Maces/LevelMaul.cs:
    CS0219: Line 51: The variable `version' is assigned but its value is never used
 + ../../Source/Scripts/Items/Magical/God/Weapons/Maces/LevelSpikedClub.cs:
    CS0219: Line 54: The variable `version' is assigned but its value is never used
 + ../../Source/Scripts/Items/Magical/God/Weapons/Maces/LevelWhip.cs:
    CS0219: Line 27: The variable `version' is assigned but its value is never used
 + ../../Source/Scripts/Items/Magical/God/Weapons/Axes/LevelAxe.cs:
    CS0219: Line 52: The variable `version' is assigned but its value is never used
 + ../../Source/Scripts/Items/Magical/God/Weapons/Axes/LevelPickaxe.cs:
    CS0219: Line 60: The variable `version' is assigned but its value is never used
 + ../../Source/Scripts/Items/Magical/God/Weapons/Axes/LevelTwoHandedAxe.cs:
    CS0219: Line 52: The variable `version' is assigned but its value is never used
 + ../../Source/Scripts/Items/Magical/God/Weapons/Axes/LevelWarAxe.cs:
    CS0219: Line 61: The variable `version' is assigned but its value is never used
 + ../../Source/Scripts/Items/Magical/God/Weapons/Axes/LevelLargeBattleAxe.cs:
    CS0219: Line 52: The variable `version' is assigned but its value is never used
 + ../../Source/Scripts/Items/Magical/God/Weapons/Axes/LevelDoubleAxe.cs:
    CS0219: Line 51: The variable `version' is assigned but its value is never used
 + ../../Source/Scripts/Items/Magical/God/Weapons/Axes/LevelHatchet.cs:
    CS0219: Line 51: The variable `version' is assigned but its value is never used
 + ../../Source/Scripts/Items/Magical/God/Weapons/Axes/LevelExecutionersAxe.cs:
    CS0219: Line 52: The variable `version' is assigned but its value is never used
 + ../../Source/Scripts/Items/Magical/God/Weapons/Axes/LevelBattleAxe.cs:
    CS0219: Line 53: The variable `version' is assigned but its value is never used
 + ../../Source/Scripts/Items/Magical/God/Weapons/Knives/LevelCleaver.cs:
    CS0219: Line 52: The variable `version' is assigned but its value is never used
 + ../../Source/Scripts/Items/Magical/God/Weapons/Knives/LevelDagger.cs:
    CS0219: Line 57: The variable `version' is assigned but its value is never used
 + ../../Source/Scripts/Items/Magical/God/Weapons/Knives/LevelLargeKnife.cs:
    CS0219: Line 52: The variable `version' is assigned but its value is never used
 + ../../Source/Scripts/Items/Magical/God/Weapons/Knives/LevelButcherKnife.cs:
    CS0219: Line 51: The variable `version' is assigned but its value is never used
 + ../../Source/Scripts/Items/Magical/God/Weapons/Swords/LevelRoyalSword.cs:
    CS0219: Line 30: The variable `version' is assigned but its value is never used
 + ../../Source/Scripts/Items/Magical/God/Weapons/Swords/LevelLance.cs:
    CS0219: Line 58: The variable `version' is assigned but its value is never used
 + ../../Source/Scripts/Items/Magical/God/Weapons/Swords/LevelCutlass.cs:
    CS0219: Line 55: The variable `version' is assigned but its value is never used
 + ../../Source/Scripts/Items/Magical/God/Weapons/Swords/LevelDoubleLaserSword.cs:
    CS0219: Line 69: The variable `version' is assigned but its value is never used
 + ../../Source/Scripts/Items/Magical/God/Weapons/Swords/LevelBoneHarvester.cs:
    CS0219: Line 54: The variable `version' is assigned but its value is never used
 + ../../Source/Scripts/Items/Magical/God/Weapons/Swords/LevelBroadsword.cs:
    CS0219: Line 55: The variable `version' is assigned but its value is never used
 + ../../Source/Scripts/Items/Magical/God/Weapons/Swords/LevelScimitar.cs:
    CS0219: Line 55: The variable `version' is assigned but its value is never used
 + ../../Source/Scripts/Items/Magical/God/Weapons/Swords/LevelThinLongsword.cs:
    CS0219: Line 55: The variable `version' is assigned but its value is never used
 + ../../Source/Scripts/Items/Magical/God/Weapons/Swords/LevelKatana.cs:
    CS0219: Line 55: The variable `version' is assigned but its value is never used
 + ../../Source/Scripts/Items/Magical/God/Weapons/Swords/LevelLaserSword.cs:
    CS0219: Line 69: The variable `version' is assigned but its value is never used
 + ../../Source/Scripts/Items/Magical/God/Weapons/Swords/LevelShortSword.cs:
    CS0219: Line 55: The variable `version' is assigned but its value is never used
 + ../../Source/Scripts/Items/Magical/God/Weapons/Swords/LevelCrescentBlade.cs:
    CS0219: Line 56: The variable `version' is assigned but its value is never used
 + ../../Source/Scripts/Items/Magical/God/Weapons/Swords/LevelClaymore.cs:
    CS0219: Line 55: The variable `version' is assigned but its value is never used
 + ../../Source/Scripts/Items/Magical/God/Weapons/Swords/LevelLongsword.cs:
    CS0219: Line 55: The variable `version' is assigned but its value is never used
 + ../../Source/Scripts/Items/Magical/God/Weapons/Swords/LevelVikingSword.cs:
    CS0219: Line 55: The variable `version' is assigned but its value is never used
 + ../../Source/Scripts/Items/Magical/God/Weapons/Swords/LevelKryss.cs:
    CS0219: Line 58: The variable `version' is assigned but its value is never used
 + ../../Source/Scripts/Items/Magical/God/Weapons/Ranged/LevelCompositeBow.cs:
    CS0219: Line 62: The variable `version' is assigned but its value is never used
 + ../../Source/Scripts/Items/Magical/God/Weapons/Ranged/LevelBow.cs:
    CS0219: Line 62: The variable `version' is assigned but its value is never used
 + ../../Source/Scripts/Items/Magical/God/Weapons/Ranged/LevelHeavyCrossbow.cs:
    CS0219: Line 59: The variable `version' is assigned but its value is never used
 + ../../Source/Scripts/Items/Magical/God/Weapons/Ranged/LevelRepeatingCrossbow.cs:
    CS0219: Line 58: The variable `version' is assigned but its value is never used
 + ../../Source/Scripts/Items/Magical/God/Weapons/Ranged/LevelCrossbow.cs:
    CS0219: Line 60: The variable `version' is assigned but its value is never used
 + ../../Source/Scripts/Items/Magical/God/Weapons/SE Weapons/LevelSai.cs:
    CS0219: Line 59: The variable `version' is assigned but its value is never used
 + ../../Source/Scripts/Items/Magical/God/Weapons/SE Weapons/LevelTetsubo.cs:
    CS0219: Line 57: The variable `version' is assigned but its value is never used
 + ../../Source/Scripts/Items/Magical/God/Weapons/SE Weapons/LevelBokuto.cs:
    CS0219: Line 55: The variable `version' is assigned but its value is never used
 + ../../Source/Scripts/Items/Magical/God/Weapons/SE Weapons/LevelTessen.cs:
    CS0219: Line 57: The variable `version' is assigned but its value is never used
 + ../../Source/Scripts/Items/Magical/God/Weapons/SE Weapons/LevelDaisho.cs:
    CS0219: Line 55: The variable `version' is assigned but its value is never used
 + ../../Source/Scripts/Items/Magical/God/Weapons/SE Weapons/LevelYumi.cs:
    CS0219: Line 62: The variable `version' is assigned but its value is never used
 + ../../Source/Scripts/Items/Magical/God/Weapons/SE Weapons/LevelLajatang.cs:
    CS0219: Line 59: The variable `version' is assigned but its value is never used
 + ../../Source/Scripts/Items/Magical/God/Weapons/SE Weapons/LevelKama.cs:
    CS0219: Line 59: The variable `version' is assigned but its value is never used
 + ../../Source/Scripts/Items/Magical/God/Weapons/SE Weapons/LevelNoDachi.cs:
    CS0219: Line 55: The variable `version' is assigned but its value is never used
 + ../../Source/Scripts/Items/Magical/God/Weapons/SE Weapons/LevelNunchaku.cs:
    CS0219: Line 55: The variable `version' is assigned but its value is never used
 + ../../Source/Scripts/Items/Magical/God/Weapons/SE Weapons/LevelWakizashi.cs:
    CS0219: Line 55: The variable `version' is assigned but its value is never used
 + ../../Source/Scripts/Items/Magical/God/Weapons/SE Weapons/LevelTekagi.cs:
    CS0219: Line 59: The variable `version' is assigned but its value is never used
 + ../../Source/Scripts/Items/Magical/God/Weapons/SpearsAndForks/LevelWarFork.cs:
    CS0219: Line 58: The variable `version' is assigned but its value is never used
 + ../../Source/Scripts/Items/Magical/God/Weapons/SpearsAndForks/LevelPike.cs:
    CS0219: Line 51: The variable `version' is assigned but its value is never used
 + ../../Source/Scripts/Items/Magical/God/Weapons/SpearsAndForks/LevelTribalSpear.cs:
    CS0219: Line 59: The variable `version' is assigned but its value is never used
 + ../../Source/Scripts/Items/Magical/God/Weapons/SpearsAndForks/LevelSpear.cs:
    CS0219: Line 52: The variable `version' is assigned but its value is never used
 + ../../Source/Scripts/Items/Magical/God/Weapons/SpearsAndForks/LevelDoubleBladedStaff.cs:
    CS0219: Line 52: The variable `version' is assigned but its value is never used
 + ../../Source/Scripts/Items/Magical/God/Weapons/SpearsAndForks/LevelPitchfork.cs:
    CS0219: Line 51: The variable `version' is assigned but its value is never used
 + ../../Source/Scripts/Items/Magical/God/Weapons/SpearsAndForks/LevelBladedStaff.cs:
    CS0219: Line 53: The variable `version' is assigned but its value is never used
 + ../../Source/Scripts/Items/Magical/God/Weapons/SpearsAndForks/LevelShortSpear.cs:
    CS0219: Line 55: The variable `version' is assigned but its value is never used
 + ../../Source/Scripts/Items/Magical/God/Weapons/ML Weapons/LevelOrnateAxe.cs:
    CS0219: Line 56: The variable `version' is assigned but its value is never used
 + ../../Source/Scripts/Items/Magical/God/Weapons/ML Weapons/LevelMagicalShortbow.cs:
    CS0219: Line 59: The variable `version' is assigned but its value is never used
 + ../../Source/Scripts/Items/Magical/God/Weapons/ML Weapons/LevelAssassinSpike.cs:
    CS0219: Line 55: The variable `version' is assigned but its value is never used
 + ../../Source/Scripts/Items/Magical/God/Weapons/ML Weapons/LevelRuneBlade.cs:
    CS0219: Line 56: The variable `version' is assigned but its value is never used
 + ../../Source/Scripts/Items/Magical/God/Weapons/ML Weapons/LevelDiamondMace.cs:
    CS0219: Line 52: The variable `version' is assigned but its value is never used
 + ../../Source/Scripts/Items/Magical/God/Weapons/ML Weapons/LevelElvenCompositeLongbow.cs:
    CS0219: Line 62: The variable `version' is assigned but its value is never used
 + ../../Source/Scripts/Items/Magical/God/Weapons/ML Weapons/LevelRadiantScimitar.cs:
    CS0219: Line 55: The variable `version' is assigned but its value is never used
 + ../../Source/Scripts/Items/Magical/God/Weapons/ML Weapons/LevelLeafblade.cs:
    CS0219: Line 54: The variable `version' is assigned but its value is never used
 + ../../Source/Scripts/Items/Magical/God/Weapons/ML Weapons/LevelWildStaff.cs:
    CS0219: Line 53: The variable `version' is assigned but its value is never used
 + ../../Source/Scripts/Items/Magical/God/Weapons/ML Weapons/LevelElvenSpellblade.cs:
    CS0219: Line 54: The variable `version' is assigned but its value is never used
 + ../../Source/Scripts/Items/Magical/God/Weapons/ML Weapons/LevelWarCleaver.cs:
    CS0219: Line 58: The variable `version' is assigned but its value is never used
 + ../../Source/Scripts/Items/Magical/God/Weapons/ML Weapons/LevelElvenMachete.cs:
    CS0219: Line 55: The variable `version' is assigned but its value is never used
 + ../../Source/Scripts/Items/Magical/God/Weapons/PoleArms/LevelBardiche.cs:
    CS0219: Line 51: The variable `version' is assigned but its value is never used
 + ../../Source/Scripts/Items/Magical/God/Weapons/PoleArms/LevelHalberd.cs:
    CS0219: Line 52: The variable `version' is assigned but its value is never used
 + ../../Source/Scripts/Items/Magical/God/Weapons/PoleArms/LevelScythe.cs:
    CS0219: Line 55: The variable `version' is assigned but its value is never used
 + ../../Source/Scripts/Items/Magical/God/Weapons/LevelThrowingGloves.cs:
    CS0219: Line 171: The variable `version' is assigned but its value is never used
 + ../../Source/Scripts/Items/Magical/God/Weapons/LevelHarpoon.cs:
    CS0219: Line 63: The variable `a' is assigned but its value is never used
    CS0219: Line 154: The variable `version' is assigned but its value is never used
 + ../../Source/Scripts/Items/Magical/God/Weapons/LevelStave.cs:
    CS0219: Line 99: The variable `version' is assigned but its value is never used
    CS0219: Line 189: The variable `version' is assigned but its value is never used
    CS0219: Line 311: The variable `a' is assigned but its value is never used
    CS0219: Line 414: The variable `version' is assigned but its value is never used
 + ../../Source/Scripts/Items/Magical/God/Weapons/LevelPugilistMits.cs:
    CS0219: Line 65: The variable `version' is assigned but its value is never used
 + ../../Source/Scripts/Items/Magical/God/Armor/Helmets/LevelPlateHelm.cs:
    CS0219: Line 47: The variable `version' is assigned but its value is never used
 + ../../Source/Scripts/Items/Magical/God/Armor/Helmets/LevelDreadHelm.cs:
    CS0219: Line 47: The variable `version' is assigned but its value is never used
 + ../../Source/Scripts/Items/Magical/God/Armor/Helmets/LevelNorseHelm.cs:
    CS0219: Line 44: The variable `version' is assigned but its value is never used
 + ../../Source/Scripts/Items/Magical/God/Armor/Helmets/LevelRoyalHelm.cs:
    CS0219: Line 29: The variable `version' is assigned but its value is never used
 + ../../Source/Scripts/Items/Magical/God/Armor/Helmets/LevelCloseHelm.cs:
    CS0219: Line 43: The variable `version' is assigned but its value is never used
 + ../../Source/Scripts/Items/Magical/God/Armor/Helmets/LevelCirclet.cs:
    CS0219: Line 49: The variable `version' is assigned but its value is never used
 + ../../Source/Scripts/Items/Magical/God/Armor/Helmets/LevelOniwabanHood.cs:
    CS0219: Line 27: The variable `version' is assigned but its value is never used
 + ../../Source/Scripts/Items/Magical/God/Armor/Helmets/LevelBoneHelm.cs:
    CS0219: Line 47: The variable `version' is assigned but its value is never used
 + ../../Source/Scripts/Items/Magical/God/Armor/Helmets/LevelHelmet.cs:
    CS0219: Line 43: The variable `version' is assigned but its value is never used
 + ../../Source/Scripts/Items/Magical/God/Armor/Helmets/LevelOrcHelm.cs:
    CS0219: Line 47: The variable `version' is assigned but its value is never used
 + ../../Source/Scripts/Items/Magical/God/Armor/Helmets/LevelChainCoif.cs:
    CS0219: Line 45: The variable `version' is assigned but its value is never used
 + ../../Source/Scripts/Items/Magical/God/Armor/Helmets/LevelBascinet.cs:
    CS0219: Line 44: The variable `version' is assigned but its value is never used
 + ../../Source/Scripts/Items/Magical/God/Armor/Helmets/LevelLeatherCap.cs:
    CS0219: Line 47: The variable `version' is assigned but its value is never used
 + ../../Source/Scripts/Items/Magical/God/Armor/Bone/LevelBoneArms.cs:
    CS0219: Line 51: The variable `version' is assigned but its value is never used
 + ../../Source/Scripts/Items/Magical/God/Armor/Bone/LevelBoneGloves.cs:
    CS0219: Line 51: The variable `version' is assigned but its value is never used
 + ../../Source/Scripts/Items/Magical/God/Armor/Bone/LevelBoneLegs.cs:
    CS0219: Line 48: The variable `version' is assigned but its value is never used
 + ../../Source/Scripts/Items/Magical/God/Armor/Bone/LevelBoneChest.cs:
    CS0219: Line 51: The variable `version' is assigned but its value is never used
 + ../../Source/Scripts/Items/Magical/God/Armor/Plate/LevelPlateLegs.cs:
    CS0219: Line 47: The variable `version' is assigned but its value is never used
 + ../../Source/Scripts/Items/Magical/God/Armor/Plate/LevelLightPlateJingasa.cs:
    CS0219: Line 43: The variable `version' is assigned but its value is never used
 + ../../Source/Scripts/Items/Magical/God/Armor/Plate/LevelHeavyPlateJingasa.cs:
    CS0219: Line 43: The variable `version' is assigned but its value is never used
 + ../../Source/Scripts/Items/Magical/God/Armor/Plate/LevelPlateMempo.cs:
    CS0219: Line 43: The variable `version' is assigned but its value is never used
 + ../../Source/Scripts/Items/Magical/God/Armor/Plate/LevelPlateHatsuburi.cs:
    CS0219: Line 43: The variable `version' is assigned but its value is never used
 + ../../Source/Scripts/Items/Magical/God/Armor/Plate/LevelPlateGorget.cs:
    CS0219: Line 45: The variable `version' is assigned but its value is never used
 + ../../Source/Scripts/Items/Magical/God/Armor/Plate/LevelDecorativePlateKabuto.cs:
    CS0219: Line 43: The variable `version' is assigned but its value is never used
 + ../../Source/Scripts/Items/Magical/God/Armor/Plate/LevelPlateHiroSode.cs:
    CS0219: Line 43: The variable `version' is assigned but its value is never used
 + ../../Source/Scripts/Items/Magical/God/Armor/Plate/LevelPlateBattleKabuto.cs:
    CS0219: Line 43: The variable `version' is assigned but its value is never used
 + ../../Source/Scripts/Items/Magical/God/Armor/Plate/LevelPlateSuneate.cs:
    CS0219: Line 43: The variable `version' is assigned but its value is never used
 + ../../Source/Scripts/Items/Magical/God/Armor/Plate/LevelPlateArms.cs:
    CS0219: Line 47: The variable `version' is assigned but its value is never used
 + ../../Source/Scripts/Items/Magical/God/Armor/Plate/LevelPlateGloves.cs:
    CS0219: Line 46: The variable `version' is assigned but its value is never used
 + ../../Source/Scripts/Items/Magical/God/Armor/Plate/LevelStandardPlateKabuto.cs:
    CS0219: Line 43: The variable `version' is assigned but its value is never used
 + ../../Source/Scripts/Items/Magical/God/Armor/Plate/LevelPlateChest.cs:
    CS0219: Line 47: The variable `version' is assigned but its value is never used
 + ../../Source/Scripts/Items/Magical/God/Armor/Plate/LevelPlateDo.cs:
    CS0219: Line 43: The variable `version' is assigned but its value is never used
 + ../../Source/Scripts/Items/Magical/God/Armor/Plate/LevelFemalePlateChest.cs:
    CS0219: Line 48: The variable `version' is assigned but its value is never used
 + ../../Source/Scripts/Items/Magical/God/Armor/Plate/LevelSmallPlateJingasa.cs:
    CS0219: Line 43: The variable `version' is assigned but its value is never used
 + ../../Source/Scripts/Items/Magical/God/Armor/Plate/LevelPlateHaidate.cs:
    CS0219: Line 43: The variable `version' is assigned but its value is never used
 + ../../Source/Scripts/Items/Magical/God/Armor/Chain/LevelChainHatsuburi.cs:
    CS0219: Line 43: The variable `version' is assigned but its value is never used
 + ../../Source/Scripts/Items/Magical/God/Armor/Chain/LevelChainLegs.cs:
    CS0219: Line 47: The variable `version' is assigned but its value is never used
 + ../../Source/Scripts/Items/Magical/God/Armor/Chain/LevelChainChest.cs:
    CS0219: Line 47: The variable `version' is assigned but its value is never used
 + ../../Source/Scripts/Items/Magical/God/Armor/Dragon/LevelDragonChest.cs:
    CS0219: Line 49: The variable `version' is assigned but its value is never used
 + ../../Source/Scripts/Items/Magical/God/Armor/Dragon/LevelDragonHelm.cs:
    CS0219: Line 49: The variable `version' is assigned but its value is never used
 + ../../Source/Scripts/Items/Magical/God/Armor/Dragon/LevelDragonLegs.cs:
    CS0219: Line 49: The variable `version' is assigned but its value is never used
 + ../../Source/Scripts/Items/Magical/God/Armor/Dragon/LevelDragonGloves.cs:
    CS0219: Line 49: The variable `version' is assigned but its value is never used
 + ../../Source/Scripts/Items/Magical/God/Armor/Dragon/LevelDragonArms.cs:
    CS0219: Line 49: The variable `version' is assigned but its value is never used
 + ../../Source/Scripts/Items/Magical/God/Armor/Leather/LevelLeatherDo.cs:
    CS0219: Line 46: The variable `version' is assigned but its value is never used
 + ../../Source/Scripts/Items/Magical/God/Armor/Leather/LevelLeatherSuneate.cs:
    CS0219: Line 46: The variable `version' is assigned but its value is never used
 + ../../Source/Scripts/Items/Magical/God/Armor/Leather/LevelLeatherLegs.cs:
    CS0219: Line 47: The variable `version' is assigned but its value is never used
 + ../../Source/Scripts/Items/Magical/God/Armor/Leather/LevelLeatherNinjaHood.cs:
    CS0219: Line 46: The variable `version' is assigned but its value is never used
 + ../../Source/Scripts/Items/Magical/God/Armor/Leather/LevelLeatherHiroSode.cs:
    CS0219: Line 46: The variable `version' is assigned but its value is never used
 + ../../Source/Scripts/Items/Magical/God/Armor/Leather/LevelLeatherChest.cs:
    CS0219: Line 48: The variable `version' is assigned but its value is never used
 + ../../Source/Scripts/Items/Magical/God/Armor/Leather/LevelLeatherHaidate.cs:
    CS0219: Line 46: The variable `version' is assigned but its value is never used
 + ../../Source/Scripts/Items/Magical/God/Armor/Leather/LevelLeatherRobe.cs:
    CS0219: Line 50: The variable `version' is assigned but its value is never used
 + ../../Source/Scripts/Items/Magical/God/Armor/Leather/LevelLeatherNinjaMitts.cs:
    CS0219: Line 46: The variable `version' is assigned but its value is never used
 + ../../Source/Scripts/Items/Magical/God/Armor/Leather/LevelLeatherSkirt.cs:
    CS0219: Line 52: The variable `version' is assigned but its value is never used
 + ../../Source/Scripts/Items/Magical/God/Armor/Leather/LevelLeatherJingasa.cs:
    CS0219: Line 46: The variable `version' is assigned but its value is never used
 + ../../Source/Scripts/Items/Magical/God/Armor/Leather/LevelFemaleLeatherChest.cs:
    CS0219: Line 49: The variable `version' is assigned but its value is never used
 + ../../Source/Scripts/Items/Magical/God/Armor/Leather/LevelOniwabanGloves.cs:
    CS0219: Line 27: The variable `version' is assigned but its value is never used
 + ../../Source/Scripts/Items/Magical/God/Armor/Leather/LevelLeatherArms.cs:
    CS0219: Line 47: The variable `version' is assigned but its value is never used
 + ../../Source/Scripts/Items/Magical/God/Armor/Leather/LevelLeatherNinjaPants.cs:
    CS0219: Line 46: The variable `version' is assigned but its value is never used
 + ../../Source/Scripts/Items/Magical/God/Armor/Leather/LevelLeatherMempo.cs:
    CS0219: Line 46: The variable `version' is assigned but its value is never used
 + ../../Source/Scripts/Items/Magical/God/Armor/Leather/LevelLeatherGorget.cs:
    CS0219: Line 46: The variable `version' is assigned but its value is never used
 + ../../Source/Scripts/Items/Magical/God/Armor/Leather/LevelLeatherShorts.cs:
    CS0219: Line 49: The variable `version' is assigned but its value is never used
 + ../../Source/Scripts/Items/Magical/God/Armor/Leather/LevelOniwabanTunic.cs:
    CS0219: Line 27: The variable `version' is assigned but its value is never used
 + ../../Source/Scripts/Items/Magical/God/Armor/Leather/LevelOniwabanBoots.cs:
    CS0219: Line 50: The variable `version' is assigned but its value is never used
 + ../../Source/Scripts/Items/Magical/God/Armor/Leather/LevelShinobiGarb.cs:
    CS0219: Line 31: The variable `version' is assigned but its value is never used
    CS0219: Line 60: The variable `version' is assigned but its value is never used
    CS0219: Line 89: The variable `version' is assigned but its value is never used
    CS0219: Line 118: The variable `version' is assigned but its value is never used
 + ../../Source/Scripts/Items/Magical/God/Armor/Leather/LevelLeatherBustierArms.cs:
    CS0219: Line 49: The variable `version' is assigned but its value is never used
 + ../../Source/Scripts/Items/Magical/God/Armor/Leather/LevelLeatherNinjaJacket.cs:
    CS0219: Line 46: The variable `version' is assigned but its value is never used
 + ../../Source/Scripts/Items/Magical/God/Armor/Leather/LevelLeatherCloak.cs:
    CS0219: Line 50: The variable `version' is assigned but its value is never used
 + ../../Source/Scripts/Items/Magical/God/Armor/Leather/LevelOniwabanLeggings.cs:
    CS0219: Line 27: The variable `version' is assigned but its value is never used
 + ../../Source/Scripts/Items/Magical/God/Armor/Ring/LevelRingmailLegs.cs:
    CS0219: Line 46: The variable `version' is assigned but its value is never used
 + ../../Source/Scripts/Items/Magical/God/Armor/Ring/LevelRingmailGloves.cs:
    CS0219: Line 46: The variable `version' is assigned but its value is never used
 + ../../Source/Scripts/Items/Magical/God/Armor/Ring/LevelRingmailArms.cs:
    CS0219: Line 46: The variable `version' is assigned but its value is never used
 + ../../Source/Scripts/Items/Magical/God/Armor/Ring/LevelRingmailChest.cs:
    CS0219: Line 46: The variable `version' is assigned but its value is never used
 + ../../Source/Scripts/Items/Magical/God/Armor/Royal/LevelRoyalLegs.cs:
    CS0219: Line 29: The variable `version' is assigned but its value is never used
 + ../../Source/Scripts/Items/Magical/God/Armor/Royal/LevelRoyalGloves.cs:
    CS0219: Line 29: The variable `version' is assigned but its value is never used
 + ../../Source/Scripts/Items/Magical/God/Armor/Royal/LevelRoyalChest.cs:
    CS0219: Line 29: The variable `version' is assigned but its value is never used
 + ../../Source/Scripts/Items/Magical/God/Armor/Royal/LevelRoyalGorget.cs:
    CS0219: Line 29: The variable `version' is assigned but its value is never used
 + ../../Source/Scripts/Items/Magical/God/Armor/Royal/LevelRoyalArms.cs:
    CS0219: Line 29: The variable `version' is assigned but its value is never used
 + ../../Source/Scripts/Items/Magical/God/Armor/Royal/LevelRoyalBoots.cs:
    CS0219: Line 30: The variable `version' is assigned but its value is never used
 + ../../Source/Scripts/Items/Magical/God/Armor/Studded/LevelStuddedLegs.cs:
    CS0219: Line 47: The variable `version' is assigned but its value is never used
 + ../../Source/Scripts/Items/Magical/God/Armor/Studded/LevelStuddedGorget.cs:
    CS0219: Line 46: The variable `version' is assigned but its value is never used
 + ../../Source/Scripts/Items/Magical/God/Armor/Studded/LevelStuddedDo.cs:
    CS0219: Line 44: The variable `version' is assigned but its value is never used
 + ../../Source/Scripts/Items/Magical/God/Armor/Studded/LevelStuddedMempo.cs:
    CS0219: Line 44: The variable `version' is assigned but its value is never used
 + ../../Source/Scripts/Items/Magical/God/Armor/Studded/LevelFemaleStuddedChest.cs:
    CS0219: Line 49: The variable `version' is assigned but its value is never used
 + ../../Source/Scripts/Items/Magical/God/Armor/Studded/LevelStuddedArms.cs:
    CS0219: Line 47: The variable `version' is assigned but its value is never used
 + ../../Source/Scripts/Items/Magical/God/Armor/Studded/LevelStuddedChest.cs:
    CS0219: Line 47: The variable `version' is assigned but its value is never used
 + ../../Source/Scripts/Items/Magical/God/Armor/Studded/LevelStuddedHaidate.cs:
    CS0219: Line 44: The variable `version' is assigned but its value is never used
 + ../../Source/Scripts/Items/Magical/God/Armor/Studded/LevelStuddedHiroSode.cs:
    CS0219: Line 44: The variable `version' is assigned but its value is never used
 + ../../Source/Scripts/Items/Magical/God/Armor/Studded/LevelStuddedGloves.cs:
    CS0219: Line 47: The variable `version' is assigned but its value is never used
 + ../../Source/Scripts/Items/Magical/God/Armor/Studded/LevelStuddedBustierArms.cs:
    CS0219: Line 49: The variable `version' is assigned but its value is never used
 + ../../Source/Scripts/Items/Magical/God/Armor/Studded/LevelStuddedSuneate.cs:
    CS0219: Line 44: The variable `version' is assigned but its value is never used
 + ../../Source/Scripts/Items/Magical/God/Armor/LevelWoodenArmor.cs:
    CS0219: Line 49: The variable `version' is assigned but its value is never used
    CS0219: Line 97: The variable `version' is assigned but its value is never used
    CS0219: Line 145: The variable `version' is assigned but its value is never used
    CS0219: Line 193: The variable `version' is assigned but its value is never used
    CS0219: Line 241: The variable `version' is assigned but its value is never used
    CS0219: Line 289: The variable `version' is assigned but its value is never used
 + ../../Source/Scripts/Items/Magical/God/Jewels/MagicCandle.cs:
    CS0219: Line 101: The variable `version' is assigned but its value is never used
 + ../../Source/Scripts/Items/Magical/God/Jewels/LevelBracelet.cs:
    CS0219: Line 29: The variable `version' is assigned but its value is never used
    CS0219: Line 59: The variable `version' is assigned but its value is never used
    CS0219: Line 89: The variable `version' is assigned but its value is never used
 + ../../Source/Scripts/Items/Magical/God/Jewels/MagicSash.cs:
    CS0219: Line 35: The variable `version' is assigned but its value is never used
 + ../../Source/Scripts/Items/Magical/God/Jewels/MagicTalisman.cs:
    CS0219: Line 35: The variable `version' is assigned but its value is never used
    CS0219: Line 67: The variable `version' is assigned but its value is never used
    CS0219: Line 99: The variable `version' is assigned but its value is never used
    CS0219: Line 131: The variable `version' is assigned but its value is never used
 + ../../Source/Scripts/Items/Magical/God/Jewels/MagicLantern.cs:
    CS0219: Line 102: The variable `version' is assigned but its value is never used
 + ../../Source/Scripts/Items/Magical/God/Jewels/MagicBelt.cs:
    CS0219: Line 35: The variable `version' is assigned but its value is never used
    CS0219: Line 65: The variable `version' is assigned but its value is never used
 + ../../Source/Scripts/Items/Magical/God/Jewels/LevelEarrings.cs:
    CS0219: Line 29: The variable `version' is assigned but its value is never used
    CS0219: Line 60: The variable `version' is assigned but its value is never used
    CS0219: Line 89: The variable `version' is assigned but its value is never used
 + ../../Source/Scripts/Items/Magical/God/Jewels/LevelRing.cs:
    CS0219: Line 26: The variable `version' is assigned but its value is never used
    CS0219: Line 58: The variable `version' is assigned but its value is never used
    CS0219: Line 87: The variable `version' is assigned but its value is never used
 + ../../Source/Scripts/Items/Magical/God/Jewels/MagicTorch.cs:
    CS0219: Line 101: The variable `version' is assigned but its value is never used
 + ../../Source/Scripts/Items/Magical/God/Jewels/LevelNecklace.cs:
    CS0219: Line 29: The variable `version' is assigned but its value is never used
    CS0219: Line 59: The variable `version' is assigned but its value is never used
    CS0219: Line 90: The variable `version' is assigned but its value is never used
    CS0219: Line 121: The variable `version' is assigned but its value is never used
    CS0219: Line 153: The variable `version' is assigned but its value is never used
    CS0219: Line 184: The variable `version' is assigned but its value is never used
 + ../../Source/Scripts/Items/Magical/God/LegendsBook.cs:
    CS0219: Line 42: The variable `pedia' is assigned but its value is never used
    CS0219: Line 207: The variable `version' is assigned but its value is never used
 + ../../Source/Scripts/Items/Magical/God/ItemExperienceToken.cs:
    CS0219: Line 159: The variable `version' is assigned but its value is never used
 + ../../Source/Scripts/Items/Magical/God/LegendaryArtifactRename.cs:
    CS0219: Line 128: The variable `version' is assigned but its value is never used
 + ../../Source/Scripts/Items/Magical/LuckyHorseShoes.cs:
    CS0219: Line 41: The variable `version' is assigned but its value is never used
 + ../../Source/Scripts/Items/Magical/RuneOfVirtue.cs:
    CS0219: Line 184: The variable `version' is assigned but its value is never used
 + ../../Source/Scripts/Items/Magical/MagicQuiver.cs:
    CS0219: Line 63: The variable `version' is assigned but its value is never used
 + ../../Source/Scripts/Items/Magical/WeaponRenamingTool.cs:
    CS0219: Line 54: The variable `version' is assigned but its value is never used
 + ../../Source/Scripts/Items/Magical/Moonstone.cs:
    CS0219: Line 109: The variable `version' is assigned but its value is never used
 + ../../Source/Scripts/Items/Magical/SlayerDeed.cs:
    CS0219: Line 228: The variable `version' is assigned but its value is never used
 + ../../Source/Scripts/Items/Magical/ManualOfItems.cs:
    CS0219: Line 107: The variable `pedia' is assigned but its value is never used
    CS0219: Line 817: The variable `version' is assigned but its value is never used
 + ../../Source/Scripts/Items/Magical/DraculaSword.cs:
    CS0219: Line 37: The variable `version' is assigned but its value is never used
 + ../../Source/Scripts/Items/Magical/HydraTooth.cs:
    CS0219: Line 53: The variable `version' is assigned but its value is never used
 + ../../Source/Scripts/Items/Boats/BoatModel.cs:
    CS0219: Line 40: The variable `version' is assigned but its value is never used
    CS0219: Line 74: The variable `version' is assigned but its value is never used
 + ../../Source/Scripts/Items/Boats/Cargo.cs:
    CS0219: Line 326: The variable `version' is assigned but its value is never used
 + ../../Source/Scripts/Items/Boats/DockingLantern.cs:
    CS0219: Line 82: The variable `version' is assigned but its value is never used
 + ../../Source/Scripts/Items/Boats/BoatDoor.cs:
    CS0219: Line 265: The variable `version' is assigned but its value is never used
 + ../../Source/Scripts/Items/Boats/LargeBoat.cs:
    CS0219: Line 40: The variable `version' is assigned but its value is never used
    CS0219: Line 69: The variable `version' is assigned but its value is never used
    CS0219: Line 96: The variable `version' is assigned but its value is never used
 + ../../Source/Scripts/Items/Boats/MediumBoat.cs:
    CS0219: Line 39: The variable `version' is assigned but its value is never used
    CS0219: Line 68: The variable `version' is assigned but its value is never used
    CS0219: Line 95: The variable `version' is assigned but its value is never used
 + ../../Source/Scripts/Items/Boats/PirateBounty.cs:
    CS0219: Line 103: The variable `version' is assigned but its value is never used
 + ../../Source/Scripts/Items/Boats/SmallBoat.cs:
    CS0219: Line 37: The variable `version' is assigned but its value is never used
    CS0219: Line 66: The variable `version' is assigned but its value is never used
    CS0219: Line 93: The variable `version' is assigned but its value is never used
 + ../../Source/Scripts/Items/Boats/SmallDragonBoat.cs:
    CS0219: Line 37: The variable `version' is assigned but its value is never used
    CS0219: Line 66: The variable `version' is assigned but its value is never used
    CS0219: Line 93: The variable `version' is assigned but its value is never used
 + ../../Source/Scripts/Items/Boats/CarpetBuild.cs:
    CS0219: Line 193: The variable `version' is assigned but its value is never used
 + ../../Source/Scripts/Items/Boats/BaseBoat.cs:
    CS0219: Line 762: The variable `reg' is assigned but its value is never used
    CS0219: Line 1266: The variable `sWorld' is assigned but its value is never used
    CS0414: Line 977: The private field `Server.Multis.BaseBoat.Port' is assigned but its value is never used
    CS0414: Line 978: The private field `Server.Multis.BaseBoat.Starboard' is assigned but its value is never used
 + ../../Source/Scripts/Items/Boats/BoatBuild.cs:
    CS0219: Line 172: The variable `version' is assigned but its value is never used
 + ../../Source/Scripts/Items/Boats/GrapplingHook.cs:
    CS0219: Line 94: The variable `version' is assigned but its value is never used
 + ../../Source/Scripts/Items/Boats/TinyBoat.cs:
    CS0219: Line 31: The variable `version' is assigned but its value is never used
 + ../../Source/Scripts/Items/Boats/Galleons.cs:
    CS0219: Line 37: The variable `version' is assigned but its value is never used
    CS0219: Line 78: The variable `version' is assigned but its value is never used
    CS0219: Line 119: The variable `version' is assigned but its value is never used
    CS0219: Line 160: The variable `version' is assigned but its value is never used
    CS0219: Line 201: The variable `version' is assigned but its value is never used
    CS0219: Line 242: The variable `version' is assigned but its value is never used
    CS0219: Line 283: The variable `version' is assigned but its value is never used
    CS0219: Line 324: The variable `version' is assigned but its value is never used
    CS0219: Line 365: The variable `version' is assigned but its value is never used
    CS0219: Line 406: The variable `version' is assigned but its value is never used
    CS0219: Line 447: The variable `version' is assigned but its value is never used
 + ../../Source/Scripts/Items/Boats/MediumDragonBoat.cs:
    CS0219: Line 39: The variable `version' is assigned but its value is never used
    CS0219: Line 68: The variable `version' is assigned but its value is never used
    CS0219: Line 95: The variable `version' is assigned but its value is never used
 + ../../Source/Scripts/Items/Boats/Vessels.cs:
    CS0219: Line 32: The variable `version' is assigned but its value is never used
    CS0219: Line 62: The variable `version' is assigned but its value is never used
    CS0219: Line 89: The variable `version' is assigned but its value is never used
    CS0219: Line 116: The variable `version' is assigned but its value is never used
    CS0219: Line 143: The variable `version' is assigned but its value is never used
    CS0219: Line 170: The variable `version' is assigned but its value is never used
 + ../../Source/Scripts/Items/Boats/BoatStain.cs:
    CS0219: Line 100: The variable `version' is assigned but its value is never used
    CS0414: Line 52: The private field `Server.Items.BoatStain.DyeTarget.m_Dye' is assigned but its value is never used
 + ../../Source/Scripts/Items/Boats/LargeDragonBoat.cs:
    CS0219: Line 39: The variable `version' is assigned but its value is never used
    CS0219: Line 68: The variable `version' is assigned but its value is never used
    CS0219: Line 95: The variable `version' is assigned but its value is never used
 + ../../Source/Scripts/Items/Technology/Landmine.cs:
    CS0219: Line 109: The variable `version' is assigned but its value is never used
 + ../../Source/Scripts/Items/Technology/Chainsaw.cs:
    CS0219: Line 188: The variable `version' is assigned but its value is never used
 + ../../Source/Scripts/Items/Technology/Canteen.cs:
    CS0219: Line 65: The variable `version' is assigned but its value is never used
 + ../../Source/Scripts/Items/Technology/DoubleLaserSword.cs:
    CS0219: Line 75: The variable `version' is assigned but its value is never used
 + ../../Source/Scripts/Items/Technology/AlienEgg.cs:
    CS0219: Line 114: The variable `version' is assigned but its value is never used
 + ../../Source/Scripts/Items/Technology/DuctTape.cs:
    CS0219: Line 59: The variable `version' is assigned but its value is never used
 + ../../Source/Scripts/Items/Technology/ThermalDetonator.cs:
    CS0219: Line 34: The variable `version' is assigned but its value is never used
 + ../../Source/Scripts/Items/Technology/MedicalRecord.cs:
    CS0219: Line 82: The variable `version' is assigned but its value is never used
 + ../../Source/Scripts/Items/Technology/ComputerDatabase.cs:
    CS0219: Line 43: The variable `version' is assigned but its value is never used
 + ../../Source/Scripts/Items/Technology/FirstAidKit.cs:
    CS0219: Line 63: The variable `version' is assigned but its value is never used
 + ../../Source/Scripts/Items/Technology/PlasmaGrenade.cs:
    CS0219: Line 35: The variable `version' is assigned but its value is never used
 + ../../Source/Scripts/Items/Technology/BaseKilrathi.cs:
    CS0219: Line 35: The variable `a' is assigned but its value is never used
    CS0219: Line 114: The variable `version' is assigned but its value is never used
 + ../../Source/Scripts/Items/Technology/SciFiJunk.cs:
    CS0219: Line 101: The variable `version' is assigned but its value is never used
 + ../../Source/Scripts/Items/Technology/KilrathiHeavyGun.cs:
    CS0219: Line 66: The variable `version' is assigned but its value is never used
 + ../../Source/Scripts/Items/Technology/DataPad.cs:
    CS0219: Line 94: The variable `version' is assigned but its value is never used
 + ../../Source/Scripts/Items/Technology/RomulanAle.cs:
    CS0219: Line 66: The variable `version' is assigned but its value is never used
 + ../../Source/Scripts/Items/Technology/LightSword.cs:
    CS0219: Line 73: The variable `version' is assigned but its value is never used
 + ../../Source/Scripts/Items/Technology/KilrathiGun.cs:
    CS0219: Line 66: The variable `version' is assigned but its value is never used
 + ../../Source/Scripts/Items/Technology/ReagentJar.cs:
    CS0219: Line 127: The variable `version' is assigned but its value is never used
 + ../../Source/Scripts/Items/Technology/PlasmaTorch.cs:
    CS0219: Line 161: The variable `item' is assigned but its value is never used
    CS0219: Line 181: The variable `item' is assigned but its value is never used
    CS0219: Line 220: The variable `version' is assigned but its value is never used
 + ../../Source/Scripts/Items/Technology/PortableSmelter.cs:
    CS0219: Line 126: The variable `version' is assigned but its value is never used
 + ../../Source/Scripts/Items/Technology/Krystal.cs:
    CS0219: Line 41: The variable `version' is assigned but its value is never used
 + ../../Source/Scripts/Items/Trades/Misc/Bandage.cs:
    CS0219: Line 67: The variable `version' is assigned but its value is never used
 + ../../Source/Scripts/Items/Trades/Misc/FireHorn.cs:
    CS0219: Line 222: The variable `version' is assigned but its value is never used
 + ../../Source/Scripts/Items/Trades/Blacksmithing/Scales.cs:
    CS0219: Line 98: The variable `version' is assigned but its value is never used
    CS0219: Line 127: The variable `version' is assigned but its value is never used
    CS0219: Line 156: The variable `version' is assigned but its value is never used
    CS0219: Line 185: The variable `version' is assigned but its value is never used
    CS0219: Line 214: The variable `version' is assigned but its value is never used
    CS0219: Line 243: The variable `version' is assigned but its value is never used
    CS0219: Line 272: The variable `version' is assigned but its value is never used
    CS0219: Line 301: The variable `version' is assigned but its value is never used
    CS0219: Line 330: The variable `version' is assigned but its value is never used
    CS0219: Line 359: The variable `version' is assigned but its value is never used
    CS0219: Line 388: The variable `version' is assigned but its value is never used
    CS0219: Line 417: The variable `version' is assigned but its value is never used
    CS0219: Line 446: The variable `version' is assigned but its value is never used
    CS0219: Line 475: The variable `version' is assigned but its value is never used
    CS0219: Line 504: The variable `version' is assigned but its value is never used
    CS0219: Line 533: The variable `version' is assigned but its value is never used
    CS0219: Line 562: The variable `version' is assigned but its value is never used
 + ../../Source/Scripts/Items/Trades/Blacksmithing/SmithHammerRunic.cs:
    CS0219: Line 46: The variable `version' is assigned but its value is never used
    CS0219: Line 102: The variable `version' is assigned but its value is never used
    CS0219: Line 158: The variable `version' is assigned but its value is never used
 + ../../Source/Scripts/Items/Trades/Blacksmithing/SmithHammer.cs:
    CS0219: Line 49: The variable `version' is assigned but its value is never used
 + ../../Source/Scripts/Items/Trades/Blacksmithing/AnvilForge.cs:
    CS0219: Line 30: The variable `version' is assigned but its value is never used
    CS0219: Line 59: The variable `version' is assigned but its value is never used
 + ../../Source/Scripts/Items/Trades/Blacksmithing/ScalingTools.cs:
    CS0219: Line 40: The variable `version' is assigned but its value is never used
 + ../../Source/Scripts/Items/Trades/Blacksmithing/Ore.cs:
    CS0219: Line 210: The variable `version' is assigned but its value is never used
    CS0219: Line 246: The variable `version' is assigned but its value is never used
    CS0219: Line 282: The variable `version' is assigned but its value is never used
    CS0219: Line 318: The variable `version' is assigned but its value is never used
    CS0219: Line 354: The variable `version' is assigned but its value is never used
    CS0219: Line 390: The variable `version' is assigned but its value is never used
    CS0219: Line 426: The variable `version' is assigned but its value is never used
    CS0219: Line 462: The variable `version' is assigned but its value is never used
    CS0219: Line 498: The variable `version' is assigned but its value is never used
    CS0219: Line 534: The variable `version' is assigned but its value is never used
    CS0219: Line 570: The variable `version' is assigned but its value is never used
    CS0219: Line 608: The variable `version' is assigned but its value is never used
    CS0219: Line 644: The variable `version' is assigned but its value is never used
    CS0219: Line 680: The variable `version' is assigned but its value is never used
    CS0219: Line 716: The variable `version' is assigned but its value is never used
    CS0219: Line 752: The variable `version' is assigned but its value is never used
    CS0219: Line 786: The variable `version' is assigned but its value is never used
    CS0219: Line 820: The variable `version' is assigned but its value is never used
    CS0219: Line 854: The variable `version' is assigned but its value is never used
    CS0219: Line 888: The variable `version' is assigned but its value is never used
    CS0219: Line 922: The variable `version' is assigned but its value is never used
    CS0219: Line 956: The variable `version' is assigned but its value is never used
    CS0219: Line 990: The variable `version' is assigned but its value is never used
    CS0219: Line 1024: The variable `version' is assigned but its value is never used
    CS0219: Line 1058: The variable `version' is assigned but its value is never used
    CS0219: Line 1092: The variable `version' is assigned but its value is never used
    CS0219: Line 1126: The variable `version' is assigned but its value is never used
    CS0219: Line 1160: The variable `version' is assigned but its value is never used
    CS0219: Line 1194: The variable `version' is assigned but its value is never used
    CS0219: Line 1228: The variable `version' is assigned but its value is never used
    CS0219: Line 1262: The variable `version' is assigned but its value is never used
 + ../../Source/Scripts/Items/Trades/Blacksmithing/Blocks.cs:
    CS0219: Line 62: The variable `version' is assigned but its value is never used
    CS0219: Line 92: The variable `version' is assigned but its value is never used
    CS0219: Line 121: The variable `version' is assigned but its value is never used
    CS0219: Line 150: The variable `version' is assigned but its value is never used
    CS0219: Line 179: The variable `version' is assigned but its value is never used
    CS0219: Line 208: The variable `version' is assigned but its value is never used
    CS0219: Line 237: The variable `version' is assigned but its value is never used
    CS0219: Line 266: The variable `version' is assigned but its value is never used
    CS0219: Line 295: The variable `version' is assigned but its value is never used
    CS0219: Line 324: The variable `version' is assigned but its value is never used
    CS0219: Line 353: The variable `version' is assigned but its value is never used
    CS0219: Line 382: The variable `version' is assigned but its value is never used
    CS0219: Line 411: The variable `version' is assigned but its value is never used
    CS0219: Line 440: The variable `version' is assigned but its value is never used
    CS0219: Line 469: The variable `version' is assigned but its value is never used
    CS0219: Line 498: The variable `version' is assigned but its value is never used
 + ../../Source/Scripts/Items/Trades/Blacksmithing/LapidaryTools.cs:
    CS0219: Line 47: The variable `version' is assigned but its value is never used
 + ../../Source/Scripts/Items/Trades/Blacksmithing/Spade.cs:
    CS0219: Line 61: The variable `version' is assigned but its value is never used
 + ../../Source/Scripts/Items/Trades/Blacksmithing/Pickaxe.cs:
    CS0219: Line 77: The variable `version' is assigned but its value is never used
 + ../../Source/Scripts/Items/Trades/Blacksmithing/Ingots.cs:
    CS0219: Line 100: The variable `version' is assigned but its value is never used
    CS0219: Line 129: The variable `version' is assigned but its value is never used
    CS0219: Line 158: The variable `version' is assigned but its value is never used
    CS0219: Line 187: The variable `version' is assigned but its value is never used
    CS0219: Line 216: The variable `version' is assigned but its value is never used
    CS0219: Line 245: The variable `version' is assigned but its value is never used
    CS0219: Line 274: The variable `version' is assigned but its value is never used
    CS0219: Line 303: The variable `version' is assigned but its value is never used
    CS0219: Line 332: The variable `version' is assigned but its value is never used
    CS0219: Line 361: The variable `version' is assigned but its value is never used
    CS0219: Line 390: The variable `version' is assigned but its value is never used
    CS0219: Line 419: The variable `version' is assigned but its value is never used
    CS0219: Line 448: The variable `version' is assigned but its value is never used
    CS0219: Line 477: The variable `version' is assigned but its value is never used
    CS0219: Line 506: The variable `version' is assigned but its value is never used
    CS0219: Line 535: The variable `version' is assigned but its value is never used
    CS0219: Line 564: The variable `version' is assigned but its value is never used
    CS0219: Line 593: The variable `version' is assigned but its value is never used
    CS0219: Line 622: The variable `version' is assigned but its value is never used
    CS0219: Line 651: The variable `version' is assigned but its value is never used
    CS0219: Line 680: The variable `version' is assigned but its value is never used
    CS0219: Line 709: The variable `version' is assigned but its value is never used
    CS0219: Line 738: The variable `version' is assigned but its value is never used
    CS0219: Line 767: The variable `version' is assigned but its value is never used
    CS0219: Line 796: The variable `version' is assigned but its value is never used
    CS0219: Line 825: The variable `version' is assigned but its value is never used
    CS0219: Line 854: The variable `version' is assigned but its value is never used
    CS0219: Line 883: The variable `version' is assigned but its value is never used
    CS0219: Line 912: The variable `version' is assigned but its value is never used
    CS0219: Line 941: The variable `version' is assigned but its value is never used
    CS0219: Line 970: The variable `version' is assigned but its value is never used
    CS0219: Line 999: The variable `version' is assigned but its value is never used
 + ../../Source/Scripts/Items/Trades/Blacksmithing/DwarvenForge.cs:
    CS0219: Line 56: The variable `version' is assigned but its value is never used
 + ../../Source/Scripts/Items/Trades/Blacksmithing/LargeForge.cs:
    CS0219: Line 65: The variable `version' is assigned but its value is never used
    CS0219: Line 120: The variable `version' is assigned but its value is never used
    CS0219: Line 175: The variable `version' is assigned but its value is never used
    CS0219: Line 241: The variable `version' is assigned but its value is never used
    CS0219: Line 296: The variable `version' is assigned but its value is never used
    CS0219: Line 351: The variable `version' is assigned but its value is never used
 + ../../Source/Scripts/Items/Trades/Cooking/CulinarySet.cs:
    CS0219: Line 40: The variable `version' is assigned but its value is never used
 + ../../Source/Scripts/Items/Trades/Fishing/Misc/Sextant.cs:
    CS0219: Line 313: The variable `version' is assigned but its value is never used
 + ../../Source/Scripts/Items/Trades/Fishing/Misc/MagicSextant.cs:
    CS0219: Line 35: The variable `version' is assigned but its value is never used
 + ../../Source/Scripts/Items/Trades/Fishing/Misc/ShipwreckedItem.cs:
    CS0219: Line 71: The variable `version' is assigned but its value is never used
 + ../../Source/Scripts/Items/Trades/Fishing/Sea Artifacts/SeaShells.cs:
    CS0219: Line 43: The variable `version' is assigned but its value is never used
 + ../../Source/Scripts/Items/Trades/Fishing/Sea Artifacts/AquariumSouthAddon.cs:
    CS0219: Line 44: The variable `version' is assigned but its value is never used
    CS0219: Line 99: The variable `version' is assigned but its value is never used
 + ../../Source/Scripts/Items/Trades/Fishing/Sea Artifacts/DolphinEastSmallAddon.cs:
    CS0219: Line 47: The variable `version' is assigned but its value is never used
    CS0219: Line 81: The variable `version' is assigned but its value is never used
 + ../../Source/Scripts/Items/Trades/Fishing/Sea Artifacts/SkullEastSmallAddon.cs:
    CS0219: Line 47: The variable `version' is assigned but its value is never used
    CS0219: Line 81: The variable `version' is assigned but its value is never used
 + ../../Source/Scripts/Items/Trades/Fishing/Sea Artifacts/SkullSouthSmallAddon.cs:
    CS0219: Line 47: The variable `version' is assigned but its value is never used
    CS0219: Line 81: The variable `version' is assigned but its value is never used
 + ../../Source/Scripts/Items/Trades/Fishing/Sea Artifacts/DolphinSouthSmallAddon.cs:
    CS0219: Line 47: The variable `version' is assigned but its value is never used
    CS0219: Line 81: The variable `version' is assigned but its value is never used
 + ../../Source/Scripts/Items/Trades/Fishing/Sea Artifacts/AquariumEastAddon.cs:
    CS0219: Line 44: The variable `version' is assigned but its value is never used
    CS0219: Line 99: The variable `version' is assigned but its value is never used
 + ../../Source/Scripts/Items/Trades/Fishing/Sea Artifacts/LightHouse.cs:
    CS0219: Line 78: The variable `version' is assigned but its value is never used
    CS0219: Line 133: The variable `version' is assigned but its value is never used
 + ../../Source/Scripts/Items/Trades/Fishing/Sea Artifacts/MarlinSouthAddon.cs:
    CS0219: Line 44: The variable `version' is assigned but its value is never used
    CS0219: Line 99: The variable `version' is assigned but its value is never used
 + ../../Source/Scripts/Items/Trades/Fishing/Sea Artifacts/DolphinEastLargeAddon.cs:
    CS0219: Line 52: The variable `version' is assigned but its value is never used
    CS0219: Line 86: The variable `version' is assigned but its value is never used
 + ../../Source/Scripts/Items/Trades/Fishing/Sea Artifacts/DolphinSouthLargeAddon.cs:
    CS0219: Line 52: The variable `version' is assigned but its value is never used
    CS0219: Line 86: The variable `version' is assigned but its value is never used
 + ../../Source/Scripts/Items/Trades/Fishing/Sea Artifacts/MarlinEastAddon.cs:
    CS0219: Line 44: The variable `version' is assigned but its value is never used
    CS0219: Line 99: The variable `version' is assigned but its value is never used
 + ../../Source/Scripts/Items/Trades/Fishing/Sea Artifacts/SkullEastLargeAddon.cs:
    CS0219: Line 52: The variable `version' is assigned but its value is never used
    CS0219: Line 86: The variable `version' is assigned but its value is never used
 + ../../Source/Scripts/Items/Trades/Fishing/Sea Artifacts/SkullSouthLargeAddon.cs:
    CS0219: Line 52: The variable `version' is assigned but its value is never used
    CS0219: Line 86: The variable `version' is assigned but its value is never used
 + ../../Source/Scripts/Items/Trades/Fishing/SpecialSeaweed.cs:
    CS0219: Line 212: The variable `version' is assigned but its value is never used
 + ../../Source/Scripts/Items/Trades/Fishing/ScrapIronBarrel.cs:
    CS0219: Line 72: The variable `version' is assigned but its value is never used
 + ../../Source/Scripts/Items/Trades/Fishing/NewFish.cs:
    CS0219: Line 179: The variable `version' is assigned but its value is never used
 + ../../Source/Scripts/Items/Trades/Fishing/FishingPole.cs:
    CS0219: Line 48: The variable `version' is assigned but its value is never used
 + ../../Source/Scripts/Items/Trades/Fishing/WetClothes.cs:
    CS0219: Line 142: The variable `version' is assigned but its value is never used
 + ../../Source/Scripts/Items/Trades/Fishing/MagicFish.cs:
    CS0219: Line 104: The variable `version' is assigned but its value is never used
    CS0219: Line 135: The variable `version' is assigned but its value is never used
    CS0219: Line 169: The variable `version' is assigned but its value is never used
    CS0219: Line 203: The variable `version' is assigned but its value is never used
    CS0219: Line 240: The variable `version' is assigned but its value is never used
 + ../../Source/Scripts/Items/Trades/Fishing/PearlSkull.cs:
    CS0219: Line 59: The variable `version' is assigned but its value is never used
 + ../../Source/Scripts/Items/Trades/Fishing/Fish.cs:
    CS0219: Line 40: The variable `version' is assigned but its value is never used
 + ../../Source/Scripts/Items/Trades/Fishing/FishBarrel.cs:
    CS0219: Line 72: The variable `version' is assigned but its value is never used
 + ../../Source/Scripts/Items/Trades/Fishing/RustyJunk.cs:
    CS0219: Line 168: The variable `version' is assigned but its value is never used
 + ../../Source/Scripts/Items/Trades/Bowcraft/Bolt.cs:
    CS0219: Line 52: The variable `version' is assigned but its value is never used
 + ../../Source/Scripts/Items/Trades/Bowcraft/Arrow.cs:
    CS0219: Line 52: The variable `version' is assigned but its value is never used
 + ../../Source/Scripts/Items/Trades/Bowcraft/FletcherTools.cs:
    CS0219: Line 38: The variable `version' is assigned but its value is never used
 + ../../Source/Scripts/Items/Trades/Bowcraft/FletcherToolsRunic.cs:
    CS0219: Line 45: The variable `version' is assigned but its value is never used
    CS0219: Line 95: The variable `version' is assigned but its value is never used
    CS0219: Line 145: The variable `version' is assigned but its value is never used
 + ../../Source/Scripts/Items/Trades/Bowcraft/Shaft.cs:
    CS0219: Line 45: The variable `version' is assigned but its value is never used
 + ../../Source/Scripts/Items/Trades/Bowcraft/ArrowsAndBolts.cs:
    CS0219: Line 74: The variable `version' is assigned but its value is never used
    CS0219: Line 141: The variable `version' is assigned but its value is never used
    CS0219: Line 208: The variable `version' is assigned but its value is never used
    CS0219: Line 275: The variable `version' is assigned but its value is never used
 + ../../Source/Scripts/Items/Trades/Bowcraft/Feather.cs:
    CS0219: Line 42: The variable `version' is assigned but its value is never used
 + ../../Source/Scripts/Items/Trades/Carpentry/CarpenterTools.cs:
    CS0219: Line 40: The variable `version' is assigned but its value is never used
 + ../../Source/Scripts/Items/Trades/Carpentry/Board.cs:
    CS0219: Line 107: The variable `version' is assigned but its value is never used
    CS0219: Line 135: The variable `version' is assigned but its value is never used
    CS0219: Line 163: The variable `version' is assigned but its value is never used
    CS0219: Line 191: The variable `version' is assigned but its value is never used
    CS0219: Line 219: The variable `version' is assigned but its value is never used
    CS0219: Line 247: The variable `version' is assigned but its value is never used
    CS0219: Line 275: The variable `version' is assigned but its value is never used
    CS0219: Line 303: The variable `version' is assigned but its value is never used
    CS0219: Line 331: The variable `version' is assigned but its value is never used
    CS0219: Line 359: The variable `version' is assigned but its value is never used
    CS0219: Line 387: The variable `version' is assigned but its value is never used
    CS0219: Line 415: The variable `version' is assigned but its value is never used
    CS0219: Line 444: The variable `version' is assigned but its value is never used
    CS0219: Line 472: The variable `version' is assigned but its value is never used
    CS0219: Line 500: The variable `version' is assigned but its value is never used
    CS0219: Line 528: The variable `version' is assigned but its value is never used
    CS0219: Line 556: The variable `version' is assigned but its value is never used
    CS0219: Line 584: The variable `version' is assigned but its value is never used
    CS0219: Line 612: The variable `version' is assigned but its value is never used
    CS0219: Line 640: The variable `version' is assigned but its value is never used
    CS0219: Line 668: The variable `version' is assigned but its value is never used
    CS0219: Line 696: The variable `version' is assigned but its value is never used
    CS0219: Line 724: The variable `version' is assigned but its value is never used
 + ../../Source/Scripts/Items/Trades/Carpentry/CarpenterToolsRunic.cs:
    CS0219: Line 45: The variable `version' is assigned but its value is never used
    CS0219: Line 95: The variable `version' is assigned but its value is never used
    CS0219: Line 145: The variable `version' is assigned but its value is never used
 + ../../Source/Scripts/Items/Trades/Carpentry/TaxidermyKit.cs:
    CS0219: Line 36: The variable `version' is assigned but its value is never used
 + ../../Source/Scripts/Items/Trades/Carpentry/WoodworkingTools.cs:
    CS0219: Line 70: The variable `version' is assigned but its value is never used
 + ../../Source/Scripts/Items/Trades/Magical/Tools/RunicTinker.cs:
    CS0219: Line 33: The variable `version' is assigned but its value is never used
 + ../../Source/Scripts/Items/Trades/Magical/Tools/RunicSewingKit.cs:
    CS0219: Line 33: The variable `version' is assigned but its value is never used
 + ../../Source/Scripts/Items/Trades/Magical/Tools/RunicScales.cs:
    CS0219: Line 33: The variable `version' is assigned but its value is never used
 + ../../Source/Scripts/Items/Trades/Magical/Tools/RunicSaw.cs:
    CS0219: Line 33: The variable `version' is assigned but its value is never used
 + ../../Source/Scripts/Items/Trades/Magical/Tools/RunicHammer.cs:
    CS0219: Line 40: The variable `version' is assigned but its value is never used
 + ../../Source/Scripts/Items/Trades/Magical/Tools/RunicFletching.cs:
    CS0219: Line 33: The variable `version' is assigned but its value is never used
 + ../../Source/Scripts/Items/Trades/Magical/Tools/RunicLeatherKit.cs:
    CS0219: Line 33: The variable `version' is assigned but its value is never used
 + ../../Source/Scripts/Items/Trades/Magical/Tools/RunicUndertaker.cs:
    CS0219: Line 33: The variable `version' is assigned but its value is never used
 + ../../Source/Scripts/Items/Trades/Magical/Moongate.cs:
    CS0219: Line 116: The variable `flags' is assigned but its value is never used
 + ../../Source/Scripts/Items/Trades/Magical/BlankScroll.cs:
    CS0219: Line 38: The variable `version' is assigned but its value is never used
 + ../../Source/Scripts/Items/Trades/Witch/WitchCauldron.cs:
    CS0219: Line 40: The variable `version' is assigned but its value is never used
 + ../../Source/Scripts/Items/Trades/Tailoring/Scissors.cs:
    CS0219: Line 42: The variable `version' is assigned but its value is never used
 + ../../Source/Scripts/Items/Trades/Tailoring/LeatherworkingTools.cs:
    CS0219: Line 41: The variable `version' is assigned but its value is never used
 + ../../Source/Scripts/Items/Trades/Tailoring/SewingKitRunic.cs:
    CS0219: Line 45: The variable `version' is assigned but its value is never used
    CS0219: Line 95: The variable `version' is assigned but its value is never used
    CS0219: Line 145: The variable `version' is assigned but its value is never used
 + ../../Source/Scripts/Items/Trades/Tailoring/Fabric.cs:
    CS0219: Line 57: The variable `version' is assigned but its value is never used
    CS0219: Line 115: The variable `version' is assigned but its value is never used
    CS0219: Line 145: The variable `version' is assigned but its value is never used
    CS0219: Line 175: The variable `version' is assigned but its value is never used
    CS0219: Line 204: The variable `version' is assigned but its value is never used
    CS0219: Line 233: The variable `version' is assigned but its value is never used
    CS0219: Line 262: The variable `version' is assigned but its value is never used
    CS0219: Line 291: The variable `version' is assigned but its value is never used
    CS0219: Line 320: The variable `version' is assigned but its value is never used
    CS0219: Line 349: The variable `version' is assigned but its value is never used
    CS0219: Line 378: The variable `version' is assigned but its value is never used
    CS0219: Line 407: The variable `version' is assigned but its value is never used
    CS0219: Line 436: The variable `version' is assigned but its value is never used
 + ../../Source/Scripts/Items/Trades/Tailoring/Bone.cs:
    CS0219: Line 40: The variable `version' is assigned but its value is never used
 + ../../Source/Scripts/Items/Trades/Tailoring/Skins.cs:
    CS0219: Line 61: The variable `version' is assigned but its value is never used
    CS0219: Line 93: The variable `version' is assigned but its value is never used
    CS0219: Line 122: The variable `version' is assigned but its value is never used
    CS0219: Line 151: The variable `version' is assigned but its value is never used
    CS0219: Line 180: The variable `version' is assigned but its value is never used
    CS0219: Line 209: The variable `version' is assigned but its value is never used
    CS0219: Line 238: The variable `version' is assigned but its value is never used
    CS0219: Line 267: The variable `version' is assigned but its value is never used
    CS0219: Line 296: The variable `version' is assigned but its value is never used
    CS0219: Line 325: The variable `version' is assigned but its value is never used
    CS0219: Line 354: The variable `version' is assigned but its value is never used
 + ../../Source/Scripts/Items/Trades/Tailoring/Flax.cs:
    CS0219: Line 44: The variable `version' is assigned but its value is never used
    CS0219: Line 93: The variable `item' is assigned but its value is never used
 + ../../Source/Scripts/Items/Trades/Tailoring/Leathers.cs:
    CS0219: Line 122: The variable `version' is assigned but its value is never used
    CS0219: Line 153: The variable `version' is assigned but its value is never used
    CS0219: Line 184: The variable `version' is assigned but its value is never used
    CS0219: Line 215: The variable `version' is assigned but its value is never used
    CS0219: Line 246: The variable `version' is assigned but its value is never used
    CS0219: Line 277: The variable `version' is assigned but its value is never used
    CS0219: Line 308: The variable `version' is assigned but its value is never used
    CS0219: Line 339: The variable `version' is assigned but its value is never used
    CS0219: Line 370: The variable `version' is assigned but its value is never used
    CS0219: Line 401: The variable `version' is assigned but its value is never used
    CS0219: Line 432: The variable `version' is assigned but its value is never used
    CS0219: Line 463: The variable `version' is assigned but its value is never used
    CS0219: Line 492: The variable `version' is assigned but its value is never used
    CS0219: Line 521: The variable `version' is assigned but its value is never used
    CS0219: Line 550: The variable `version' is assigned but its value is never used
    CS0219: Line 579: The variable `version' is assigned but its value is never used
    CS0219: Line 608: The variable `version' is assigned but its value is never used
    CS0219: Line 637: The variable `version' is assigned but its value is never used
    CS0219: Line 666: The variable `version' is assigned but its value is never used
    CS0219: Line 695: The variable `version' is assigned but its value is never used
    CS0219: Line 724: The variable `version' is assigned but its value is never used
    CS0219: Line 753: The variable `version' is assigned but its value is never used
    CS0219: Line 782: The variable `version' is assigned but its value is never used
 + ../../Source/Scripts/Items/Trades/Tailoring/StitchingTools.cs:
    CS0219: Line 39: The variable `version' is assigned but its value is never used
 + ../../Source/Scripts/Items/Trades/Tailoring/Cotton.cs:
    CS0219: Line 46: The variable `version' is assigned but its value is never used
    CS0219: Line 105: The variable `item' is assigned but its value is never used
 + ../../Source/Scripts/Items/Trades/Tailoring/Hides.cs:
    CS0219: Line 99: The variable `version' is assigned but its value is never used
    CS0219: Line 145: The variable `version' is assigned but its value is never used
    CS0219: Line 192: The variable `version' is assigned but its value is never used
    CS0219: Line 239: The variable `version' is assigned but its value is never used
    CS0219: Line 286: The variable `version' is assigned but its value is never used
    CS0219: Line 333: The variable `version' is assigned but its value is never used
    CS0219: Line 380: The variable `version' is assigned but its value is never used
    CS0219: Line 427: The variable `version' is assigned but its value is never used
    CS0219: Line 474: The variable `version' is assigned but its value is never used
    CS0219: Line 521: The variable `version' is assigned but its value is never used
    CS0219: Line 568: The variable `version' is assigned but its value is never used
    CS0219: Line 615: The variable `version' is assigned but its value is never used
 + ../../Source/Scripts/Items/Trades/Tailoring/Dressform.cs:
    CS0219: Line 29: The variable `version' is assigned but its value is never used
 + ../../Source/Scripts/Items/Trades/Tailoring/Wool.cs:
    CS0219: Line 42: The variable `version' is assigned but its value is never used
    CS0219: Line 101: The variable `item' is assigned but its value is never used
    CS0219: Line 154: The variable `version' is assigned but its value is never used
 + ../../Source/Scripts/Items/Trades/Tailoring/SewingKit.cs:
    CS0219: Line 41: The variable `version' is assigned but its value is never used
 + ../../Source/Scripts/Items/Trades/Tailoring/LeatherworkingToolsRunic.cs:
    CS0219: Line 45: The variable `version' is assigned but its value is never used
    CS0219: Line 95: The variable `version' is assigned but its value is never used
    CS0219: Line 145: The variable `version' is assigned but its value is never used
 + ../../Source/Scripts/Items/Trades/Tailoring/SpoolOfThread.cs:
    CS0219: Line 44: The variable `version' is assigned but its value is never used
    CS0219: Line 174: The variable `version' is assigned but its value is never used
 + ../../Source/Scripts/Items/Trades/Tailoring/Dyes.cs:
    CS0219: Line 31: The variable `version' is assigned but its value is never used
 + ../../Source/Scripts/Items/Trades/Plants/Potted/PottedTrees.cs:
    CS0219: Line 28: The variable `version' is assigned but its value is never used
    CS0219: Line 55: The variable `version' is assigned but its value is never used
 + ../../Source/Scripts/Items/Trades/Plants/Potted/PottedCactus.cs:
    CS0219: Line 28: The variable `version' is assigned but its value is never used
    CS0219: Line 55: The variable `version' is assigned but its value is never used
    CS0219: Line 82: The variable `version' is assigned but its value is never used
    CS0219: Line 109: The variable `version' is assigned but its value is never used
    CS0219: Line 136: The variable `version' is assigned but its value is never used
    CS0219: Line 163: The variable `version' is assigned but its value is never used
 + ../../Source/Scripts/Items/Trades/Plants/Potted/EmptyPots.cs:
    CS0219: Line 28: The variable `version' is assigned but its value is never used
    CS0219: Line 55: The variable `version' is assigned but its value is never used
 + ../../Source/Scripts/Items/Trades/Plants/Potted/PottedPlants.cs:
    CS0219: Line 28: The variable `version' is assigned but its value is never used
    CS0219: Line 55: The variable `version' is assigned but its value is never used
    CS0219: Line 82: The variable `version' is assigned but its value is never used
 + ../../Source/Scripts/Items/Trades/Ninjitsu/SmokeBomb.cs:
    CS0219: Line 70: The variable `version' is assigned but its value is never used
 + ../../Source/Scripts/Items/Trades/Ninjitsu/EggBomb.cs:
    CS0219: Line 76: The variable `version' is assigned but its value is never used
 + ../../Source/Scripts/Items/Trades/Thieving/MagicSkeltonsKey.cs:
    CS0219: Line 194: The variable `item' is assigned but its value is never used
    CS0219: Line 222: The variable `item' is assigned but its value is never used
    CS0219: Line 257: The variable `version' is assigned but its value is never used
 + ../../Source/Scripts/Items/Trades/Thieving/SkeltonsKey.cs:
    CS0219: Line 192: The variable `item' is assigned but its value is never used
    CS0219: Line 230: The variable `item' is assigned but its value is never used
    CS0219: Line 268: The variable `version' is assigned but its value is never used
 + ../../Source/Scripts/Items/Trades/Thieving/PickBox.cs:
    CS0219: Line 70: The variable `version' is assigned but its value is never used
    CS0219: Line 132: The variable `version' is assigned but its value is never used
    CS0219: Line 194: The variable `version' is assigned but its value is never used
    CS0219: Line 256: The variable `version' is assigned but its value is never used
    CS0219: Line 318: The variable `version' is assigned but its value is never used
 + ../../Source/Scripts/Items/Trades/Thieving/StolenChest.cs:
    CS0219: Line 69: The variable `version' is assigned but its value is never used
 + ../../Source/Scripts/Items/Trades/Thieving/LockPick.cs:
    CS0219: Line 222: The variable `item' is assigned but its value is never used
 + ../../Source/Scripts/Items/Trades/Thieving/DisguiseKit.cs:
    CS0219: Line 46: The variable `version' is assigned but its value is never used
    CS0219: Line 51: The variable `pm' is assigned but its value is never used
 + ../../Source/Scripts/Items/Trades/Thieving/MasterSkeltonsKey.cs:
    CS0219: Line 194: The variable `item' is assigned but its value is never used
    CS0219: Line 221: The variable `item' is assigned but its value is never used
    CS0219: Line 255: The variable `version' is assigned but its value is never used
 + ../../Source/Scripts/Items/Trades/Forensics/GraveSpade.cs:
    CS0219: Line 61: The variable `version' is assigned but its value is never used
 + ../../Source/Scripts/Items/Trades/Forensics/Skeletal.cs:
    CS0219: Line 44: The variable `version' is assigned but its value is never used
    CS0219: Line 93: The variable `version' is assigned but its value is never used
    CS0219: Line 122: The variable `version' is assigned but its value is never used
    CS0219: Line 151: The variable `version' is assigned but its value is never used
    CS0219: Line 180: The variable `version' is assigned but its value is never used
    CS0219: Line 209: The variable `version' is assigned but its value is never used
    CS0219: Line 238: The variable `version' is assigned but its value is never used
    CS0219: Line 267: The variable `version' is assigned but its value is never used
    CS0219: Line 296: The variable `version' is assigned but its value is never used
    CS0219: Line 325: The variable `version' is assigned but its value is never used
    CS0219: Line 354: The variable `version' is assigned but its value is never used
    CS0219: Line 383: The variable `version' is assigned but its value is never used
    CS0219: Line 412: The variable `version' is assigned but its value is never used
    CS0219: Line 441: The variable `version' is assigned but its value is never used
    CS0219: Line 470: The variable `version' is assigned but its value is never used
    CS0219: Line 499: The variable `version' is assigned but its value is never used
    CS0219: Line 529: The variable `version' is assigned but its value is never used
    CS0219: Line 559: The variable `version' is assigned but its value is never used
    CS0219: Line 588: The variable `version' is assigned but its value is never used
    CS0219: Line 617: The variable `version' is assigned but its value is never used
    CS0219: Line 646: The variable `version' is assigned but its value is never used
    CS0219: Line 675: The variable `version' is assigned but its value is never used
    CS0219: Line 704: The variable `version' is assigned but its value is never used
    CS0219: Line 733: The variable `version' is assigned but its value is never used
    CS0219: Line 762: The variable `version' is assigned but its value is never used
    CS0219: Line 791: The variable `version' is assigned but its value is never used
    CS0219: Line 820: The variable `version' is assigned but its value is never used
 + ../../Source/Scripts/Items/Trades/Forensics/UndertakerKitRunic.cs:
    CS0219: Line 45: The variable `version' is assigned but its value is never used
    CS0219: Line 95: The variable `version' is assigned but its value is never used
    CS0219: Line 145: The variable `version' is assigned but its value is never used
 + ../../Source/Scripts/Items/Trades/Forensics/UndertakerKit.cs:
    CS0219: Line 41: The variable `version' is assigned but its value is never used
 + ../../Source/Scripts/Items/Trades/Forensics/PolishBoneBrush.cs:
    CS0219: Line 54: The variable `version' is assigned but its value is never used
    CS0414: Line 72: The private field `Server.Items.PolishBoneBrush.PickBones.m_PolishBoneBrush' is assigned but its value is never used
 + ../../Source/Scripts/Items/Trades/Forensics/Bones.cs:
    CS0219: Line 41: The variable `version' is assigned but its value is never used
 + ../../Source/Scripts/Items/Trades/Lumberjack/SawMillSouthAddon.cs:
    CS0219: Line 41: The variable `version' is assigned but its value is never used
    CS0219: Line 74: The variable `version' is assigned but its value is never used
 + ../../Source/Scripts/Items/Trades/Lumberjack/Log.cs:
    CS0219: Line 245: The variable `version' is assigned but its value is never used
    CS0219: Line 273: The variable `version' is assigned but its value is never used
    CS0219: Line 301: The variable `version' is assigned but its value is never used
    CS0219: Line 329: The variable `version' is assigned but its value is never used
    CS0219: Line 357: The variable `version' is assigned but its value is never used
    CS0219: Line 385: The variable `version' is assigned but its value is never used
    CS0219: Line 413: The variable `version' is assigned but its value is never used
    CS0219: Line 441: The variable `version' is assigned but its value is never used
    CS0219: Line 469: The variable `version' is assigned but its value is never used
    CS0219: Line 497: The variable `version' is assigned but its value is never used
    CS0219: Line 525: The variable `version' is assigned but its value is never used
    CS0219: Line 553: The variable `version' is assigned but its value is never used
    CS0219: Line 581: The variable `version' is assigned but its value is never used
    CS0219: Line 609: The variable `version' is assigned but its value is never used
    CS0219: Line 637: The variable `version' is assigned but its value is never used
 + ../../Source/Scripts/Items/Trades/Lumberjack/SawMillEastAddon.cs:
    CS0219: Line 41: The variable `version' is assigned but its value is never used
    CS0219: Line 74: The variable `version' is assigned but its value is never used
 + ../../Source/Scripts/Items/Trades/Tinkering/AxleGears.cs:
    CS0219: Line 36: The variable `version' is assigned but its value is never used
 + ../../Source/Scripts/Items/Trades/Tinkering/Gears.cs:
    CS0219: Line 36: The variable `version' is assigned but its value is never used
 + ../../Source/Scripts/Items/Trades/Tinkering/Globe.cs:
    CS0219: Line 29: The variable `version' is assigned but its value is never used
 + ../../Source/Scripts/Items/Trades/Tinkering/Axle.cs:
    CS0219: Line 36: The variable `version' is assigned but its value is never used
 + ../../Source/Scripts/Items/Trades/Tinkering/Utensils.cs:
    CS0219: Line 29: The variable `version' is assigned but its value is never used
    CS0219: Line 56: The variable `version' is assigned but its value is never used
    CS0219: Line 83: The variable `version' is assigned but its value is never used
    CS0219: Line 111: The variable `version' is assigned but its value is never used
    CS0219: Line 138: The variable `version' is assigned but its value is never used
    CS0219: Line 165: The variable `version' is assigned but its value is never used
    CS0219: Line 193: The variable `version' is assigned but its value is never used
    CS0219: Line 220: The variable `version' is assigned but its value is never used
    CS0219: Line 247: The variable `version' is assigned but its value is never used
    CS0219: Line 274: The variable `version' is assigned but its value is never used
 + ../../Source/Scripts/Items/Trades/Tinkering/Springs.cs:
    CS0219: Line 36: The variable `version' is assigned but its value is never used
 + ../../Source/Scripts/Items/Trades/Tinkering/SextantParts.cs:
    CS0219: Line 36: The variable `version' is assigned but its value is never used
 + ../../Source/Scripts/Items/Trades/Tinkering/TinkerToolsRunic.cs:
    CS0219: Line 45: The variable `version' is assigned but its value is never used
    CS0219: Line 95: The variable `version' is assigned but its value is never used
    CS0219: Line 145: The variable `version' is assigned but its value is never used
 + ../../Source/Scripts/Items/Trades/Tinkering/Clocks.cs:
    CS0219: Line 167: The variable `version' is assigned but its value is never used
    CS0219: Line 197: The variable `version' is assigned but its value is never used
    CS0219: Line 224: The variable `version' is assigned but its value is never used
 + ../../Source/Scripts/Items/Trades/Tinkering/ClockFrame.cs:
    CS0219: Line 36: The variable `version' is assigned but its value is never used
 + ../../Source/Scripts/Items/Trades/Tinkering/ClockParts.cs:
    CS0219: Line 36: The variable `version' is assigned but its value is never used
 + ../../Source/Scripts/Items/Trades/Tinkering/TinkerTools.cs:
    CS0219: Line 40: The variable `version' is assigned but its value is never used
 + ../../Source/Scripts/Items/Trades/Tinkering/Hinge.cs:
    CS0219: Line 36: The variable `version' is assigned but its value is never used
 + ../../Source/Scripts/Items/Trades/Inscription/TomeOfWands.cs:
    CS0219: Line 35: The variable `version' is assigned but its value is never used
 + ../../Source/Scripts/Items/Trades/Inscription/ScribesPenRunic.cs:
    CS0219: Line 45: The variable `version' is assigned but its value is never used
    CS0219: Line 95: The variable `version' is assigned but its value is never used
    CS0219: Line 145: The variable `version' is assigned but its value is never used
 + ../../Source/Scripts/Items/Trades/Inscription/ScribesPen.cs:
    CS0219: Line 40: The variable `version' is assigned but its value is never used
 + ../../Source/Scripts/Items/Trades/Inscription/Monocle.cs:
    CS0219: Line 47: The variable `version' is assigned but its value is never used
 + ../../Source/Scripts/Items/Trades/Druid/DruidCauldron.cs:
    CS0219: Line 40: The variable `version' is assigned but its value is never used
 + ../../Source/Scripts/Items/Trades/Glass Stone/MasonryBook.cs:
    CS0219: Line 40: The variable `version' is assigned but its value is never used
 + ../../Source/Scripts/Items/Trades/Glass Stone/GlassblowingBook.cs:
    CS0219: Line 40: The variable `version' is assigned but its value is never used
 + ../../Source/Scripts/Items/Trades/Glass Stone/MalletAndChisel.cs:
    CS0219: Line 40: The variable `version' is assigned but its value is never used
 + ../../Source/Scripts/Items/Trades/Glass Stone/Granite.cs:
    CS0219: Line 104: The variable `version' is assigned but its value is never used
    CS0219: Line 135: The variable `version' is assigned but its value is never used
    CS0219: Line 166: The variable `version' is assigned but its value is never used
    CS0219: Line 197: The variable `version' is assigned but its value is never used
    CS0219: Line 228: The variable `version' is assigned but its value is never used
    CS0219: Line 259: The variable `version' is assigned but its value is never used
    CS0219: Line 290: The variable `version' is assigned but its value is never used
    CS0219: Line 321: The variable `version' is assigned but its value is never used
    CS0219: Line 352: The variable `version' is assigned but its value is never used
    CS0219: Line 383: The variable `version' is assigned but its value is never used
    CS0219: Line 414: The variable `version' is assigned but its value is never used
    CS0219: Line 445: The variable `version' is assigned but its value is never used
    CS0219: Line 476: The variable `version' is assigned but its value is never used
    CS0219: Line 507: The variable `version' is assigned but its value is never used
    CS0219: Line 538: The variable `version' is assigned but its value is never used
    CS0219: Line 569: The variable `version' is assigned but its value is never used
 + ../../Source/Scripts/Items/Trades/Glass Stone/StoneMiningBook.cs:
    CS0219: Line 40: The variable `version' is assigned but its value is never used
 + ../../Source/Scripts/Items/Trades/Glass Stone/SandMiningBook.cs:
    CS0219: Line 40: The variable `version' is assigned but its value is never used
 + ../../Source/Scripts/Items/Trades/Glass Stone/Blowpipe.cs:
    CS0219: Line 43: The variable `version' is assigned but its value is never used
 + ../../Source/Scripts/Items/Trades/Reagents/Farm/FarmableGinseng.cs:
    CS0219: Line 43: The variable `version' is assigned but its value is never used
 + ../../Source/Scripts/Items/Trades/Reagents/Farm/FarmableNightshade.cs:
    CS0219: Line 43: The variable `version' is assigned but its value is never used
 + ../../Source/Scripts/Items/Trades/Reagents/Farm/FarmableGarlic.cs:
    CS0219: Line 43: The variable `version' is assigned but its value is never used
 + ../../Source/Scripts/Items/Trades/Reagents/Farm/FarmableMandrakeRoot.cs:
    CS0219: Line 43: The variable `version' is assigned but its value is never used
 + ../../Source/Scripts/Items/Trades/Reagents/Unique/DemigodBlood.cs:
    CS0219: Line 47: The variable `version' is assigned but its value is never used
 + ../../Source/Scripts/Items/Trades/Reagents/Unique/GoldenFeathers.cs:
    CS0219: Line 109: The variable `version' is assigned but its value is never used
 + ../../Source/Scripts/Items/Trades/Reagents/Unique/UnicornHorn.cs:
    CS0219: Line 47: The variable `version' is assigned but its value is never used
 + ../../Source/Scripts/Items/Trades/Reagents/Unique/SilverSerpentVenom.cs:
    CS0219: Line 34: The variable `version' is assigned but its value is never used
 + ../../Source/Scripts/Items/Trades/Reagents/Unique/GoldenSerpentVenom.cs:
    CS0219: Line 34: The variable `version' is assigned but its value is never used
 + ../../Source/Scripts/Items/Trades/Reagents/Unique/DemonClaw.cs:
    CS0219: Line 46: The variable `version' is assigned but its value is never used
 + ../../Source/Scripts/Items/Trades/Reagents/Unique/LichDust.cs:
    CS0219: Line 47: The variable `version' is assigned but its value is never used
 + ../../Source/Scripts/Items/Trades/Reagents/Unique/PegasusFeather.cs:
    CS0219: Line 47: The variable `version' is assigned but its value is never used
 + ../../Source/Scripts/Items/Trades/Reagents/Unique/GhostlyDust.cs:
    CS0219: Line 47: The variable `version' is assigned but its value is never used
 + ../../Source/Scripts/Items/Trades/Reagents/Unique/EnchantedSeaweed.cs:
    CS0219: Line 47: The variable `version' is assigned but its value is never used
 + ../../Source/Scripts/Items/Trades/Reagents/Unique/PhoenixFeather.cs:
    CS0219: Line 47: The variable `version' is assigned but its value is never used
 + ../../Source/Scripts/Items/Trades/Reagents/Unique/DragonBlood.cs:
    CS0219: Line 47: The variable `version' is assigned but its value is never used
 + ../../Source/Scripts/Items/Trades/Reagents/Unique/DragonTooth.cs:
    CS0219: Line 47: The variable `version' is assigned but its value is never used
 + ../../Source/Scripts/Items/Trades/Reagents/Witch/Wolfsbane.cs:
    CS0219: Line 36: The variable `version' is assigned but its value is never used
 + ../../Source/Scripts/Items/Trades/Reagents/Witch/WerewolfClaw.cs:
    CS0219: Line 36: The variable `version' is assigned but its value is never used
 + ../../Source/Scripts/Items/Trades/Reagents/Witch/Maggot.cs:
    CS0219: Line 36: The variable `version' is assigned but its value is never used
 + ../../Source/Scripts/Items/Trades/Reagents/Witch/VioletFungus.cs:
    CS0219: Line 36: The variable `version' is assigned but its value is never used
 + ../../Source/Scripts/Items/Trades/Reagents/Witch/DriedToad.cs:
    CS0219: Line 36: The variable `version' is assigned but its value is never used
 + ../../Source/Scripts/Items/Trades/Reagents/Witch/BlackSand.cs:
    CS0219: Line 36: The variable `version' is assigned but its value is never used
 + ../../Source/Scripts/Items/Trades/Reagents/Witch/BitterRoot.cs:
    CS0219: Line 36: The variable `version' is assigned but its value is never used
 + ../../Source/Scripts/Items/Trades/Reagents/Witch/BloodRose.cs:
    CS0219: Line 36: The variable `version' is assigned but its value is never used
 + ../../Source/Scripts/Items/Trades/Reagents/Witch/MummyWrap.cs:
    CS0219: Line 36: The variable `version' is assigned but its value is never used
 + ../../Source/Scripts/Items/Trades/Reagents/Common/SulfurousAsh.cs:
    CS0219: Line 34: The variable `version' is assigned but its value is never used
 + ../../Source/Scripts/Items/Trades/Reagents/Common/BlackPearl.cs:
    CS0219: Line 38: The variable `version' is assigned but its value is never used
 + ../../Source/Scripts/Items/Trades/Reagents/Common/SpidersSilk.cs:
    CS0219: Line 34: The variable `version' is assigned but its value is never used
 + ../../Source/Scripts/Items/Trades/Reagents/Common/Nightshade.cs:
    CS0219: Line 36: The variable `version' is assigned but its value is never used
 + ../../Source/Scripts/Items/Trades/Reagents/Common/Ginseng.cs:
    CS0219: Line 36: The variable `version' is assigned but its value is never used
 + ../../Source/Scripts/Items/Trades/Reagents/Common/MandrakeRoot.cs:
    CS0219: Line 36: The variable `version' is assigned but its value is never used
 + ../../Source/Scripts/Items/Trades/Reagents/Common/Garlic.cs:
    CS0219: Line 36: The variable `version' is assigned but its value is never used
 + ../../Source/Scripts/Items/Trades/Reagents/Common/Bloodmoss.cs:
    CS0219: Line 36: The variable `version' is assigned but its value is never used
 + ../../Source/Scripts/Items/Trades/Reagents/Necromancy/DaemonBlood.cs:
    CS0219: Line 36: The variable `version' is assigned but its value is never used
 + ../../Source/Scripts/Items/Trades/Reagents/Necromancy/BatWing.cs:
    CS0219: Line 36: The variable `version' is assigned but its value is never used
 + ../../Source/Scripts/Items/Trades/Reagents/Necromancy/NoxCrystal.cs:
    CS0219: Line 36: The variable `version' is assigned but its value is never used
 + ../../Source/Scripts/Items/Trades/Reagents/Necromancy/GraveDust.cs:
    CS0219: Line 36: The variable `version' is assigned but its value is never used
 + ../../Source/Scripts/Items/Trades/Reagents/Necromancy/PigIron.cs:
    CS0219: Line 36: The variable `version' is assigned but its value is never used
 + ../../Source/Scripts/Items/Trades/Reagents/Alchemy/GargoyleEar.cs:
    CS0219: Line 36: The variable `version' is assigned but its value is never used
 + ../../Source/Scripts/Items/Trades/Reagents/Alchemy/FairyEgg.cs:
    CS0219: Line 36: The variable `version' is assigned but its value is never used
 + ../../Source/Scripts/Items/Trades/Reagents/Alchemy/SeaSalt.cs:
    CS0219: Line 36: The variable `version' is assigned but its value is never used
 + ../../Source/Scripts/Items/Trades/Reagents/Alchemy/SwampBerries.cs:
    CS0219: Line 36: The variable `version' is assigned but its value is never used
 + ../../Source/Scripts/Items/Trades/Reagents/Alchemy/BeetleShell.cs:
    CS0219: Line 36: The variable `version' is assigned but its value is never used
 + ../../Source/Scripts/Items/Trades/Reagents/Alchemy/ButterflyWings.cs:
    CS0219: Line 36: The variable `version' is assigned but its value is never used
 + ../../Source/Scripts/Items/Trades/Reagents/Alchemy/SilverWidow.cs:
    CS0219: Line 36: The variable `version' is assigned but its value is never used
 + ../../Source/Scripts/Items/Trades/Reagents/Alchemy/MoonCrystal.cs:
    CS0219: Line 36: The variable `version' is assigned but its value is never used
 + ../../Source/Scripts/Items/Trades/Reagents/Alchemy/PixieSkull.cs:
    CS0219: Line 36: The variable `version' is assigned but its value is never used
 + ../../Source/Scripts/Items/Trades/Reagents/Alchemy/RedLotus.cs:
    CS0219: Line 36: The variable `version' is assigned but its value is never used
 + ../../Source/Scripts/Items/Trades/Reagents/Alchemy/Brimstone.cs:
    CS0219: Line 36: The variable `version' is assigned but its value is never used
 + ../../Source/Scripts/Items/Trades/Reagents/Alchemy/EyeOfToad.cs:
    CS0219: Line 36: The variable `version' is assigned but its value is never used
 + ../../Source/Scripts/Items/Trades/Reagents/BagOfAlchemicReagents.cs:
    CS0219: Line 70: The variable `version' is assigned but its value is never used
 + ../../Source/Scripts/Items/Trades/Reagents/BagOfAllReagents.cs:
    CS0219: Line 77: The variable `version' is assigned but its value is never used
 + ../../Source/Scripts/Items/Trades/Reagents/BagOfReagents.cs:
    CS0219: Line 49: The variable `version' is assigned but its value is never used
 + ../../Source/Scripts/Items/Trades/Reagents/BagOfNecroReagents.cs:
    CS0219: Line 55: The variable `version' is assigned but its value is never used
 + ../../Source/Scripts/Items/Trades/Reagents/Reagents.cs:
    CS0219: Line 82: The variable `version' is assigned but its value is never used
    CS0219: Line 156: The variable `version' is assigned but its value is never used
    CS0219: Line 237: The variable `version' is assigned but its value is never used
 + ../../Source/Scripts/Items/Trades/Reagents/BaseReagent.cs:
    CS0219: Line 57: The variable `version' is assigned but its value is never used
 + ../../Source/Scripts/Items/Trades/Cartography/Maps/SeaChart.cs:
    CS0219: Line 87: The variable `version' is assigned but its value is never used
 + ../../Source/Scripts/Items/Trades/Cartography/Maps/LocalMap.cs:
    CS0219: Line 84: The variable `version' is assigned but its value is never used
 + ../../Source/Scripts/Items/Trades/Cartography/Maps/WorldMap.cs:
    CS0219: Line 92: The variable `version' is assigned but its value is never used
 + ../../Source/Scripts/Items/Trades/Cartography/Maps/CityMap.cs:
    CS0219: Line 92: The variable `version' is assigned but its value is never used
 + ../../Source/Scripts/Items/Trades/Cartography/Maps/TreasureMap.cs:
    CS0219: Line 391: The variable `lang' is assigned but its value is never used
    CS0219: Line 1052: The variable `version' is assigned but its value is never used
 + ../../Source/Scripts/Items/Trades/Cartography/Maps/MapRanger.cs:
    CS0219: Line 471: The variable `version' is assigned but its value is never used
 + ../../Source/Scripts/Items/Trades/Cartography/Maps/IndecipherableMap.cs:
    CS0219: Line 39: The variable `version' is assigned but its value is never used
 + ../../Source/Scripts/Items/Trades/Cartography/Maps/BlankMap.cs:
    CS0219: Line 30: The variable `version' is assigned but its value is never used
 + ../../Source/Scripts/Items/Trades/Cartography/MapmakersPen.cs:
    CS0219: Line 38: The variable `version' is assigned but its value is never used
 + ../../Source/Scripts/Items/Trades/Alchemy/MortarPestle.cs:
    CS0219: Line 40: The variable `version' is assigned but its value is never used
 + ../../Source/Scripts/Items/Trades/Alchemy/ApothecaryVials.cs:
    CS0219: Line 36: The variable `version' is assigned but its value is never used
 + ../../Source/Scripts/Items/Trades/Alchemy/CrystallineJar.cs:
    CS0219: Line 248: The variable `version' is assigned but its value is never used
 + ../../Source/Scripts/Items/Trades/Alchemy/AlchemyTub.cs:
    CS0219: Line 57: The variable `version' is assigned but its value is never used
 + ../../Source/Scripts/Items/Trades/BarkFragment.cs:
    CS0219: Line 42: The variable `version' is assigned but its value is never used
 + ../../Source/Scripts/Items/Trades/BaseHarvestTool.cs:
    CS0219: Line 131: The variable `from' is assigned but its value is never used
 + ../../Source/Scripts/Items/Trades/Special.cs:
    CS0219: Line 89: The variable `version' is assigned but its value is never used
    CS0219: Line 119: The variable `version' is assigned but its value is never used
    CS0219: Line 148: The variable `version' is assigned but its value is never used
    CS0219: Line 177: The variable `version' is assigned but its value is never used
    CS0219: Line 206: The variable `version' is assigned but its value is never used
    CS0219: Line 235: The variable `version' is assigned but its value is never used
    CS0219: Line 264: The variable `version' is assigned but its value is never used
    CS0219: Line 293: The variable `version' is assigned but its value is never used
    CS0219: Line 322: The variable `version' is assigned but its value is never used
    CS0219: Line 351: The variable `version' is assigned but its value is never used
    CS0219: Line 380: The variable `version' is assigned but its value is never used
    CS0219: Line 409: The variable `version' is assigned but its value is never used
    CS0219: Line 438: The variable `version' is assigned but its value is never used
    CS0219: Line 467: The variable `version' is assigned but its value is never used
    CS0219: Line 496: The variable `version' is assigned but its value is never used
    CS0219: Line 525: The variable `version' is assigned but its value is never used
 + ../../Source/Scripts/Items/Trades/BaseTool.cs:
    CS0219: Line 115: The variable `from' is assigned but its value is never used
    CS0219: Line 277: The variable `context' is assigned but its value is never used
    CS0219: Line 313: The variable `context' is assigned but its value is never used
 + ../../Source/Scripts/Items/Trades/SkinningKnifeTool.cs:
    CS0219: Line 64: The variable `version' is assigned but its value is never used
 + ../../Source/Scripts/Items/Clothing/Suits/LordBlackthorneSuit.cs:
    CS0219: Line 29: The variable `version' is assigned but its value is never used
 + ../../Source/Scripts/Items/Clothing/Suits/DupreSuit.cs:
    CS0219: Line 29: The variable `version' is assigned but its value is never used
 + ../../Source/Scripts/Items/Clothing/Suits/DeathShroud.cs:
    CS0219: Line 29: The variable `version' is assigned but its value is never used
 + ../../Source/Scripts/Items/Clothing/Suits/LordBritishSuit.cs:
    CS0219: Line 29: The variable `version' is assigned but its value is never used
 + ../../Source/Scripts/Items/Clothing/Hats.cs:
    CS0219: Line 125: The variable `version' is assigned but its value is never used
    CS0219: Line 165: The variable `version' is assigned but its value is never used
    CS0219: Line 206: The variable `version' is assigned but its value is never used
    CS0219: Line 246: The variable `version' is assigned but its value is never used
    CS0219: Line 286: The variable `version' is assigned but its value is never used
    CS0219: Line 327: The variable `version' is assigned but its value is never used
    CS0219: Line 367: The variable `version' is assigned but its value is never used
    CS0219: Line 409: The variable `version' is assigned but its value is never used
    CS0219: Line 451: The variable `version' is assigned but its value is never used
    CS0219: Line 492: The variable `version' is assigned but its value is never used
    CS0219: Line 533: The variable `version' is assigned but its value is never used
    CS0219: Line 574: The variable `version' is assigned but its value is never used
    CS0219: Line 615: The variable `version' is assigned but its value is never used
    CS0219: Line 654: The variable `version' is assigned but its value is never used
    CS0219: Line 704: The variable `version' is assigned but its value is never used
    CS0219: Line 751: The variable `version' is assigned but its value is never used
    CS0219: Line 792: The variable `version' is assigned but its value is never used
    CS0219: Line 833: The variable `version' is assigned but its value is never used
    CS0219: Line 889: The variable `version' is assigned but its value is never used
    CS0219: Line 933: The variable `version' is assigned but its value is never used
    CS0219: Line 980: The variable `version' is assigned but its value is never used
    CS0219: Line 1021: The variable `version' is assigned but its value is never used
    CS0219: Line 1062: The variable `version' is assigned but its value is never used
    CS0219: Line 1104: The variable `version' is assigned but its value is never used
    CS0219: Line 1146: The variable `version' is assigned but its value is never used
    CS0219: Line 1187: The variable `version' is assigned but its value is never used
    CS0219: Line 1229: The variable `version' is assigned but its value is never used
 + ../../Source/Scripts/Items/Clothing/OuterTorso.cs:
    CS0219: Line 31: The variable `version' is assigned but its value is never used
    CS0219: Line 65: The variable `version' is assigned but its value is never used
    CS0219: Line 99: The variable `version' is assigned but its value is never used
    CS0219: Line 391: The variable `version' is assigned but its value is never used
    CS0219: Line 425: The variable `version' is assigned but its value is never used
    CS0219: Line 461: The variable `version' is assigned but its value is never used
    CS0219: Line 494: The variable `version' is assigned but its value is never used
    CS0219: Line 529: The variable `version' is assigned but its value is never used
    CS0219: Line 564: The variable `version' is assigned but its value is never used
 + ../../Source/Scripts/Items/Clothing/Waist.cs:
    CS0219: Line 30: The variable `version' is assigned but its value is never used
    CS0219: Line 63: The variable `version' is assigned but its value is never used
    CS0219: Line 96: The variable `version' is assigned but its value is never used
    CS0219: Line 127: The variable `version' is assigned but its value is never used
 + ../../Source/Scripts/Items/Clothing/OuterLegs.cs:
    CS0219: Line 30: The variable `version' is assigned but its value is never used
    CS0219: Line 63: The variable `version' is assigned but its value is never used
    CS0219: Line 94: The variable `version' is assigned but its value is never used
    CS0219: Line 125: The variable `version' is assigned but its value is never used
    CS0219: Line 160: The variable `version' is assigned but its value is never used
    CS0219: Line 193: The variable `version' is assigned but its value is never used
 + ../../Source/Scripts/Items/Clothing/Pants.cs:
    CS0219: Line 47: The variable `version' is assigned but its value is never used
    CS0219: Line 81: The variable `version' is assigned but its value is never used
    CS0219: Line 116: The variable `version' is assigned but its value is never used
    CS0219: Line 149: The variable `version' is assigned but its value is never used
    CS0219: Line 180: The variable `version' is assigned but its value is never used
    CS0219: Line 211: The variable `version' is assigned but its value is never used
 + ../../Source/Scripts/Items/Clothing/Shirts.cs:
    CS0219: Line 30: The variable `version' is assigned but its value is never used
    CS0219: Line 63: The variable `version' is assigned but its value is never used
    CS0219: Line 94: The variable `version' is assigned but its value is never used
    CS0219: Line 125: The variable `version' is assigned but its value is never used
    CS0219: Line 156: The variable `version' is assigned but its value is never used
    CS0219: Line 187: The variable `version' is assigned but its value is never used
    CS0219: Line 221: The variable `version' is assigned but its value is never used
    CS0219: Line 252: The variable `version' is assigned but its value is never used
    CS0219: Line 283: The variable `version' is assigned but its value is never used
    CS0219: Line 314: The variable `version' is assigned but its value is never used
    CS0219: Line 348: The variable `version' is assigned but its value is never used
 + ../../Source/Scripts/Items/Clothing/Shoes.cs:
    CS0219: Line 28: The variable `version' is assigned but its value is never used
    CS0219: Line 62: The variable `version' is assigned but its value is never used
    CS0219: Line 98: The variable `version' is assigned but its value is never used
    CS0219: Line 261: The variable `version' is assigned but its value is never used
    CS0219: Line 301: The variable `version' is assigned but its value is never used
    CS0219: Line 334: The variable `version' is assigned but its value is never used
    CS0219: Line 367: The variable `version' is assigned but its value is never used
    CS0219: Line 400: The variable `version' is assigned but its value is never used
    CS0219: Line 443: The variable `version' is assigned but its value is never used
    CS0219: Line 483: The variable `version' is assigned but its value is never used
 + ../../Source/Scripts/Items/Clothing/Cloaks.cs:
    CS0219: Line 30: The variable `version' is assigned but its value is never used
 + ../../Source/Scripts/Items/Clothing/MiddleTorso.cs:
    CS0219: Line 30: The variable `version' is assigned but its value is never used
    CS0219: Line 63: The variable `version' is assigned but its value is never used
    CS0219: Line 94: The variable `version' is assigned but its value is never used
    CS0219: Line 125: The variable `version' is assigned but its value is never used
    CS0219: Line 158: The variable `version' is assigned but its value is never used
    CS0219: Line 191: The variable `version' is assigned but its value is never used
    CS0219: Line 224: The variable `version' is assigned but its value is never used
    CS0219: Line 260: The variable `version' is assigned but its value is never used
    CS0219: Line 296: The variable `version' is assigned but its value is never used
    CS0219: Line 329: The variable `version' is assigned but its value is never used
    CS0219: Line 362: The variable `version' is assigned but its value is never used
 + ../../Source/Scripts/Items/Clothing/RoyalCloak.cs:
    CS0219: Line 34: The variable `version' is assigned but its value is never used
 + ../../Source/Scripts/Items/Clothing/Robes.cs:
    CS0219: Line 34: The variable `version' is assigned but its value is never used
    CS0219: Line 67: The variable `version' is assigned but its value is never used
    CS0219: Line 100: The variable `version' is assigned but its value is never used
    CS0219: Line 133: The variable `version' is assigned but its value is never used
    CS0219: Line 166: The variable `version' is assigned but its value is never used
    CS0219: Line 199: The variable `version' is assigned but its value is never used
    CS0219: Line 232: The variable `version' is assigned but its value is never used
    CS0219: Line 265: The variable `version' is assigned but its value is never used
    CS0219: Line 298: The variable `version' is assigned but its value is never used
    CS0219: Line 331: The variable `version' is assigned but its value is never used
    CS0219: Line 364: The variable `version' is assigned but its value is never used
    CS0219: Line 396: The variable `version' is assigned but its value is never used
    CS0219: Line 429: The variable `version' is assigned but its value is never used
    CS0219: Line 462: The variable `version' is assigned but its value is never used
    CS0219: Line 494: The variable `version' is assigned but its value is never used
    CS0219: Line 526: The variable `version' is assigned but its value is never used
    CS0219: Line 558: The variable `version' is assigned but its value is never used
    CS0219: Line 590: The variable `version' is assigned but its value is never used
    CS0219: Line 623: The variable `version' is assigned but its value is never used
    CS0219: Line 654: The variable `version' is assigned but its value is never used
    CS0219: Line 685: The variable `version' is assigned but its value is never used
    CS0219: Line 716: The variable `version' is assigned but its value is never used
    CS0219: Line 747: The variable `version' is assigned but its value is never used
    CS0219: Line 778: The variable `version' is assigned but its value is never used
    CS0219: Line 809: The variable `version' is assigned but its value is never used
    CS0219: Line 840: The variable `version' is assigned but its value is never used
    CS0219: Line 871: The variable `version' is assigned but its value is never used
    CS0219: Line 902: The variable `version' is assigned but its value is never used
 + ../../Source/Scripts/Items/Clothing/BaseClothing.cs:
    CS0219: Line 995: The variable `nul' is assigned but its value is never used
    CS0219: Line 996: The variable `nol' is assigned but its value is never used
 + ../../Source/Scripts/Items/Clothing/LoinCloth.cs:
    CS0219: Line 35: The variable `version' is assigned but its value is never used
    CS0219: Line 67: The variable `version' is assigned but its value is never used
 + ../../Source/Scripts/Items/Clothing/ReaperHoods.cs:
    CS0219: Line 45: The variable `version' is assigned but its value is never used
    CS0219: Line 85: The variable `version' is assigned but its value is never used
 + ../../Source/Scripts/Items/Houses/Monopoly/Gumps/TownHouse Gumps/TownHouseSetupGump.cs:
    CS0219: Line 714: The variable `index' is assigned but its value is never used
 + ../../Source/Scripts/Items/Houses/Monopoly/Items/RentalContractCopy.cs:
    CS0219: Line 44: The variable `version' is assigned but its value is never used
 + ../../Source/Scripts/Items/Houses/Monopoly/Items/SignHammer.cs:
    CS0219: Line 263: The variable `version' is assigned but its value is never used
 + ../../Source/Scripts/Items/Houses/Monopoly/Items/RentalLicense.cs:
    CS0219: Line 58: The variable `version' is assigned but its value is never used
 + ../../Source/Scripts/Items/Houses/Decorations/Artifacts/Decorative/ArtifactLargeVase.cs:
    CS0219: Line 29: The variable `version' is assigned but its value is never used
 + ../../Source/Scripts/Items/Houses/Decorations/Artifacts/Decorative/SwampTile.cs:
    CS0219: Line 29: The variable `version' is assigned but its value is never used
 + ../../Source/Scripts/Items/Houses/Decorations/Artifacts/Decorative/TatteredAncientMummyWrapping.cs:
    CS0219: Line 32: The variable `version' is assigned but its value is never used
 + ../../Source/Scripts/Items/Houses/Decorations/Artifacts/Decorative/DirtPatch.cs:
    CS0219: Line 29: The variable `version' is assigned but its value is never used
 + ../../Source/Scripts/Items/Houses/Decorations/Artifacts/Decorative/Web.cs:
    CS0219: Line 37: The variable `version' is assigned but its value is never used
 + ../../Source/Scripts/Items/Houses/Decorations/Artifacts/Decorative/WallBlood.cs:
    CS0219: Line 30: The variable `version' is assigned but its value is never used
 + ../../Source/Scripts/Items/Houses/Decorations/Artifacts/Decorative/ArtifactVase.cs:
    CS0219: Line 29: The variable `version' is assigned but its value is never used
 + ../../Source/Scripts/Items/Houses/Decorations/Artifacts/Decorative/LavaTile.cs:
    CS0219: Line 29: The variable `version' is assigned but its value is never used
 + ../../Source/Scripts/Items/Houses/Decorations/Artifacts/Decorative/WaterTile.cs:
    CS0219: Line 29: The variable `version' is assigned but its value is never used
 + ../../Source/Scripts/Items/Houses/Decorations/Artifacts/Decorative/SkullPole.cs:
    CS0219: Line 30: The variable `version' is assigned but its value is never used
 + ../../Source/Scripts/Items/Houses/Decorations/Artifacts/Decorative/DemonSkull.cs:
    CS0219: Line 29: The variable `version' is assigned but its value is never used
 + ../../Source/Scripts/Items/Houses/Decorations/Artifacts/Decorative/Pier.cs:
    CS0219: Line 54: The variable `version' is assigned but its value is never used
 + ../../Source/Scripts/Items/Houses/Decorations/Artifacts/Decorative/Futon.cs:
    CS0219: Line 39: The variable `version' is assigned but its value is never used
 + ../../Source/Scripts/Items/Houses/Decorations/Artifacts/Decorative/EvilIdolSkull.cs:
    CS0219: Line 31: The variable `version' is assigned but its value is never used
 + ../../Source/Scripts/Items/Houses/Decorations/Artifacts/BaseDecorationArtifact.cs:
    CS0219: Line 29: The variable `version' is assigned but its value is never used
    CS0219: Line 72: The variable `version' is assigned but its value is never used
 + ../../Source/Scripts/Items/Houses/Decorations/Artifacts/DoomDecorationArtifacts.cs:
    CS0219: Line 30: The variable `version' is assigned but its value is never used
    CS0219: Line 61: The variable `version' is assigned but its value is never used
    CS0219: Line 91: The variable `version' is assigned but its value is never used
    CS0219: Line 121: The variable `version' is assigned but its value is never used
    CS0219: Line 151: The variable `version' is assigned but its value is never used
    CS0219: Line 181: The variable `version' is assigned but its value is never used
    CS0219: Line 212: The variable `version' is assigned but its value is never used
    CS0219: Line 242: The variable `version' is assigned but its value is never used
    CS0219: Line 272: The variable `version' is assigned but its value is never used
    CS0219: Line 302: The variable `version' is assigned but its value is never used
    CS0219: Line 332: The variable `version' is assigned but its value is never used
    CS0219: Line 363: The variable `version' is assigned but its value is never used
    CS0219: Line 391: The variable `version' is assigned but its value is never used
    CS0219: Line 421: The variable `version' is assigned but its value is never used
    CS0219: Line 451: The variable `version' is assigned but its value is never used
    CS0219: Line 481: The variable `version' is assigned but its value is never used
    CS0219: Line 511: The variable `version' is assigned but its value is never used
    CS0219: Line 541: The variable `version' is assigned but its value is never used
    CS0219: Line 572: The variable `version' is assigned but its value is never used
    CS0219: Line 602: The variable `version' is assigned but its value is never used
    CS0219: Line 632: The variable `version' is assigned but its value is never used
    CS0219: Line 662: The variable `version' is assigned but its value is never used
    CS0219: Line 692: The variable `version' is assigned but its value is never used
 + ../../Source/Scripts/Items/Houses/Decorations/Artifacts/StealableArtifactsSpawner.cs:
    CS0219: Line 315: The variable `version' is assigned but its value is never used
 + ../../Source/Scripts/Items/Houses/Decorations/GwennoGraveAddon.cs:
    CS0219: Line 44: The variable `version' is assigned but its value is never used
    CS0219: Line 77: The variable `version' is assigned but its value is never used
 + ../../Source/Scripts/Items/Houses/Decorations/DecoIngotDeed.cs:
    CS0219: Line 36: The variable `version' is assigned but its value is never used
    CS0219: Line 41: The variable `tempNumber' is assigned but its value is never used
 + ../../Source/Scripts/Items/Houses/Decorations/Pillows.cs:
    CS0219: Line 56: The variable `version' is assigned but its value is never used
 + ../../Source/Scripts/Items/Houses/Decorations/HouseSign.cs:
    CS0219: Line 32: The variable `version' is assigned but its value is never used
    CS0219: Line 60: The variable `version' is assigned but its value is never used
    CS0219: Line 110: The variable `version' is assigned but its value is never used
    CS0219: Line 163: The variable `version' is assigned but its value is never used
    CS0219: Line 216: The variable `version' is assigned but its value is never used
    CS0219: Line 269: The variable `version' is assigned but its value is never used
    CS0219: Line 322: The variable `version' is assigned but its value is never used
    CS0219: Line 375: The variable `version' is assigned but its value is never used
    CS0219: Line 428: The variable `version' is assigned but its value is never used
    CS0219: Line 481: The variable `version' is assigned but its value is never used
    CS0219: Line 534: The variable `version' is assigned but its value is never used
    CS0219: Line 587: The variable `version' is assigned but its value is never used
    CS0219: Line 640: The variable `version' is assigned but its value is never used
    CS0219: Line 693: The variable `version' is assigned but its value is never used
    CS0219: Line 746: The variable `version' is assigned but its value is never used
    CS0219: Line 799: The variable `version' is assigned but its value is never used
    CS0219: Line 852: The variable `version' is assigned but its value is never used
    CS0219: Line 905: The variable `version' is assigned but its value is never used
    CS0219: Line 958: The variable `version' is assigned but its value is never used
    CS0219: Line 1011: The variable `version' is assigned but its value is never used
    CS0219: Line 1064: The variable `version' is assigned but its value is never used
    CS0219: Line 1117: The variable `version' is assigned but its value is never used
    CS0219: Line 1170: The variable `version' is assigned but its value is never used
    CS0219: Line 1223: The variable `version' is assigned but its value is never used
 + ../../Source/Scripts/Items/Houses/Decorations/EvilItems.cs:
    CS0219: Line 42: The variable `version' is assigned but its value is never used
    CS0219: Line 70: The variable `version' is assigned but its value is never used
    CS0219: Line 98: The variable `version' is assigned but its value is never used
    CS0219: Line 126: The variable `version' is assigned but its value is never used
 + ../../Source/Scripts/Items/Houses/Decorations/MonsterStatueDeed.cs:
    CS0219: Line 36: The variable `version' is assigned but its value is never used
 + ../../Source/Scripts/Items/Houses/Decorations/OrientalItems.cs:
    CS0219: Line 40: The variable `version' is assigned but its value is never used
 + ../../Source/Scripts/Items/Houses/Doors/DoorOpener.cs:
    CS0219: Line 54: The variable `version' is assigned but its value is never used
 + ../../Source/Scripts/Items/Houses/Doors/RandomExit.cs:
    CS0219: Line 35: The variable `mZone' is assigned but its value is never used
    CS0219: Line 87: The variable `version' is assigned but its value is never used
 + ../../Source/Scripts/Items/Houses/Doors/SerpentPillars.cs:
    CS0219: Line 64: The variable `version' is assigned but its value is never used
 + ../../Source/Scripts/Items/Houses/Doors/MagicMirror.cs:
    CS0219: Line 155: The variable `mirror' is assigned but its value is never used
    CS0219: Line 260: The variable `version' is assigned but its value is never used
 + ../../Source/Scripts/Items/Houses/Doors/TeleportTile.cs:
    CS0219: Line 49: The variable `version' is assigned but its value is never used
 + ../../Source/Scripts/Items/Houses/Doors/ArgentrockTeleporter.cs:
    CS0219: Line 58: The variable `version' is assigned but its value is never used
 + ../../Source/Scripts/Items/Houses/Doors/HouseDoors.cs:
    CS0219: Line 33: The variable `version' is assigned but its value is never used
    CS0219: Line 59: The variable `version' is assigned but its value is never used
    CS0219: Line 91: The variable `version' is assigned but its value is never used
 + ../../Source/Scripts/Items/Houses/Doors/PickableDoor.cs:
    CS0219: Line 126: The variable `version' is assigned but its value is never used
 + ../../Source/Scripts/Items/Houses/Doors/BasementDoorway.cs:
    CS0219: Line 87: The variable `pc' is assigned but its value is never used
    CS0219: Line 138: The variable `version' is assigned but its value is never used
 + ../../Source/Scripts/Items/Houses/Doors/DoorSwitch.cs:
    CS0219: Line 104: The variable `d' is assigned but its value is never used
    CS0219: Line 133: The variable `version' is assigned but its value is never used
 + ../../Source/Scripts/Items/Houses/Doors/RaceTeleporter.cs:
    CS0219: Line 138: The variable `version' is assigned but its value is never used
 + ../../Source/Scripts/Items/Houses/Doors/SkullGate.cs:
    CS0219: Line 63: The variable `version' is assigned but its value is never used
 + ../../Source/Scripts/Items/Houses/Doors/GateMoon.cs:
    CS0219: Line 244: The variable `pm' is assigned but its value is never used
    CS0219: Line 349: The variable `version' is assigned but its value is never used
 + ../../Source/Scripts/Items/Houses/Doors/PrisonExit.cs:
    CS0219: Line 47: The variable `version' is assigned but its value is never used
 + ../../Source/Scripts/Items/Houses/Doors/BasementDoor.cs:
    CS0219: Line 56: The variable `pc' is assigned but its value is never used
    CS0219: Line 153: The variable `pc' is assigned but its value is never used
    CS0219: Line 207: The variable `version' is assigned but its value is never used
 + ../../Source/Scripts/Items/Houses/Doors/SecretDoors.cs:
    CS0219: Line 27: The variable `version' is assigned but its value is never used
    CS0219: Line 53: The variable `version' is assigned but its value is never used
    CS0219: Line 79: The variable `version' is assigned but its value is never used
    CS0219: Line 105: The variable `version' is assigned but its value is never used
    CS0219: Line 131: The variable `version' is assigned but its value is never used
    CS0219: Line 157: The variable `version' is assigned but its value is never used
 + ../../Source/Scripts/Items/Houses/Doors/DoorStuck.cs:
    CS0219: Line 41: The variable `version' is assigned but its value is never used
 + ../../Source/Scripts/Items/Houses/Doors/Doors.cs:
    CS0219: Line 44: The variable `version' is assigned but its value is never used
    CS0219: Line 70: The variable `version' is assigned but its value is never used
    CS0219: Line 96: The variable `version' is assigned but its value is never used
    CS0219: Line 122: The variable `version' is assigned but its value is never used
    CS0219: Line 148: The variable `version' is assigned but its value is never used
    CS0219: Line 174: The variable `version' is assigned but its value is never used
    CS0219: Line 200: The variable `version' is assigned but its value is never used
    CS0219: Line 226: The variable `version' is assigned but its value is never used
    CS0219: Line 252: The variable `version' is assigned but its value is never used
    CS0219: Line 278: The variable `version' is assigned but its value is never used
    CS0219: Line 304: The variable `version' is assigned but its value is never used
    CS0219: Line 330: The variable `version' is assigned but its value is never used
    CS0219: Line 356: The variable `version' is assigned but its value is never used
    CS0219: Line 380: The variable `version' is assigned but its value is never used
    CS0219: Line 404: The variable `version' is assigned but its value is never used
    CS0219: Line 461: The variable `version' is assigned but its value is never used
    CS0219: Line 520: The variable `version' is assigned but its value is never used
 + ../../Source/Scripts/Items/Houses/Doors/ThruDoor.cs:
    CS0219: Line 271: The variable `version' is assigned but its value is never used
 + ../../Source/Scripts/Items/Houses/Doors/Portcullis.cs:
    CS0219: Line 29: The variable `version' is assigned but its value is never used
    CS0219: Line 57: The variable `version' is assigned but its value is never used
 + ../../Source/Scripts/Items/Houses/Doors/StrangePortal.cs:
    CS0219: Line 181: The variable `version' is assigned but its value is never used
    CS0219: Line 257: The variable `version' is assigned but its value is never used
 + ../../Source/Scripts/Items/Houses/Remodeling/ShantyDoor.cs:
    CS0219: Line 170: The variable `version' is assigned but its value is never used
 + ../../Source/Scripts/Items/Houses/Remodeling/ShantyStair.cs:
    CS0219: Line 47: The variable `version' is assigned but its value is never used
 + ../../Source/Scripts/Items/Houses/Remodeling/LawnGate.cs:
    CS0219: Line 128: The variable `version' is assigned but its value is never used
 + ../../Source/Scripts/Items/Houses/Remodeling/LawnStair.cs:
    CS0219: Line 47: The variable `version' is assigned but its value is never used
 + ../../Source/Scripts/Items/Houses/Carpets/MagicCarpetA.cs:
    CS0219: Line 36: The variable `version' is assigned but its value is never used
    CS0219: Line 63: The variable `version' is assigned but its value is never used
    CS0219: Line 88: The variable `version' is assigned but its value is never used
 + ../../Source/Scripts/Items/Houses/Carpets/MagicCarpetE.cs:
    CS0219: Line 36: The variable `version' is assigned but its value is never used
    CS0219: Line 63: The variable `version' is assigned but its value is never used
    CS0219: Line 88: The variable `version' is assigned but its value is never used
 + ../../Source/Scripts/Items/Houses/Carpets/MagicCarpetD.cs:
    CS0219: Line 36: The variable `version' is assigned but its value is never used
    CS0219: Line 63: The variable `version' is assigned but its value is never used
    CS0219: Line 88: The variable `version' is assigned but its value is never used
 + ../../Source/Scripts/Items/Houses/Carpets/MagicCarpetG.cs:
    CS0219: Line 36: The variable `version' is assigned but its value is never used
    CS0219: Line 63: The variable `version' is assigned but its value is never used
    CS0219: Line 88: The variable `version' is assigned but its value is never used
 + ../../Source/Scripts/Items/Houses/Carpets/MagicCarpetC.cs:
    CS0219: Line 36: The variable `version' is assigned but its value is never used
    CS0219: Line 63: The variable `version' is assigned but its value is never used
    CS0219: Line 88: The variable `version' is assigned but its value is never used
 + ../../Source/Scripts/Items/Houses/Carpets/MagicCarpetB.cs:
    CS0219: Line 36: The variable `version' is assigned but its value is never used
    CS0219: Line 63: The variable `version' is assigned but its value is never used
    CS0219: Line 88: The variable `version' is assigned but its value is never used
 + ../../Source/Scripts/Items/Houses/Carpets/MagicCarpetF.cs:
    CS0219: Line 36: The variable `version' is assigned but its value is never used
    CS0219: Line 63: The variable `version' is assigned but its value is never used
    CS0219: Line 88: The variable `version' is assigned but its value is never used
 + ../../Source/Scripts/Items/Houses/Carpets/MagicCarpetI.cs:
    CS0219: Line 36: The variable `version' is assigned but its value is never used
    CS0219: Line 63: The variable `version' is assigned but its value is never used
    CS0219: Line 88: The variable `version' is assigned but its value is never used
 + ../../Source/Scripts/Items/Houses/Carpets/MagicCarpetH.cs:
    CS0219: Line 36: The variable `version' is assigned but its value is never used
    CS0219: Line 63: The variable `version' is assigned but its value is never used
    CS0219: Line 88: The variable `version' is assigned but its value is never used
 + ../../Source/Scripts/Items/Houses/Construction/Wells/stonewell.cs:
    CS0219: Line 74: The variable `version' is assigned but its value is never used
    CS0219: Line 212: The variable `version' is assigned but its value is never used
 + ../../Source/Scripts/Items/Houses/Construction/Wells/blackwell.cs:
    CS0219: Line 73: The variable `version' is assigned but its value is never used
    CS0219: Line 212: The variable `version' is assigned but its value is never used
 + ../../Source/Scripts/Items/Houses/Construction/Wells/redwell.cs:
    CS0219: Line 77: The variable `version' is assigned but its value is never used
    CS0219: Line 216: The variable `version' is assigned but its value is never used
 + ../../Source/Scripts/Items/Houses/Construction/Wells/brownwell.cs:
    CS0219: Line 78: The variable `version' is assigned but its value is never used
    CS0219: Line 217: The variable `version' is assigned but its value is never used
 + ../../Source/Scripts/Items/Houses/Construction/Wells/woodwell.cs:
    CS0219: Line 77: The variable `version' is assigned but its value is never used
    CS0219: Line 216: The variable `version' is assigned but its value is never used
 + ../../Source/Scripts/Items/Houses/Construction/Wells/marblewell.cs:
    CS0219: Line 79: The variable `version' is assigned but its value is never used
    CS0219: Line 218: The variable `version' is assigned but its value is never used
 + ../../Source/Scripts/Items/Houses/Construction/Misc/Vase.cs:
    CS0219: Line 28: The variable `version' is assigned but its value is never used
    CS0219: Line 55: The variable `version' is assigned but its value is never used
    CS0219: Line 82: The variable `version' is assigned but its value is never used
 + ../../Source/Scripts/Items/Houses/Construction/Misc/MusicStand.cs:
    CS0219: Line 30: The variable `version' is assigned but its value is never used
    CS0219: Line 62: The variable `version' is assigned but its value is never used
 + ../../Source/Scripts/Items/Houses/Construction/Misc/BarrelParts.cs:
    CS0219: Line 28: The variable `version' is assigned but its value is never used
    CS0219: Line 56: The variable `version' is assigned but its value is never used
    CS0219: Line 85: The variable `version' is assigned but its value is never used
    CS0219: Line 112: The variable `version' is assigned but its value is never used
 + ../../Source/Scripts/Items/Houses/Construction/Misc/MeltedWax.cs:
    CS0219: Line 32: The variable `version' is assigned but its value is never used
 + ../../Source/Scripts/Items/Houses/Construction/Misc/Screens.cs:
    CS0219: Line 30: The variable `version' is assigned but its value is never used
    CS0219: Line 60: The variable `version' is assigned but its value is never used
 + ../../Source/Scripts/Items/Houses/Construction/Misc/Statues.cs:
    CS0219: Line 30: The variable `version' is assigned but its value is never used
    CS0219: Line 59: The variable `version' is assigned but its value is never used
    CS0219: Line 88: The variable `version' is assigned but its value is never used
    CS0219: Line 117: The variable `version' is assigned but its value is never used
    CS0219: Line 146: The variable `version' is assigned but its value is never used
    CS0219: Line 175: The variable `version' is assigned but its value is never used
    CS0219: Line 204: The variable `version' is assigned but its value is never used
    CS0219: Line 233: The variable `version' is assigned but its value is never used
    CS0219: Line 262: The variable `version' is assigned but its value is never used
    CS0219: Line 291: The variable `version' is assigned but its value is never used
    CS0219: Line 320: The variable `version' is assigned but its value is never used
    CS0219: Line 347: The variable `version' is assigned but its value is never used
 + ../../Source/Scripts/Items/Houses/Construction/Misc/Obelisk.cs:
    CS0219: Line 30: The variable `version' is assigned but its value is never used
 + ../../Source/Scripts/Items/Houses/Construction/Misc/Easle.cs:
    CS0219: Line 30: The variable `version' is assigned but its value is never used
 + ../../Source/Scripts/Items/Houses/Construction/Misc/Vines.cs:
    CS0219: Line 39: The variable `version' is assigned but its value is never used
 + ../../Source/Scripts/Items/Houses/Construction/Walls/DarkWoodWall.cs:
    CS0219: Line 51: The variable `version' is assigned but its value is never used
 + ../../Source/Scripts/Items/Houses/Construction/Walls/BaseWall.cs:
    CS0219: Line 27: The variable `version' is assigned but its value is never used
 + ../../Source/Scripts/Items/Houses/Construction/Walls/ThinStoneWall.cs:
    CS0219: Line 56: The variable `version' is assigned but its value is never used
 + ../../Source/Scripts/Items/Houses/Construction/Walls/ThinBrickWall.cs:
    CS0219: Line 67: The variable `version' is assigned but its value is never used
 + ../../Source/Scripts/Items/Houses/Construction/Walls/WhiteStoneWall.cs:
    CS0219: Line 74: The variable `version' is assigned but its value is never used
 + ../../Source/Scripts/Items/Houses/Construction/Walls/ThickGrayStoneWall.cs:
    CS0219: Line 61: The variable `version' is assigned but its value is never used
 + ../../Source/Scripts/Items/Houses/Construction/Tables/WritingTable.cs:
    CS0219: Line 30: The variable `version' is assigned but its value is never used
 + ../../Source/Scripts/Items/Houses/Construction/Tables/Tables.cs:
    CS0219: Line 30: The variable `version' is assigned but its value is never used
    CS0219: Line 59: The variable `version' is assigned but its value is never used
    CS0219: Line 89: The variable `version' is assigned but its value is never used
    CS0219: Line 121: The variable `version' is assigned but its value is never used
    CS0219: Line 153: The variable `version' is assigned but its value is never used
 + ../../Source/Scripts/Items/Houses/Construction/Trees/GreyTreeAddon.cs:
    CS0219: Line 31: The variable `version' is assigned but its value is never used
    CS0219: Line 60: The variable `version' is assigned but its value is never used
 + ../../Source/Scripts/Items/Houses/Construction/Trees/PearTreeAddon.cs:
    CS0219: Line 33: The variable `version' is assigned but its value is never used
    CS0219: Line 71: The variable `version' is assigned but its value is never used
 + ../../Source/Scripts/Items/Houses/Construction/Trees/DarkBrownTreeAddon.cs:
    CS0219: Line 31: The variable `version' is assigned but its value is never used
    CS0219: Line 60: The variable `version' is assigned but its value is never used
 + ../../Source/Scripts/Items/Houses/Construction/Trees/LightBrownTreeAddon.cs:
    CS0219: Line 31: The variable `version' is assigned but its value is never used
    CS0219: Line 60: The variable `version' is assigned but its value is never used
 + ../../Source/Scripts/Items/Houses/Construction/Ruined/RuinedItemSingle.cs:
    CS0219: Line 30: The variable `version' is assigned but its value is never used
    CS0219: Line 59: The variable `version' is assigned but its value is never used
    CS0219: Line 88: The variable `version' is assigned but its value is never used
    CS0219: Line 116: The variable `version' is assigned but its value is never used
    CS0219: Line 144: The variable `version' is assigned but its value is never used
    CS0219: Line 173: The variable `version' is assigned but its value is never used
    CS0219: Line 202: The variable `version' is assigned but its value is never used
    CS0219: Line 229: The variable `version' is assigned but its value is never used
    CS0219: Line 257: The variable `version' is assigned but its value is never used
    CS0219: Line 284: The variable `version' is assigned but its value is never used
    CS0219: Line 312: The variable `version' is assigned but its value is never used
 + ../../Source/Scripts/Items/Houses/Construction/Addons/SmallForgeAddon.cs:
    CS0219: Line 34: The variable `version' is assigned but its value is never used
    CS0219: Line 63: The variable `version' is assigned but its value is never used
 + ../../Source/Scripts/Items/Houses/Construction/Addons/ElvenBedEastAddon.cs:
    CS0219: Line 32: The variable `version' is assigned but its value is never used
    CS0219: Line 61: The variable `version' is assigned but its value is never used
 + ../../Source/Scripts/Items/Houses/Construction/Addons/AlchemistTableSouthAddon.cs:
    CS0219: Line 33: The variable `version' is assigned but its value is never used
    CS0219: Line 62: The variable `version' is assigned but its value is never used
 + ../../Source/Scripts/Items/Houses/Construction/Addons/AnvilEastAddon.cs:
    CS0219: Line 33: The variable `version' is assigned but its value is never used
    CS0219: Line 62: The variable `version' is assigned but its value is never used
 + ../../Source/Scripts/Items/Houses/Construction/Addons/GrayBrickFireplaceEastAddon.cs:
    CS0219: Line 32: The variable `version' is assigned but its value is never used
    CS0219: Line 61: The variable `version' is assigned but its value is never used
 + ../../Source/Scripts/Items/Houses/Construction/Addons/BaseAddonContainer.cs:
    CS0219: Line 153: The variable `version' is assigned but its value is never used
 + ../../Source/Scripts/Items/Houses/Construction/Addons/ArcaneCircleAddon.cs:
    CS0219: Line 41: The variable `version' is assigned but its value is never used
    CS0219: Line 70: The variable `version' is assigned but its value is never used
 + ../../Source/Scripts/Items/Houses/Construction/Addons/SandstoneFireplaceEastAddon.cs:
    CS0219: Line 32: The variable `version' is assigned but its value is never used
    CS0219: Line 61: The variable `version' is assigned but its value is never used
 + ../../Source/Scripts/Items/Houses/Construction/Addons/LargeForgeEastAddon.cs:
    CS0219: Line 34: The variable `version' is assigned but its value is never used
    CS0219: Line 63: The variable `version' is assigned but its value is never used
 + ../../Source/Scripts/Items/Houses/Construction/Addons/BaseAddonDeed.cs:
    CS0219: Line 37: The variable `version' is assigned but its value is never used
 + ../../Source/Scripts/Items/Houses/Construction/Addons/FireColumnAddon.cs:
    CS0219: Line 64: The variable `version' is assigned but its value is never used
 + ../../Source/Scripts/Items/Houses/Construction/Addons/PickpocketDips.cs:
    CS0219: Line 207: The variable `version' is assigned but its value is never used
    CS0219: Line 234: The variable `version' is assigned but its value is never used
    CS0219: Line 261: The variable `version' is assigned but its value is never used
    CS0219: Line 288: The variable `version' is assigned but its value is never used
 + ../../Source/Scripts/Items/Houses/Construction/Addons/TrainingDaemons.cs:
    CS0219: Line 210: The variable `version' is assigned but its value is never used
    CS0219: Line 237: The variable `version' is assigned but its value is never used
    CS0219: Line 264: The variable `version' is assigned but its value is never used
    CS0219: Line 291: The variable `version' is assigned but its value is never used
 + ../../Source/Scripts/Items/Houses/Construction/Addons/SmallBedEastAddon.cs:
    CS0219: Line 32: The variable `version' is assigned but its value is never used
    CS0219: Line 61: The variable `version' is assigned but its value is never used
 + ../../Source/Scripts/Items/Houses/Construction/Addons/PentagramAddon.cs:
    CS0219: Line 39: The variable `version' is assigned but its value is never used
    CS0219: Line 68: The variable `version' is assigned but its value is never used
 + ../../Source/Scripts/Items/Houses/Construction/Addons/RejuvinationAnkhs.cs:
    CS0219: Line 76: The variable `version' is assigned but its value is never used
    CS0219: Line 121: The variable `version' is assigned but its value is never used
    CS0219: Line 149: The variable `version' is assigned but its value is never used
    CS0219: Line 177: The variable `version' is assigned but its value is never used
 + ../../Source/Scripts/Items/Houses/Construction/Addons/SandstoneFireplaceSouthAddon.cs:
    CS0219: Line 32: The variable `version' is assigned but its value is never used
    CS0219: Line 61: The variable `version' is assigned but its value is never used
 + ../../Source/Scripts/Items/Houses/Construction/Addons/SpinningwheelEastAddon.cs:
    CS0219: Line 39: The variable `version' is assigned but its value is never used
    CS0219: Line 144: The variable `version' is assigned but its value is never used
 + ../../Source/Scripts/Items/Houses/Construction/Addons/AddonContainerComponent.cs:
    CS0219: Line 109: The variable `version' is assigned but its value is never used
    CS0219: Line 166: The variable `version' is assigned but its value is never used
 + ../../Source/Scripts/Items/Houses/Construction/Addons/BallotBox.cs:
    CS0219: Line 323: The variable `version' is assigned but its value is never used
    CS0219: Line 359: The variable `version' is assigned but its value is never used
    CS0219: Line 389: The variable `version' is assigned but its value is never used
 + ../../Source/Scripts/Items/Houses/Construction/Addons/WarriorStatueEastAddon.cs:
    CS0219: Line 31: The variable `version' is assigned but its value is never used
    CS0219: Line 60: The variable `version' is assigned but its value is never used
 + ../../Source/Scripts/Items/Houses/Construction/Addons/SandstoneFountainAddon.cs:
    CS0219: Line 51: The variable `version' is assigned but its value is never used
 + ../../Source/Scripts/Items/Houses/Construction/Addons/ElvenStoveSouthAddon.cs:
    CS0219: Line 31: The variable `version' is assigned but its value is never used
    CS0219: Line 60: The variable `version' is assigned but its value is never used
 + ../../Source/Scripts/Items/Houses/Construction/Addons/AddonComponent.cs:
    CS0219: Line 29: The variable `version' is assigned but its value is never used
    CS0219: Line 56: The variable `version' is assigned but its value is never used
 + ../../Source/Scripts/Items/Houses/Construction/Addons/ArcheryButteAddon.cs:
    CS0219: Line 371: The variable `version' is assigned but its value is never used
    CS0219: Line 400: The variable `version' is assigned but its value is never used
 + ../../Source/Scripts/Items/Houses/Construction/Addons/SkullPileAddon.cs:
    CS0219: Line 41: The variable `version' is assigned but its value is never used
 + ../../Source/Scripts/Items/Houses/Construction/Addons/PyramidAddon.cs:
    CS0219: Line 60: The variable `version' is assigned but its value is never used
 + ../../Source/Scripts/Items/Houses/Construction/Addons/ElvenSpinningwheelSouthAddon.cs:
    CS0219: Line 31: The variable `version' is assigned but its value is never used
    CS0219: Line 136: The variable `version' is assigned but its value is never used
 + ../../Source/Scripts/Items/Houses/Construction/Addons/GozaMats.cs:
    CS0219: Line 40: The variable `version' is assigned but its value is never used
    CS0219: Line 69: The variable `version' is assigned but its value is never used
    CS0219: Line 107: The variable `version' is assigned but its value is never used
    CS0219: Line 136: The variable `version' is assigned but its value is never used
    CS0219: Line 174: The variable `version' is assigned but its value is never used
    CS0219: Line 203: The variable `version' is assigned but its value is never used
    CS0219: Line 240: The variable `version' is assigned but its value is never used
    CS0219: Line 269: The variable `version' is assigned but its value is never used
    CS0219: Line 307: The variable `version' is assigned but its value is never used
    CS0219: Line 336: The variable `version' is assigned but its value is never used
    CS0219: Line 373: The variable `version' is assigned but its value is never used
    CS0219: Line 402: The variable `version' is assigned but its value is never used
    CS0219: Line 438: The variable `version' is assigned but its value is never used
    CS0219: Line 467: The variable `version' is assigned but its value is never used
    CS0219: Line 504: The variable `version' is assigned but its value is never used
    CS0219: Line 533: The variable `version' is assigned but its value is never used
 + ../../Source/Scripts/Items/Houses/Construction/Addons/ElvenLoveseatEastAddon.cs:
    CS0219: Line 32: The variable `version' is assigned but its value is never used
    CS0219: Line 61: The variable `version' is assigned but its value is never used
 + ../../Source/Scripts/Items/Houses/Construction/Addons/OrnateElvenTableEastAddon.cs:
    CS0219: Line 33: The variable `version' is assigned but its value is never used
    CS0219: Line 62: The variable `version' is assigned but its value is never used
 + ../../Source/Scripts/Items/Houses/Construction/Addons/LoomEastAddon.cs:
    CS0219: Line 81: The variable `version' is assigned but its value is never used
 + ../../Source/Scripts/Items/Houses/Construction/Addons/WaterTroughSouthAddon.cs:
    CS0219: Line 34: The variable `version' is assigned but its value is never used
    CS0219: Line 69: The variable `version' is assigned but its value is never used
 + ../../Source/Scripts/Items/Houses/Construction/Addons/MediumStoneTableSouthAddon.cs:
    CS0219: Line 40: The variable `version' is assigned but its value is never used
    CS0219: Line 69: The variable `version' is assigned but its value is never used
 + ../../Source/Scripts/Items/Houses/Construction/Addons/SpinningwheelSouthAddon.cs:
    CS0219: Line 31: The variable `version' is assigned but its value is never used
    CS0219: Line 136: The variable `version' is assigned but its value is never used
 + ../../Source/Scripts/Items/Houses/Construction/Addons/FancyElvenTableSouthAddon.cs:
    CS0219: Line 33: The variable `version' is assigned but its value is never used
    CS0219: Line 62: The variable `version' is assigned but its value is never used
 + ../../Source/Scripts/Items/Houses/Construction/Addons/WarriorStatueSouthAddon.cs:
    CS0219: Line 31: The variable `version' is assigned but its value is never used
    CS0219: Line 60: The variable `version' is assigned but its value is never used
 + ../../Source/Scripts/Items/Houses/Construction/Addons/LargeStoneTableSouthAddon.cs:
    CS0219: Line 41: The variable `version' is assigned but its value is never used
    CS0219: Line 70: The variable `version' is assigned but its value is never used
 + ../../Source/Scripts/Items/Houses/Construction/Addons/ArcaneBookshelfEastAddon.cs:
    CS0219: Line 34: The variable `version' is assigned but its value is never used
    CS0219: Line 63: The variable `version' is assigned but its value is never used
 + ../../Source/Scripts/Items/Houses/Construction/Addons/FlowerTapestries.cs:
    CS0219: Line 32: The variable `version' is assigned but its value is never used
    CS0219: Line 61: The variable `version' is assigned but its value is never used
    CS0219: Line 91: The variable `version' is assigned but its value is never used
    CS0219: Line 120: The variable `version' is assigned but its value is never used
    CS0219: Line 150: The variable `version' is assigned but its value is never used
    CS0219: Line 179: The variable `version' is assigned but its value is never used
    CS0219: Line 209: The variable `version' is assigned but its value is never used
    CS0219: Line 238: The variable `version' is assigned but its value is never used
 + ../../Source/Scripts/Items/Houses/Construction/Addons/ElvenStoveEastAddon.cs:
    CS0219: Line 31: The variable `version' is assigned but its value is never used
    CS0219: Line 60: The variable `version' is assigned but its value is never used
 + ../../Source/Scripts/Items/Houses/Construction/Addons/ArcaneBookshelfSouthAddon.cs:
    CS0219: Line 34: The variable `version' is assigned but its value is never used
    CS0219: Line 63: The variable `version' is assigned but its value is never used
 + ../../Source/Scripts/Items/Houses/Construction/Addons/Telescope.cs:
    CS0219: Line 103: The variable `version' is assigned but its value is never used
 + ../../Source/Scripts/Items/Houses/Construction/Addons/WaterVat.cs:
    CS0219: Line 45: The variable `version' is assigned but its value is never used
    CS0219: Line 88: The variable `version' is assigned but its value is never used
 + ../../Source/Scripts/Items/Houses/Construction/Addons/ElvenBedSouthAddon.cs:
    CS0219: Line 32: The variable `version' is assigned but its value is never used
    CS0219: Line 61: The variable `version' is assigned but its value is never used
 + ../../Source/Scripts/Items/Houses/Construction/Addons/SquirrelStatueEastAddon.cs:
    CS0219: Line 31: The variable `version' is assigned but its value is never used
    CS0219: Line 60: The variable `version' is assigned but its value is never used
 + ../../Source/Scripts/Items/Houses/Construction/Addons/GiantWebs.cs:
    CS0219: Line 39: The variable `version' is assigned but its value is never used
    CS0219: Line 72: The variable `version' is assigned but its value is never used
    CS0219: Line 105: The variable `version' is assigned but its value is never used
    CS0219: Line 138: The variable `version' is assigned but its value is never used
    CS0219: Line 171: The variable `version' is assigned but its value is never used
    CS0219: Line 204: The variable `version' is assigned but its value is never used
 + ../../Source/Scripts/Items/Houses/Construction/Addons/ArcanistStatueSouthAddon.cs:
    CS0219: Line 31: The variable `version' is assigned but its value is never used
    CS0219: Line 60: The variable `version' is assigned but its value is never used
 + ../../Source/Scripts/Items/Houses/Construction/Addons/ParrotPerchAddon.cs:
    CS0219: Line 31: The variable `version' is assigned but its value is never used
    CS0219: Line 60: The variable `version' is assigned but its value is never used
 + ../../Source/Scripts/Items/Houses/Construction/Addons/StoneFountainAddon.cs:
    CS0219: Line 51: The variable `version' is assigned but its value is never used
 + ../../Source/Scripts/Items/Houses/Construction/Addons/WaterTroughEastAddon.cs:
    CS0219: Line 34: The variable `version' is assigned but its value is never used
    CS0219: Line 69: The variable `version' is assigned but its value is never used
 + ../../Source/Scripts/Items/Houses/Construction/Addons/GrayBrickFireplaceSouthAddon.cs:
    CS0219: Line 32: The variable `version' is assigned but its value is never used
    CS0219: Line 61: The variable `version' is assigned but its value is never used
 + ../../Source/Scripts/Items/Houses/Construction/Addons/ElvenLoveseatSouthAddon.cs:
    CS0219: Line 32: The variable `version' is assigned but its value is never used
    CS0219: Line 61: The variable `version' is assigned but its value is never used
 + ../../Source/Scripts/Items/Houses/Construction/Addons/StoneOvenEastAddon.cs:
    CS0219: Line 32: The variable `version' is assigned but its value is never used
    CS0219: Line 61: The variable `version' is assigned but its value is never used
 + ../../Source/Scripts/Items/Houses/Construction/Addons/ElvenDresserEastAddon.cs:
    CS0219: Line 32: The variable `version' is assigned but its value is never used
    CS0219: Line 61: The variable `version' is assigned but its value is never used
 + ../../Source/Scripts/Items/Houses/Construction/Addons/BloodPentagram.cs:
    CS0219: Line 67: The variable `version' is assigned but its value is never used
 + ../../Source/Scripts/Items/Houses/Construction/Addons/StoneFireplaceEastAddon.cs:
    CS0219: Line 32: The variable `version' is assigned but its value is never used
    CS0219: Line 61: The variable `version' is assigned but its value is never used
 + ../../Source/Scripts/Items/Houses/Construction/Addons/WagonAddon.cs:
    CS0219: Line 253: The variable `version' is assigned but its value is never used
    CS0219: Line 286: The variable `version' is assigned but its value is never used
 + ../../Source/Scripts/Items/Houses/Construction/Addons/TigerRug.cs:
    CS0219: Line 34: The variable `version' is assigned but its value is never used
    CS0219: Line 67: The variable `version' is assigned but its value is never used
    CS0219: Line 99: The variable `version' is assigned but its value is never used
    CS0219: Line 132: The variable `version' is assigned but its value is never used
    CS0219: Line 163: The variable `version' is assigned but its value is never used
    CS0219: Line 196: The variable `version' is assigned but its value is never used
    CS0219: Line 228: The variable `version' is assigned but its value is never used
    CS0219: Line 261: The variable `version' is assigned but its value is never used
 + ../../Source/Scripts/Items/Houses/Construction/Addons/ArcanistStatueEastAddon.cs:
    CS0219: Line 31: The variable `version' is assigned but its value is never used
    CS0219: Line 60: The variable `version' is assigned but its value is never used
 + ../../Source/Scripts/Items/Houses/Construction/Addons/MediumStoneTableEastAddon.cs:
    CS0219: Line 40: The variable `version' is assigned but its value is never used
    CS0219: Line 69: The variable `version' is assigned but its value is never used
 + ../../Source/Scripts/Items/Houses/Construction/Addons/TallElvenBedSouthAddon.cs:
    CS0219: Line 34: The variable `version' is assigned but its value is never used
    CS0219: Line 63: The variable `version' is assigned but its value is never used
 + ../../Source/Scripts/Items/Houses/Construction/Addons/LoomSouthAddon.cs:
    CS0219: Line 76: The variable `version' is assigned but its value is never used
 + ../../Source/Scripts/Items/Houses/Construction/Addons/ElvenSpinningwheelEastAddon.cs:
    CS0219: Line 31: The variable `version' is assigned but its value is never used
    CS0219: Line 134: The variable `version' is assigned but its value is never used
 + ../../Source/Scripts/Items/Houses/Construction/Addons/ElvenWashbasinSouthAddon.cs:
    CS0219: Line 32: The variable `version' is assigned but its value is never used
    CS0219: Line 61: The variable `version' is assigned but its value is never used
 + ../../Source/Scripts/Items/Houses/Construction/Addons/AnvilSouthAddon.cs:
    CS0219: Line 33: The variable `version' is assigned but its value is never used
    CS0219: Line 62: The variable `version' is assigned but its value is never used
 + ../../Source/Scripts/Items/Houses/Construction/Addons/ShrineOfWisdomAddon.cs:
    CS0219: Line 33: The variable `version' is assigned but its value is never used
    CS0219: Line 62: The variable `version' is assigned but its value is never used
 + ../../Source/Scripts/Items/Houses/Construction/Addons/SquirrelStatueSouthAddon.cs:
    CS0219: Line 31: The variable `version' is assigned but its value is never used
    CS0219: Line 60: The variable `version' is assigned but its value is never used
 + ../../Source/Scripts/Items/Houses/Construction/Addons/OrnateElvenTableSouthAddon.cs:
    CS0219: Line 33: The variable `version' is assigned but its value is never used
    CS0219: Line 62: The variable `version' is assigned but its value is never used
 + ../../Source/Scripts/Items/Houses/Construction/Addons/ElvenDresserSouthAddon.cs:
    CS0219: Line 32: The variable `version' is assigned but its value is never used
    CS0219: Line 61: The variable `version' is assigned but its value is never used
 + ../../Source/Scripts/Items/Houses/Construction/Addons/StoneFireplaceSouthAddon.cs:
    CS0219: Line 32: The variable `version' is assigned but its value is never used
    CS0219: Line 61: The variable `version' is assigned but its value is never used
 + ../../Source/Scripts/Items/Houses/Construction/Addons/FlourMillEastAddon.cs:
    CS0219: Line 136: The variable `stageTable' is assigned but its value is never used
    CS0219: Line 227: The variable `version' is assigned but its value is never used
 + ../../Source/Scripts/Items/Houses/Construction/Addons/BearRugs.cs:
    CS0219: Line 39: The variable `version' is assigned but its value is never used
    CS0219: Line 68: The variable `version' is assigned but its value is never used
    CS0219: Line 105: The variable `version' is assigned but its value is never used
    CS0219: Line 134: The variable `version' is assigned but its value is never used
    CS0219: Line 171: The variable `version' is assigned but its value is never used
    CS0219: Line 200: The variable `version' is assigned but its value is never used
    CS0219: Line 237: The variable `version' is assigned but its value is never used
    CS0219: Line 266: The variable `version' is assigned but its value is never used
 + ../../Source/Scripts/Items/Houses/Construction/Addons/LargeBedEastAddon.cs:
    CS0219: Line 34: The variable `version' is assigned but its value is never used
    CS0219: Line 63: The variable `version' is assigned but its value is never used
 + ../../Source/Scripts/Items/Houses/Construction/Addons/FancyElvenTableEastAddon.cs:
    CS0219: Line 33: The variable `version' is assigned but its value is never used
    CS0219: Line 62: The variable `version' is assigned but its value is never used
 + ../../Source/Scripts/Items/Houses/Construction/Addons/StoneOvenSouthAddon.cs:
    CS0219: Line 32: The variable `version' is assigned but its value is never used
    CS0219: Line 61: The variable `version' is assigned but its value is never used
 + ../../Source/Scripts/Items/Houses/Construction/Addons/DartBoard.cs:
    CS0219: Line 103: The variable `version' is assigned but its value is never used
    CS0219: Line 131: The variable `version' is assigned but its value is never used
    CS0219: Line 161: The variable `version' is assigned but its value is never used
    CS0219: Line 189: The variable `version' is assigned but its value is never used
    CS0219: Line 219: The variable `version' is assigned but its value is never used
 + ../../Source/Scripts/Items/Houses/Construction/Addons/LargeForgeSouthAddon.cs:
    CS0219: Line 34: The variable `version' is assigned but its value is never used
    CS0219: Line 63: The variable `version' is assigned but its value is never used
 + ../../Source/Scripts/Items/Houses/Construction/Addons/AbbatoirAddon.cs:
    CS0219: Line 41: The variable `version' is assigned but its value is never used
    CS0219: Line 70: The variable `version' is assigned but its value is never used
 + ../../Source/Scripts/Items/Houses/Construction/Addons/SerpentPillarAddon.cs:
    CS0219: Line 51: The variable `version' is assigned but its value is never used
 + ../../Source/Scripts/Items/Houses/Construction/Addons/FlourMillSouthAddon.cs:
    CS0219: Line 122: The variable `stageTable' is assigned but its value is never used
    CS0219: Line 213: The variable `version' is assigned but its value is never used
 + ../../Source/Scripts/Items/Houses/Construction/Addons/TallElvenBedEastAddon.cs:
    CS0219: Line 34: The variable `version' is assigned but its value is never used
    CS0219: Line 63: The variable `version' is assigned but its value is never used
 + ../../Source/Scripts/Items/Houses/Construction/Addons/LargeBedSouthAddon.cs:
    CS0219: Line 34: The variable `version' is assigned but its value is never used
    CS0219: Line 63: The variable `version' is assigned but its value is never used
 + ../../Source/Scripts/Items/Houses/Construction/Addons/AlchemistTableEastAddon.cs:
    CS0219: Line 33: The variable `version' is assigned but its value is never used
    CS0219: Line 62: The variable `version' is assigned but its value is never used
 + ../../Source/Scripts/Items/Houses/Construction/Addons/StretchedHides.cs:
    CS0219: Line 31: The variable `version' is assigned but its value is never used
    CS0219: Line 60: The variable `version' is assigned but its value is never used
    CS0219: Line 89: The variable `version' is assigned but its value is never used
    CS0219: Line 118: The variable `version' is assigned but its value is never used
    CS0219: Line 147: The variable `version' is assigned but its value is never used
    CS0219: Line 176: The variable `version' is assigned but its value is never used
    CS0219: Line 205: The variable `version' is assigned but its value is never used
    CS0219: Line 234: The variable `version' is assigned but its value is never used
 + ../../Source/Scripts/Items/Houses/Construction/Addons/ElvenForgeAddon.cs:
    CS0219: Line 31: The variable `version' is assigned but its value is never used
    CS0219: Line 60: The variable `version' is assigned but its value is never used
 + ../../Source/Scripts/Items/Houses/Construction/Addons/TrainingDummies.cs:
    CS0219: Line 210: The variable `version' is assigned but its value is never used
    CS0219: Line 239: The variable `version' is assigned but its value is never used
    CS0219: Line 268: The variable `version' is assigned but its value is never used
    CS0219: Line 297: The variable `version' is assigned but its value is never used
 + ../../Source/Scripts/Items/Houses/Construction/Addons/LargeStoneTableEastAddon.cs:
    CS0219: Line 41: The variable `version' is assigned but its value is never used
    CS0219: Line 70: The variable `version' is assigned but its value is never used
 + ../../Source/Scripts/Items/Houses/Construction/Addons/SHTeleporter.cs:
    CS0219: Line 125: The variable `version' is assigned but its value is never used
    CS0219: Line 443: The variable `version' is assigned but its value is never used
 + ../../Source/Scripts/Items/Houses/Construction/Addons/ElvenWashbasinEastAddon.cs:
    CS0219: Line 32: The variable `version' is assigned but its value is never used
    CS0219: Line 61: The variable `version' is assigned but its value is never used
 + ../../Source/Scripts/Items/Houses/Construction/Addons/SmallBedSouthAddon.cs:
    CS0219: Line 32: The variable `version' is assigned but its value is never used
    CS0219: Line 61: The variable `version' is assigned but its value is never used
 + ../../Source/Scripts/Items/Houses/Construction/Decorative/DecorativeWeapon.cs:
    CS0219: Line 30: The variable `version' is assigned but its value is never used
    CS0219: Line 58: The variable `version' is assigned but its value is never used
    CS0219: Line 86: The variable `version' is assigned but its value is never used
    CS0219: Line 114: The variable `version' is assigned but its value is never used
    CS0219: Line 167: The variable `version' is assigned but its value is never used
    CS0219: Line 219: The variable `version' is assigned but its value is never used
    CS0219: Line 274: The variable `version' is assigned but its value is never used
    CS0219: Line 326: The variable `version' is assigned but its value is never used
    CS0219: Line 381: The variable `version' is assigned but its value is never used
    CS0219: Line 433: The variable `version' is assigned but its value is never used
    CS0219: Line 488: The variable `version' is assigned but its value is never used
    CS0219: Line 540: The variable `version' is assigned but its value is never used
 + ../../Source/Scripts/Items/Houses/Construction/Decorative/Tapestry.cs:
    CS0219: Line 55: The variable `version' is assigned but its value is never used
    CS0219: Line 107: The variable `version' is assigned but its value is never used
    CS0219: Line 163: The variable `version' is assigned but its value is never used
    CS0219: Line 215: The variable `version' is assigned but its value is never used
    CS0219: Line 270: The variable `version' is assigned but its value is never used
    CS0219: Line 322: The variable `version' is assigned but its value is never used
    CS0219: Line 378: The variable `version' is assigned but its value is never used
    CS0219: Line 430: The variable `version' is assigned but its value is never used
    CS0219: Line 486: The variable `version' is assigned but its value is never used
    CS0219: Line 538: The variable `version' is assigned but its value is never used
    CS0219: Line 594: The variable `version' is assigned but its value is never used
    CS0219: Line 646: The variable `version' is assigned but its value is never used
    CS0219: Line 701: The variable `version' is assigned but its value is never used
    CS0219: Line 754: The variable `version' is assigned but its value is never used
    CS0219: Line 810: The variable `version' is assigned but its value is never used
    CS0219: Line 862: The variable `version' is assigned but its value is never used
    CS0219: Line 917: The variable `version' is assigned but its value is never used
    CS0219: Line 970: The variable `version' is assigned but its value is never used
    CS0219: Line 1026: The variable `version' is assigned but its value is never used
    CS0219: Line 1078: The variable `version' is assigned but its value is never used
    CS0219: Line 1133: The variable `version' is assigned but its value is never used
    CS0219: Line 1186: The variable `version' is assigned but its value is never used
 + ../../Source/Scripts/Items/Houses/Construction/Decorative/PaintingPortraits.cs:
    CS0219: Line 29: The variable `version' is assigned but its value is never used
    CS0219: Line 57: The variable `version' is assigned but its value is never used
    CS0219: Line 85: The variable `version' is assigned but its value is never used
    CS0219: Line 113: The variable `version' is assigned but its value is never used
    CS0219: Line 141: The variable `version' is assigned but its value is never used
    CS0219: Line 169: The variable `version' is assigned but its value is never used
    CS0219: Line 197: The variable `version' is assigned but its value is never used
 + ../../Source/Scripts/Items/Houses/Construction/Decorative/DecorativeShield.cs:
    CS0219: Line 31: The variable `version' is assigned but its value is never used
    CS0219: Line 58: The variable `version' is assigned but its value is never used
    CS0219: Line 86: The variable `version' is assigned but its value is never used
    CS0219: Line 114: The variable `version' is assigned but its value is never used
    CS0219: Line 142: The variable `version' is assigned but its value is never used
    CS0219: Line 170: The variable `version' is assigned but its value is never used
    CS0219: Line 198: The variable `version' is assigned but its value is never used
    CS0219: Line 226: The variable `version' is assigned but its value is never used
    CS0219: Line 254: The variable `version' is assigned but its value is never used
    CS0219: Line 282: The variable `version' is assigned but its value is never used
    CS0219: Line 310: The variable `version' is assigned but its value is never used
    CS0219: Line 338: The variable `version' is assigned but its value is never used
    CS0219: Line 366: The variable `version' is assigned but its value is never used
    CS0219: Line 394: The variable `version' is assigned but its value is never used
    CS0219: Line 422: The variable `version' is assigned but its value is never used
 + ../../Source/Scripts/Items/Houses/Construction/Chairs/Benchs.cs:
    CS0219: Line 30: The variable `version' is assigned but its value is never used
 + ../../Source/Scripts/Items/Houses/Construction/Chairs/Stools.cs:
    CS0219: Line 29: The variable `version' is assigned but its value is never used
    CS0219: Line 60: The variable `version' is assigned but its value is never used
 + ../../Source/Scripts/Items/Houses/Construction/Chairs/Chairs.cs:
    CS0219: Line 30: The variable `version' is assigned but its value is never used
    CS0219: Line 62: The variable `version' is assigned but its value is never used
    CS0219: Line 94: The variable `version' is assigned but its value is never used
    CS0219: Line 126: The variable `version' is assigned but its value is never used
    CS0219: Line 159: The variable `version' is assigned but its value is never used
    CS0219: Line 189: The variable `version' is assigned but its value is never used
    CS0219: Line 218: The variable `version' is assigned but its value is never used
    CS0219: Line 247: The variable `version' is assigned but its value is never used
 + ../../Source/Scripts/Items/Houses/Construction/Chairs/Thrones.cs:
    CS0219: Line 30: The variable `version' is assigned but its value is never used
    CS0219: Line 64: The variable `version' is assigned but its value is never used
 + ../../Source/Scripts/Items/Houses/Construction/Signs/Sign.cs:
    CS0219: Line 104: The variable `version' is assigned but its value is never used
 + ../../Source/Scripts/Items/Houses/Construction/Signs/BaseSign.cs:
    CS0219: Line 28: The variable `version' is assigned but its value is never used
 + ../../Source/Scripts/Items/Houses/Construction/Treasure Piles/TreasurePile03Addon.cs:
    CS0219: Line 63: The variable `version' is assigned but its value is never used
    CS0219: Line 104: The variable `version' is assigned but its value is never used
 + ../../Source/Scripts/Items/Houses/Construction/Treasure Piles/TreasurePile02Addon.cs:
    CS0219: Line 55: The variable `version' is assigned but its value is never used
    CS0219: Line 96: The variable `version' is assigned but its value is never used
 + ../../Source/Scripts/Items/Houses/Construction/Treasure Piles/TreasurePile01Addon.cs:
    CS0219: Line 57: The variable `version' is assigned but its value is never used
    CS0219: Line 98: The variable `version' is assigned but its value is never used
 + ../../Source/Scripts/Items/Houses/Construction/Treasure Piles/TreasurePile04Addon.cs:
    CS0219: Line 67: The variable `version' is assigned but its value is never used
    CS0219: Line 108: The variable `version' is assigned but its value is never used
 + ../../Source/Scripts/Items/Houses/Construction/Treasure Piles/TreasurePile05Addon.cs:
    CS0219: Line 65: The variable `version' is assigned but its value is never used
    CS0219: Line 106: The variable `version' is assigned but its value is never used
 + ../../Source/Scripts/Items/Houses/Construction/Treasure Piles/TreasurePile3Addon.cs:
    CS0219: Line 64: The variable `version' is assigned but its value is never used
    CS0219: Line 105: The variable `version' is assigned but its value is never used
 + ../../Source/Scripts/Items/Houses/Construction/Treasure Piles/TreasurePileAddon.cs:
    CS0219: Line 62: The variable `version' is assigned but its value is never used
    CS0219: Line 103: The variable `version' is assigned but its value is never used
 + ../../Source/Scripts/Items/Houses/Construction/Treasure Piles/TreasurePile2Addon.cs:
    CS0219: Line 53: The variable `version' is assigned but its value is never used
    CS0219: Line 94: The variable `version' is assigned but its value is never used
 + ../../Source/Scripts/Items/Houses/Construction/Floors/Floors.cs:
    CS0219: Line 27: The variable `version' is assigned but its value is never used
    CS0219: Line 53: The variable `version' is assigned but its value is never used
    CS0219: Line 79: The variable `version' is assigned but its value is never used
    CS0219: Line 105: The variable `version' is assigned but its value is never used
    CS0219: Line 131: The variable `version' is assigned but its value is never used
    CS0219: Line 157: The variable `version' is assigned but its value is never used
    CS0219: Line 183: The variable `version' is assigned but its value is never used
    CS0219: Line 209: The variable `version' is assigned but its value is never used
    CS0219: Line 235: The variable `version' is assigned but its value is never used
    CS0219: Line 261: The variable `version' is assigned but its value is never used
    CS0219: Line 287: The variable `version' is assigned but its value is never used
    CS0219: Line 313: The variable `version' is assigned but its value is never used
    CS0219: Line 339: The variable `version' is assigned but its value is never used
    CS0219: Line 365: The variable `version' is assigned but its value is never used
    CS0219: Line 391: The variable `version' is assigned but its value is never used
    CS0219: Line 417: The variable `version' is assigned but its value is never used
    CS0219: Line 443: The variable `version' is assigned but its value is never used
    CS0219: Line 469: The variable `version' is assigned but its value is never used
    CS0219: Line 495: The variable `version' is assigned but its value is never used
    CS0219: Line 521: The variable `version' is assigned but its value is never used
    CS0219: Line 547: The variable `version' is assigned but its value is never used
    CS0219: Line 573: The variable `version' is assigned but its value is never used
    CS0219: Line 599: The variable `version' is assigned but its value is never used
    CS0219: Line 625: The variable `version' is assigned but its value is never used
 + ../../Source/Scripts/Items/Houses/Construction/Lights/LampPost3.cs:
    CS0219: Line 35: The variable `version' is assigned but its value is never used
 + ../../Source/Scripts/Items/Houses/Construction/Lights/LampPost2.cs:
    CS0219: Line 34: The variable `version' is assigned but its value is never used
 + ../../Source/Scripts/Items/Houses/Construction/Lights/CandelabraStand.cs:
    CS0219: Line 35: The variable `version' is assigned but its value is never used
 + ../../Source/Scripts/Items/Houses/Construction/Lights/DragonLamp.cs:
    CS0219: Line 80: The variable `version' is assigned but its value is never used
 + ../../Source/Scripts/Items/Houses/Construction/Lights/CandleShort.cs:
    CS0219: Line 35: The variable `version' is assigned but its value is never used
 + ../../Source/Scripts/Items/Houses/Construction/Lights/BurningScarecrow.cs:
    CS0219: Line 41: The variable `version' is assigned but its value is never used
    CS0219: Line 73: The variable `version' is assigned but its value is never used
 + ../../Source/Scripts/Items/Houses/Construction/Lights/CandleLarge.cs:
    CS0219: Line 36: The variable `version' is assigned but its value is never used
 + ../../Source/Scripts/Items/Houses/Construction/Lights/CandleSkull.cs:
    CS0219: Line 54: The variable `version' is assigned but its value is never used
 + ../../Source/Scripts/Items/Houses/Construction/Lights/RedHangingLantern.cs:
    CS0219: Line 69: The variable `version' is assigned but its value is never used
 + ../../Source/Scripts/Items/Houses/Construction/Lights/WhiteHangingLantern.cs:
    CS0219: Line 69: The variable `version' is assigned but its value is never used
 + ../../Source/Scripts/Items/Houses/Construction/Lights/WallSconce.cs:
    CS0219: Line 74: The variable `version' is assigned but its value is never used
 + ../../Source/Scripts/Items/Houses/Construction/Lights/Candle.cs:
    CS0219: Line 40: The variable `version' is assigned but its value is never used
 + ../../Source/Scripts/Items/Houses/Construction/Lights/BrazierTall.cs:
    CS0219: Line 33: The variable `version' is assigned but its value is never used
 + ../../Source/Scripts/Items/Houses/Construction/Lights/GothicCandelabra.cs:
    CS0219: Line 35: The variable `version' is assigned but its value is never used
    CS0219: Line 67: The variable `version' is assigned but its value is never used
 + ../../Source/Scripts/Items/Houses/Construction/Lights/HeatingStand.cs:
    CS0219: Line 53: The variable `version' is assigned but its value is never used
 + ../../Source/Scripts/Items/Houses/Construction/Lights/LightSource.cs:
    CS0219: Line 29: The variable `version' is assigned but its value is never used
    CS0219: Line 57: The variable `version' is assigned but its value is never used
    CS0219: Line 87: The variable `version' is assigned but its value is never used
 + ../../Source/Scripts/Items/Houses/Construction/Lights/PaperLantern.cs:
    CS0219: Line 36: The variable `version' is assigned but its value is never used
 + ../../Source/Scripts/Items/Houses/Construction/Lights/HangingLantern.cs:
    CS0219: Line 34: The variable `version' is assigned but its value is never used
 + ../../Source/Scripts/Items/Houses/Construction/Lights/TorchAndDragonBrazier.cs:
    CS0219: Line 36: The variable `version' is assigned but its value is never used
    CS0219: Line 66: The variable `version' is assigned but its value is never used
 + ../../Source/Scripts/Items/Houses/Construction/Lights/ShojiLantern.cs:
    CS0219: Line 36: The variable `version' is assigned but its value is never used
 + ../../Source/Scripts/Items/Houses/Construction/Lights/Torch.cs:
    CS0219: Line 51: The variable `version' is assigned but its value is never used
 + ../../Source/Scripts/Items/Houses/Construction/Lights/Lantern.cs:
    CS0219: Line 57: The variable `version' is assigned but its value is never used
 + ../../Source/Scripts/Items/Houses/Construction/Lights/GlowingLight.cs:
    CS0219: Line 33: The variable `version' is assigned but its value is never used
 + ../../Source/Scripts/Items/Houses/Construction/Lights/RoundPaperLantern.cs:
    CS0219: Line 36: The variable `version' is assigned but its value is never used
 + ../../Source/Scripts/Items/Houses/Construction/Lights/Brazier.cs:
    CS0219: Line 33: The variable `version' is assigned but its value is never used
 + ../../Source/Scripts/Items/Houses/Construction/Lights/LampPost1.cs:
    CS0219: Line 34: The variable `version' is assigned but its value is never used
 + ../../Source/Scripts/Items/Houses/Construction/Lights/TowerLantern.cs:
    CS0219: Line 62: The variable `version' is assigned but its value is never used
 + ../../Source/Scripts/Items/Houses/Construction/Lights/CandleLong.cs:
    CS0219: Line 35: The variable `version' is assigned but its value is never used
 + ../../Source/Scripts/Items/Houses/Construction/Lights/WallTorch.cs:
    CS0219: Line 72: The variable `version' is assigned but its value is never used
 + ../../Source/Scripts/Items/Houses/Construction/Lights/StrangeGlow.cs:
    CS0219: Line 35: The variable `version' is assigned but its value is never used
 + ../../Source/Scripts/Items/Houses/Construction/Lights/BaseEquipableLight.cs:
    CS0219: Line 77: The variable `version' is assigned but its value is never used
 + ../../Source/Scripts/Items/Houses/Construction/Lights/ColoredWallTorch.cs:
    CS0219: Line 79: The variable `version' is assigned but its value is never used
 + ../../Source/Scripts/Items/Houses/Construction/Lights/DarkSource.cs:
    CS0219: Line 27: The variable `version' is assigned but its value is never used
 + ../../Source/Scripts/Items/Houses/Construction/MerchantWagon.cs:
    CS0219: Line 43: The variable `version' is assigned but its value is never used
    CS0219: Line 83: The variable `version' is assigned but its value is never used
 + ../../Source/Scripts/Items/Houses/Construction/Ankhs.cs:
    CS0219: Line 197: The variable `version' is assigned but its value is never used
    CS0219: Line 276: The variable `version' is assigned but its value is never used
    CS0219: Line 365: The variable `version' is assigned but its value is never used
    CS0219: Line 446: The variable `version' is assigned but its value is never used
 + ../../Source/Scripts/Items/Houses/HousePlacementTool.cs:
    CS0219: Line 45: The variable `version' is assigned but its value is never used
 + ../../Source/Scripts/Items/Houses/NewHouses.cs:
    CS0219: Line 53: The variable `version' is assigned but its value is never used
    CS0219: Line 84: The variable `version' is assigned but its value is never used
    CS0219: Line 122: The variable `version' is assigned but its value is never used
    CS0219: Line 140: The variable `keyValue' is assigned but its value is never used
    CS0219: Line 182: The variable `version' is assigned but its value is never used
    CS0219: Line 231: The variable `version' is assigned but its value is never used
    CS0219: Line 269: The variable `version' is assigned but its value is never used
    CS0219: Line 310: The variable `version' is assigned but its value is never used
    CS0219: Line 348: The variable `version' is assigned but its value is never used
    CS0219: Line 392: The variable `version' is assigned but its value is never used
    CS0219: Line 425: The variable `version' is assigned but its value is never used
    CS0219: Line 465: The variable `version' is assigned but its value is never used
    CS0219: Line 509: The variable `version' is assigned but its value is never used
    CS0219: Line 550: The variable `version' is assigned but its value is never used
    CS0219: Line 584: The variable `version' is assigned but its value is never used
    CS0219: Line 622: The variable `version' is assigned but its value is never used
    CS0219: Line 663: The variable `version' is assigned but its value is never used
    CS0219: Line 701: The variable `version' is assigned but its value is never used
    CS0219: Line 739: The variable `version' is assigned but its value is never used
    CS0219: Line 777: The variable `version' is assigned but its value is never used
    CS0219: Line 815: The variable `version' is assigned but its value is never used
    CS0219: Line 864: The variable `version' is assigned but its value is never used
    CS0219: Line 904: The variable `version' is assigned but its value is never used
    CS0219: Line 938: The variable `version' is assigned but its value is never used
    CS0219: Line 972: The variable `version' is assigned but its value is never used
    CS0219: Line 1006: The variable `version' is assigned but its value is never used
    CS0219: Line 1040: The variable `version' is assigned but its value is never used
    CS0219: Line 1080: The variable `version' is assigned but its value is never used
    CS0219: Line 1114: The variable `version' is assigned but its value is never used
    CS0219: Line 1152: The variable `version' is assigned but its value is never used
    CS0219: Line 1190: The variable `version' is assigned but its value is never used
    CS0219: Line 1228: The variable `version' is assigned but its value is never used
    CS0219: Line 1263: The variable `version' is assigned but its value is never used
    CS0219: Line 1304: The variable `version' is assigned but its value is never used
    CS0219: Line 1342: The variable `version' is assigned but its value is never used
    CS0219: Line 1380: The variable `version' is assigned but its value is never used
    CS0219: Line 1412: The variable `version' is assigned but its value is never used
    CS0219: Line 1444: The variable `version' is assigned but its value is never used
    CS0219: Line 1484: The variable `version' is assigned but its value is never used
    CS0219: Line 1518: The variable `version' is assigned but its value is never used
    CS0219: Line 1556: The variable `version' is assigned but its value is never used
    CS0219: Line 1594: The variable `version' is assigned but its value is never used
    CS0219: Line 1628: The variable `version' is assigned but its value is never used
    CS0219: Line 1666: The variable `version' is assigned but its value is never used
    CS0219: Line 1710: The variable `version' is assigned but its value is never used
    CS0219: Line 1744: The variable `version' is assigned but its value is never used
    CS0219: Line 1782: The variable `version' is assigned but its value is never used
    CS0219: Line 1820: The variable `version' is assigned but its value is never used
    CS0219: Line 1861: The variable `version' is assigned but its value is never used
    CS0219: Line 1901: The variable `version' is assigned but its value is never used
 + ../../Source/Scripts/Items/Houses/Deeds.cs:
    CS0219: Line 242: The variable `version' is assigned but its value is never used
    CS0219: Line 276: The variable `version' is assigned but its value is never used
    CS0219: Line 310: The variable `version' is assigned but its value is never used
    CS0219: Line 344: The variable `version' is assigned but its value is never used
    CS0219: Line 378: The variable `version' is assigned but its value is never used
    CS0219: Line 412: The variable `version' is assigned but its value is never used
    CS0219: Line 446: The variable `version' is assigned but its value is never used
    CS0219: Line 480: The variable `version' is assigned but its value is never used
    CS0219: Line 514: The variable `version' is assigned but its value is never used
    CS0219: Line 548: The variable `version' is assigned but its value is never used
    CS0219: Line 582: The variable `version' is assigned but its value is never used
    CS0219: Line 616: The variable `version' is assigned but its value is never used
    CS0219: Line 650: The variable `version' is assigned but its value is never used
    CS0219: Line 684: The variable `version' is assigned but its value is never used
    CS0219: Line 718: The variable `version' is assigned but its value is never used
    CS0219: Line 752: The variable `version' is assigned but its value is never used
    CS0219: Line 786: The variable `version' is assigned but its value is never used
    CS0219: Line 820: The variable `version' is assigned but its value is never used
    CS0219: Line 854: The variable `version' is assigned but its value is never used
    CS0219: Line 888: The variable `version' is assigned but its value is never used
 + ../../Source/Scripts/Items/Houses/SmallTents.cs:
    CS0219: Line 39: The variable `version' is assigned but its value is never used
    CS0219: Line 59: The variable `keyValue' is assigned but its value is never used
    CS0219: Line 96: The variable `version' is assigned but its value is never used
    CS0219: Line 134: The variable `version' is assigned but its value is never used
    CS0219: Line 154: The variable `keyValue' is assigned but its value is never used
    CS0219: Line 190: The variable `version' is assigned but its value is never used
 + ../../Source/Scripts/Items/Houses/MagicalRope.cs:
    CS0219: Line 38: The variable `version' is assigned but its value is never used
 + ../../Source/Scripts/Items/Houses/AdvertiserVendor.cs:
    CS0219: Line 129: The variable `btn' is assigned but its value is never used
    CS0219: Line 134: The variable `a' is assigned but its value is never used
    CS0219: Line 262: The variable `version' is assigned but its value is never used
    CS0414: Line 60: The private field `Server.Items.AdvertiserVendor.FindPlayerVendorsGump.m_From' is assigned but its value is never used
 + ../../Source/Scripts/Items/Houses/TentsSouth.cs:
    CS0219: Line 151: The variable `version' is assigned but its value is never used
    CS0219: Line 223: The variable `version' is assigned but its value is never used
 + ../../Source/Scripts/Items/Houses/InteriorDecorator.cs:
    CS0219: Line 67: The variable `version' is assigned but its value is never used
 + ../../Source/Scripts/Items/Houses/Houses.cs:
    CS0219: Line 57: The variable `version' is assigned but its value is never used
    CS0219: Line 100: The variable `version' is assigned but its value is never used
    CS0219: Line 151: The variable `version' is assigned but its value is never used
    CS0219: Line 195: The variable `version' is assigned but its value is never used
    CS0219: Line 235: The variable `version' is assigned but its value is never used
    CS0219: Line 279: The variable `version' is assigned but its value is never used
    CS0219: Line 323: The variable `version' is assigned but its value is never used
    CS0219: Line 363: The variable `version' is assigned but its value is never used
    CS0219: Line 403: The variable `version' is assigned but its value is never used
    CS0219: Line 445: The variable `version' is assigned but its value is never used
    CS0219: Line 485: The variable `version' is assigned but its value is never used
    CS0219: Line 528: The variable `version' is assigned but its value is never used
    CS0219: Line 588: The variable `version' is assigned but its value is never used
 + ../../Source/Scripts/Items/Houses/TavernTable.cs:
    CS0219: Line 73: The variable `version' is assigned but its value is never used
 + ../../Source/Scripts/Items/Houses/GypsyCampAddon.cs:
    CS0219: Line 171: The variable `version' is assigned but its value is never used
    CS0219: Line 204: The variable `version' is assigned but its value is never used
 + ../../Source/Scripts/Items/Houses/HouseFoundation.cs:
    CS0219: Line 323: The variable `specialCase' is assigned but its value is never used
    CS0414: Line 2378: The private field `Server.Multis.DesignStateDetailed.m_InflatedBuffer' is assigned but its value is never used
 + ../../Source/Scripts/Items/Houses/BaseHouse.cs:
    CS0219: Line 1713: The variable `version' is assigned but its value is never used
    CS0414: Line 3814: The private field `Server.Multis.SetSecureLevelEntry.m_Securable' is assigned but its value is never used
 + ../../Source/Scripts/Items/Houses/TentsEast.cs:
    CS0219: Line 151: The variable `version' is assigned but its value is never used
    CS0219: Line 223: The variable `version' is assigned but its value is never used
 + ../../Source/Scripts/Items/Houses/CircusTentsSouth.cs:
    CS0219: Line 160: The variable `version' is assigned but its value is never used
    CS0219: Line 276: The variable `version' is assigned but its value is never used
 + ../../Source/Scripts/Items/Houses/Mailbox.cs:
    CS0219: Line 51: The variable `item' is assigned but its value is never used
    CS0219: Line 90: The variable `version' is assigned but its value is never used
 + ../../Source/Scripts/Items/Houses/CircusTentsEast.cs:
    CS0219: Line 160: The variable `version' is assigned but its value is never used
    CS0219: Line 276: The variable `version' is assigned but its value is never used
 + ../../Source/Scripts/Items/Relics/NotIdentified.cs:
    CS0219: Line 393: The variable `version' is assigned but its value is never used
 + ../../Source/Scripts/Items/Relics/DDRelicBearRugs.cs:
    CS0219: Line 173: The variable `version' is assigned but its value is never used
 + ../../Source/Scripts/Items/Relics/DDRelicRug.cs:
    CS0219: Line 348: The variable `version' is assigned but its value is never used
 + ../../Source/Scripts/Items/Relics/DDRelicMoney.cs:
    CS0219: Line 102: The variable `version' is assigned but its value is never used
    CS0219: Line 198: The variable `version' is assigned but its value is never used
    CS0219: Line 272: The variable `version' is assigned but its value is never used
    CS0219: Line 344: The variable `version' is assigned but its value is never used
    CS0219: Line 415: The variable `version' is assigned but its value is never used
    CS0219: Line 486: The variable `version' is assigned but its value is never used
 + ../../Source/Scripts/Items/Weapons/Bows/Bow.cs:
    CS0219: Line 64: The variable `version' is assigned but its value is never used
 + ../../Source/Scripts/Items/Weapons/Bows/MagicalShortbow.cs:
    CS0219: Line 61: The variable `version' is assigned but its value is never used
 + ../../Source/Scripts/Items/Weapons/Bows/Crossbow.cs:
    CS0219: Line 62: The variable `version' is assigned but its value is never used
 + ../../Source/Scripts/Items/Weapons/Bows/JukaBow.cs:
    CS0219: Line 96: The variable `version' is assigned but its value is never used
 + ../../Source/Scripts/Items/Weapons/Bows/CompositeBow.cs:
    CS0219: Line 64: The variable `version' is assigned but its value is never used
 + ../../Source/Scripts/Items/Weapons/Bows/ElvenCompositeLongbow.cs:
    CS0219: Line 64: The variable `version' is assigned but its value is never used
 + ../../Source/Scripts/Items/Weapons/Bows/HeavyCrossbow.cs:
    CS0219: Line 61: The variable `version' is assigned but its value is never used
 + ../../Source/Scripts/Items/Weapons/Bows/RepeatingCrossbow.cs:
    CS0219: Line 60: The variable `version' is assigned but its value is never used
 + ../../Source/Scripts/Items/Weapons/Staves/GnarledStaff.cs:
    CS0219: Line 53: The variable `version' is assigned but its value is never used
 + ../../Source/Scripts/Items/Weapons/Staves/BlackStaff.cs:
    CS0219: Line 54: The variable `version' is assigned but its value is never used
 + ../../Source/Scripts/Items/Weapons/Staves/ShepherdsCrook.cs:
    CS0219: Line 55: The variable `version' is assigned but its value is never used
 + ../../Source/Scripts/Items/Weapons/Staves/GlacialStaff.cs:
    CS0219: Line 38: The variable `version' is assigned but its value is never used
 + ../../Source/Scripts/Items/Weapons/Staves/QuarterStaff.cs:
    CS0219: Line 54: The variable `version' is assigned but its value is never used
 + ../../Source/Scripts/Items/Weapons/Staves/WildStaff.cs:
    CS0219: Line 55: The variable `version' is assigned but its value is never used
 + ../../Source/Scripts/Items/Weapons/Staves/BaseStaff.cs:
    CS0219: Line 36: The variable `version' is assigned but its value is never used
 + ../../Source/Scripts/Items/Weapons/Maces/Club.cs:
    CS0219: Line 55: The variable `version' is assigned but its value is never used
 + ../../Source/Scripts/Items/Weapons/Maces/WarHammer.cs:
    CS0219: Line 56: The variable `version' is assigned but its value is never used
 + ../../Source/Scripts/Items/Weapons/Maces/DiamondMace.cs:
    CS0219: Line 53: The variable `version' is assigned but its value is never used
 + ../../Source/Scripts/Items/Weapons/Maces/Mace.cs:
    CS0219: Line 53: The variable `version' is assigned but its value is never used
 + ../../Source/Scripts/Items/Weapons/Maces/Whips.cs:
    CS0219: Line 28: The variable `version' is assigned but its value is never used
 + ../../Source/Scripts/Items/Weapons/Maces/BaseBashing.cs:
    CS0219: Line 35: The variable `version' is assigned but its value is never used
 + ../../Source/Scripts/Items/Weapons/Maces/SpikedClub.cs:
    CS0219: Line 55: The variable `version' is assigned but its value is never used
 + ../../Source/Scripts/Items/Weapons/Maces/HammerPick.cs:
    CS0219: Line 54: The variable `version' is assigned but its value is never used
 + ../../Source/Scripts/Items/Weapons/Maces/Maul.cs:
    CS0219: Line 52: The variable `version' is assigned but its value is never used
 + ../../Source/Scripts/Items/Weapons/Maces/Scepter.cs:
    CS0219: Line 52: The variable `version' is assigned but its value is never used
 + ../../Source/Scripts/Items/Weapons/Maces/WarMace.cs:
    CS0219: Line 53: The variable `version' is assigned but its value is never used
 + ../../Source/Scripts/Items/Weapons/Maces/Hammers.cs:
    CS0219: Line 53: The variable `version' is assigned but its value is never used
 + ../../Source/Scripts/Items/Weapons/Maces/BaseWhip.cs:
    CS0219: Line 56: The variable `version' is assigned but its value is never used
 + ../../Source/Scripts/Items/Weapons/Axes/TwoHandedAxe.cs:
    CS0219: Line 53: The variable `version' is assigned but its value is never used
 + ../../Source/Scripts/Items/Weapons/Axes/DoubleAxe.cs:
    CS0219: Line 52: The variable `version' is assigned but its value is never used
 + ../../Source/Scripts/Items/Weapons/Axes/LargeBattleAxe.cs:
    CS0219: Line 53: The variable `version' is assigned but its value is never used
 + ../../Source/Scripts/Items/Weapons/Axes/BattleAxe.cs:
    CS0219: Line 55: The variable `version' is assigned but its value is never used
 + ../../Source/Scripts/Items/Weapons/Axes/Hatchet.cs:
    CS0219: Line 50: The variable `version' is assigned but its value is never used
 + ../../Source/Scripts/Items/Weapons/Axes/WarAxe.cs:
    CS0219: Line 62: The variable `version' is assigned but its value is never used
 + ../../Source/Scripts/Items/Weapons/Axes/Axe.cs:
    CS0219: Line 54: The variable `version' is assigned but its value is never used
 + ../../Source/Scripts/Items/Weapons/Axes/ExecutionersAxe.cs:
    CS0219: Line 53: The variable `version' is assigned but its value is never used
 + ../../Source/Scripts/Items/Weapons/Axes/OrnateAxe.cs:
    CS0219: Line 57: The variable `version' is assigned but its value is never used
 + ../../Source/Scripts/Items/Weapons/Knives/ThrowingDagger.cs:
    CS0219: Line 38: The variable `version' is assigned but its value is never used
 + ../../Source/Scripts/Items/Weapons/Knives/AssassinSpike.cs:
    CS0219: Line 56: The variable `version' is assigned but its value is never used
 + ../../Source/Scripts/Items/Weapons/Knives/WarCleaver.cs:
    CS0219: Line 59: The variable `version' is assigned but its value is never used
 + ../../Source/Scripts/Items/Weapons/Knives/Dagger.cs:
    CS0219: Line 58: The variable `version' is assigned but its value is never used
 + ../../Source/Scripts/Items/Weapons/Knives/BaseKnife.cs:
    CS0219: Line 36: The variable `version' is assigned but its value is never used
 + ../../Source/Scripts/Items/Weapons/Knives/ButcherKnife.cs:
    CS0219: Line 52: The variable `version' is assigned but its value is never used
 + ../../Source/Scripts/Items/Weapons/Knives/Cleaver.cs:
    CS0219: Line 53: The variable `version' is assigned but its value is never used
 + ../../Source/Scripts/Items/Weapons/Knives/LargeKnife.cs:
    CS0219: Line 53: The variable `version' is assigned but its value is never used
 + ../../Source/Scripts/Items/Weapons/Knives/Leafblade.cs:
    CS0219: Line 55: The variable `version' is assigned but its value is never used
 + ../../Source/Scripts/Items/Weapons/Oriental/Daisho.cs:
    CS0219: Line 56: The variable `version' is assigned but its value is never used
 + ../../Source/Scripts/Items/Weapons/Oriental/Bokuto.cs:
    CS0219: Line 57: The variable `version' is assigned but its value is never used
 + ../../Source/Scripts/Items/Weapons/Oriental/Tessen.cs:
    CS0219: Line 58: The variable `version' is assigned but its value is never used
 + ../../Source/Scripts/Items/Weapons/Oriental/Lajatang.cs:
    CS0219: Line 60: The variable `version' is assigned but its value is never used
 + ../../Source/Scripts/Items/Weapons/Oriental/NoDachi.cs:
    CS0219: Line 56: The variable `version' is assigned but its value is never used
 + ../../Source/Scripts/Items/Weapons/Oriental/Nunchaku.cs:
    CS0219: Line 57: The variable `version' is assigned but its value is never used
 + ../../Source/Scripts/Items/Weapons/Oriental/Wakizashi.cs:
    CS0219: Line 56: The variable `version' is assigned but its value is never used
 + ../../Source/Scripts/Items/Weapons/Oriental/Sai.cs:
    CS0219: Line 60: The variable `version' is assigned but its value is never used
 + ../../Source/Scripts/Items/Weapons/Oriental/Yumi.cs:
    CS0219: Line 64: The variable `version' is assigned but its value is never used
 + ../../Source/Scripts/Items/Weapons/Oriental/Tekagi.cs:
    CS0219: Line 60: The variable `version' is assigned but its value is never used
 + ../../Source/Scripts/Items/Weapons/Oriental/Kama.cs:
    CS0219: Line 60: The variable `version' is assigned but its value is never used
 + ../../Source/Scripts/Items/Weapons/Oriental/Tetsubo.cs:
    CS0219: Line 58: The variable `version' is assigned but its value is never used
 + ../../Source/Scripts/Items/Weapons/Swords/ShortSword.cs:
    CS0219: Line 57: The variable `version' is assigned but its value is never used
 + ../../Source/Scripts/Items/Weapons/Swords/RadiantScimitar.cs:
    CS0219: Line 56: The variable `version' is assigned but its value is never used
 + ../../Source/Scripts/Items/Weapons/Swords/Claymore.cs:
    CS0219: Line 56: The variable `version' is assigned but its value is never used
 + ../../Source/Scripts/Items/Weapons/Swords/Longsword.cs:
    CS0219: Line 56: The variable `version' is assigned but its value is never used
 + ../../Source/Scripts/Items/Weapons/Swords/BoneHarvester.cs:
    CS0219: Line 56: The variable `version' is assigned but its value is never used
 + ../../Source/Scripts/Items/Weapons/Swords/Lance.cs:
    CS0219: Line 59: The variable `version' is assigned but its value is never used
 + ../../Source/Scripts/Items/Weapons/Swords/RuneBlade.cs:
    CS0219: Line 57: The variable `version' is assigned but its value is never used
 + ../../Source/Scripts/Items/Weapons/Swords/ThinLongsword.cs:
    CS0219: Line 56: The variable `version' is assigned but its value is never used
 + ../../Source/Scripts/Items/Weapons/Swords/RoyalSword.cs:
    CS0219: Line 31: The variable `version' is assigned but its value is never used
 + ../../Source/Scripts/Items/Weapons/Swords/Cutlass.cs:
    CS0219: Line 56: The variable `version' is assigned but its value is never used
 + ../../Source/Scripts/Items/Weapons/Swords/VikingSword.cs:
    CS0219: Line 56: The variable `version' is assigned but its value is never used
 + ../../Source/Scripts/Items/Weapons/Swords/BaseSword.cs:
    CS0219: Line 33: The variable `version' is assigned but its value is never used
 + ../../Source/Scripts/Items/Weapons/Swords/CrescentBlade.cs:
    CS0219: Line 57: The variable `version' is assigned but its value is never used
 + ../../Source/Scripts/Items/Weapons/Swords/Katana.cs:
    CS0219: Line 56: The variable `version' is assigned but its value is never used
 + ../../Source/Scripts/Items/Weapons/Swords/ElvenMachete.cs:
    CS0219: Line 56: The variable `version' is assigned but its value is never used
 + ../../Source/Scripts/Items/Weapons/Swords/ElvenSpellblade.cs:
    CS0219: Line 56: The variable `version' is assigned but its value is never used
 + ../../Source/Scripts/Items/Weapons/Swords/Kryss.cs:
    CS0219: Line 59: The variable `version' is assigned but its value is never used
 + ../../Source/Scripts/Items/Weapons/Swords/Broadsword.cs:
    CS0219: Line 56: The variable `version' is assigned but its value is never used
 + ../../Source/Scripts/Items/Weapons/Swords/Scimitar.cs:
    CS0219: Line 56: The variable `version' is assigned but its value is never used
 + ../../Source/Scripts/Items/Weapons/SpearsAndForks/Pitchforks.cs:
    CS0219: Line 52: The variable `version' is assigned but its value is never used
 + ../../Source/Scripts/Items/Weapons/SpearsAndForks/Pitchfork.cs:
    CS0219: Line 52: The variable `version' is assigned but its value is never used
 + ../../Source/Scripts/Items/Weapons/SpearsAndForks/TribalSpear.cs:
    CS0219: Line 60: The variable `version' is assigned but its value is never used
 + ../../Source/Scripts/Items/Weapons/SpearsAndForks/Pike.cs:
    CS0219: Line 52: The variable `version' is assigned but its value is never used
 + ../../Source/Scripts/Items/Weapons/SpearsAndForks/ShortSpear.cs:
    CS0219: Line 56: The variable `version' is assigned but its value is never used
 + ../../Source/Scripts/Items/Weapons/SpearsAndForks/Spear.cs:
    CS0219: Line 53: The variable `version' is assigned but its value is never used
 + ../../Source/Scripts/Items/Weapons/SpearsAndForks/DoubleBladedStaff.cs:
    CS0219: Line 53: The variable `version' is assigned but its value is never used
 + ../../Source/Scripts/Items/Weapons/SpearsAndForks/BladedStaff.cs:
    CS0219: Line 54: The variable `version' is assigned but its value is never used
 + ../../Source/Scripts/Items/Weapons/SpearsAndForks/WarFork.cs:
    CS0219: Line 59: The variable `version' is assigned but its value is never used
 + ../../Source/Scripts/Items/Weapons/SpearsAndForks/BaseSpear.cs:
    CS0219: Line 36: The variable `version' is assigned but its value is never used
 + ../../Source/Scripts/Items/Weapons/Hands/Fists.cs:
    CS0219: Line 185: The variable `version' is assigned but its value is never used
 + ../../Source/Scripts/Items/Weapons/Hands/PugilistGlove.cs:
    CS0219: Line 61: The variable `version' is assigned but its value is never used
    CS0219: Line 91: The variable `version' is assigned but its value is never used
    CS0219: Line 121: The variable `version' is assigned but its value is never used
 + ../../Source/Scripts/Items/Weapons/Hands/PugilistMits.cs:
    CS0219: Line 36: The variable `version' is assigned but its value is never used
 + ../../Source/Scripts/Items/Weapons/PoleArms/Halberd.cs:
    CS0219: Line 53: The variable `version' is assigned but its value is never used
 + ../../Source/Scripts/Items/Weapons/PoleArms/Bardiche.cs:
    CS0219: Line 52: The variable `version' is assigned but its value is never used
 + ../../Source/Scripts/Items/Weapons/PoleArms/Scythe.cs:
    CS0219: Line 56: The variable `version' is assigned but its value is never used
 + ../../Source/Scripts/Items/Weapons/Marksman/MonsterGloves.cs:
    CS0219: Line 117: The variable `version' is assigned but its value is never used
 + ../../Source/Scripts/Items/Weapons/Marksman/Harpoon.cs:
    CS0219: Line 63: The variable `a' is assigned but its value is never used
    CS0219: Line 144: The variable `version' is assigned but its value is never used
    CS0219: Line 191: The variable `version' is assigned but its value is never used
 + ../../Source/Scripts/Items/Weapons/Marksman/WizardStaff.cs:
    CS0219: Line 99: The variable `version' is assigned but its value is never used
    CS0219: Line 190: The variable `version' is assigned but its value is never used
    CS0219: Line 309: The variable `a' is assigned but its value is never used
    CS0219: Line 428: The variable `version' is assigned but its value is never used
    CS0219: Line 466: The variable `version' is assigned but its value is never used
 + ../../Source/Scripts/Items/Weapons/Marksman/ThrowingGloves.cs:
    CS0219: Line 181: The variable `version' is assigned but its value is never used
 + ../../Source/Scripts/Items/Weapons/Marksman/ThrowingWeapon.cs:
    CS0219: Line 97: The variable `version' is assigned but its value is never used
 + ../../Source/Scripts/Items/Weapons/BaseWeapon.cs:
    CS0219: Line 1060: The variable `context' is assigned but its value is never used
    CS0219: Line 2771: The variable `nul' is assigned but its value is never used
 + ../../Source/Scripts/Items/Traps/SawTrap.cs:
    CS0219: Line 121: The variable `version' is assigned but its value is never used
 + ../../Source/Scripts/Items/Traps/SlimeItem.cs:
    CS0219: Line 49: The variable `version' is assigned but its value is never used
 + ../../Source/Scripts/Items/Traps/KillerTile.cs:
    CS0219: Line 61: The variable `version' is assigned but its value is never used
 + ../../Source/Scripts/Items/Traps/Blocker.cs:
    CS0219: Line 30: The variable `version' is assigned but its value is never used
 + ../../Source/Scripts/Items/Traps/TaintedBandage.cs:
    CS0219: Line 44: The variable `version' is assigned but its value is never used
 + ../../Source/Scripts/Items/Traps/CurseItem.cs:
    CS0219: Line 112: The variable `version' is assigned but its value is never used
 + ../../Source/Scripts/Items/Traps/TrapWand.cs:
    CS0219: Line 84: The variable `version' is assigned but its value is never used
 + ../../Source/Scripts/Items/Traps/GiantSpikeTrap.cs:
    CS0219: Line 66: The variable `version' is assigned but its value is never used
 + ../../Source/Scripts/Items/Traps/SpikeTrap.cs:
    CS0219: Line 176: The variable `version' is assigned but its value is never used
 + ../../Source/Scripts/Items/Traps/StoneFaceTrap.cs:
    CS0219: Line 150: The variable `version' is assigned but its value is never used
    CS0219: Line 183: The variable `version' is assigned but its value is never used
 + ../../Source/Scripts/Items/Traps/BookBox.cs:
    CS0219: Line 96: The variable `version' is assigned but its value is never used
 + ../../Source/Scripts/Items/Traps/DroppedPack.cs:
    CS0219: Line 34: The variable `version' is assigned but its value is never used
 + ../../Source/Scripts/Items/Traps/JewelryBox.cs:
    CS0219: Line 127: The variable `version' is assigned but its value is never used
 + ../../Source/Scripts/Items/Traps/MushroomTrap.cs:
    CS0219: Line 137: The variable `version' is assigned but its value is never used
 + ../../Source/Scripts/Items/Traps/BaseTrap.cs:
    CS0219: Line 82: The variable `version' is assigned but its value is never used
 + ../../Source/Scripts/Items/Traps/BrokenGear.cs:
    CS0219: Line 38: The variable `version' is assigned but its value is never used
 + ../../Source/Scripts/Items/Traps/HiddenTrap.cs:
    CS0219: Line 1166: The variable `version' is assigned but its value is never used
 + ../../Source/Scripts/Items/Traps/SewageItem.cs:
    CS0219: Line 49: The variable `version' is assigned but its value is never used
 + ../../Source/Scripts/Items/Traps/WeedItem.cs:
    CS0219: Line 49: The variable `version' is assigned but its value is never used
 + ../../Source/Scripts/Items/Traps/RottedReagents.cs:
    CS0219: Line 52: The variable `version' is assigned but its value is never used
 + ../../Source/Scripts/Items/Traps/RuinedGems.cs:
    CS0219: Line 51: The variable `version' is assigned but its value is never used
 + ../../Source/Scripts/Items/Books/Trades/LearnTailor.cs:
    CS0219: Line 152: The variable `version' is assigned but its value is never used
 + ../../Source/Scripts/Items/Books/Trades/LearnLeather.cs:
    CS0219: Line 174: The variable `version' is assigned but its value is never used
 + ../../Source/Scripts/Items/Books/Trades/LearnScales.cs:
    CS0219: Line 147: The variable `version' is assigned but its value is never used
 + ../../Source/Scripts/Items/Books/Trades/LearnMetal.cs:
    CS0219: Line 154: The variable `version' is assigned but its value is never used
 + ../../Source/Scripts/Items/Books/Trades/LearnMisc.cs:
    CS0219: Line 107: The variable `version' is assigned but its value is never used
 + ../../Source/Scripts/Items/Books/Trades/LearnGranite.cs:
    CS0219: Line 152: The variable `version' is assigned but its value is never used
 + ../../Source/Scripts/Items/Books/Trades/LearnWood.cs:
    CS0219: Line 156: The variable `version' is assigned but its value is never used
 + ../../Source/Scripts/Items/Books/PowerScrolls/PowerScroll.cs:
    CS0219: Line 270: The variable `version' is assigned but its value is never used
 + ../../Source/Scripts/Items/Books/BulletinBoards/AssassinNote.cs:
    CS0219: Line 79: The variable `version' is assigned but its value is never used
 + ../../Source/Scripts/Items/Books/BulletinBoards/GuardNote.cs:
    CS0219: Line 74: The variable `version' is assigned but its value is never used
 + ../../Source/Scripts/Items/Books/BulletinBoards/WantedMangar.cs:
    CS0219: Line 85: The variable `version' is assigned but its value is never used
 + ../../Source/Scripts/Items/Books/BulletinBoards/StealingBoard.cs:
    CS0219: Line 116: The variable `version' is assigned but its value is never used
 + ../../Source/Scripts/Items/Books/BulletinBoards/AdminBoard.cs:
    CS0219: Line 264: The variable `version' is assigned but its value is never used
 + ../../Source/Scripts/Items/Books/BulletinBoards/PatchBoard.cs:
    CS0219: Line 73: The variable `version' is assigned but its value is never used
 + ../../Source/Scripts/Items/Books/BulletinBoards/StatusBoard.cs:
    CS0219: Line 57: The variable `version' is assigned but its value is never used
 + ../../Source/Scripts/Items/Books/BulletinBoards/GuildBoard.cs:
    CS0219: Line 141: The variable `pm' is assigned but its value is never used
    CS0219: Line 162: The variable `version' is assigned but its value is never used
 + ../../Source/Scripts/Items/Books/BulletinBoards/RulesBoard.cs:
    CS0219: Line 59: The variable `version' is assigned but its value is never used
 + ../../Source/Scripts/Items/Books/BardsTaleNote.cs:
    CS0219: Line 125: The variable `version' is assigned but its value is never used
 + ../../Source/Scripts/Items/Books/DynamicBook.cs:
    CS0219: Line 440: The variable `version' is assigned but its value is never used
    CS0219: Line 568: The variable `version' is assigned but its value is never used
    CS0219: Line 610: The variable `version' is assigned but its value is never used
    CS0219: Line 647: The variable `version' is assigned but its value is never used
    CS0219: Line 684: The variable `version' is assigned but its value is never used
    CS0219: Line 724: The variable `version' is assigned but its value is never used
    CS0219: Line 759: The variable `version' is assigned but its value is never used
    CS0219: Line 801: The variable `version' is assigned but its value is never used
    CS0219: Line 837: The variable `version' is assigned but its value is never used
    CS0219: Line 873: The variable `version' is assigned but its value is never used
    CS0219: Line 913: The variable `version' is assigned but its value is never used
    CS0219: Line 953: The variable `version' is assigned but its value is never used
    CS0219: Line 989: The variable `version' is assigned but its value is never used
    CS0219: Line 1025: The variable `version' is assigned but its value is never used
    CS0219: Line 1061: The variable `version' is assigned but its value is never used
    CS0219: Line 1095: The variable `version' is assigned but its value is never used
    CS0219: Line 1129: The variable `version' is assigned but its value is never used
    CS0219: Line 1165: The variable `version' is assigned but its value is never used
    CS0219: Line 1201: The variable `version' is assigned but its value is never used
    CS0219: Line 1237: The variable `version' is assigned but its value is never used
    CS0219: Line 1273: The variable `version' is assigned but its value is never used
    CS0219: Line 1309: The variable `version' is assigned but its value is never used
    CS0219: Line 1345: The variable `version' is assigned but its value is never used
    CS0219: Line 1381: The variable `version' is assigned but its value is never used
 + ../../Source/Scripts/Items/Books/DoomFlayerNote.cs:
    CS0219: Line 74: The variable `version' is assigned but its value is never used
 + ../../Source/Scripts/Items/Books/TitleChangeDeed.cs:
    CS0219: Line 36: The variable `version' is assigned but its value is never used
    CS0414: Line 55: The private field `Server.Items.TitleChangeDeed.RetitlePrompt.m_from' is assigned but its value is never used
 + ../../Source/Scripts/Items/Books/LearnReagents.cs:
    CS0219: Line 170: The variable `version' is assigned but its value is never used
 + ../../Source/Scripts/Items/Books/WritingBook.cs:
    CS0219: Line 34: The variable `version' is assigned but its value is never used
 + ../../Source/Scripts/Items/Books/SwordsAndShackles.cs:
    CS0219: Line 47: The variable `version' is assigned but its value is never used
 + ../../Source/Scripts/Items/Books/LoreBook.cs:
    CS0219: Line 106: The variable `version' is assigned but its value is never used
 + ../../Source/Scripts/Items/Books/LearnStealing.cs:
    CS0219: Line 92: The variable `version' is assigned but its value is never used
 + ../../Source/Scripts/Items/Books/BeginnerBook.cs:
    CS0162: Line 23: Unreachable code detected
    CS0219: Line 101: The variable `version' is assigned but its value is never used
 + ../../Source/Scripts/Items/Potions/Unique/BaseManaRefreshPotion.cs:
    CS0219: Line 40: The variable `version' is assigned but its value is never used
 + ../../Source/Scripts/Items/Potions/Unique/ManaPotion.cs:
    CS0219: Line 32: The variable `version' is assigned but its value is never used
 + ../../Source/Scripts/Items/Potions/Unique/RejuvenatePotion.cs:
    CS0219: Line 32: The variable `version' is assigned but its value is never used
 + ../../Source/Scripts/Items/Potions/Unique/InvisibilityPotion.cs:
    CS0219: Line 35: The variable `version' is assigned but its value is never used
 + ../../Source/Scripts/Items/Potions/Unique/GreaterInvisibilityPotion.cs:
    CS0219: Line 36: The variable `version' is assigned but its value is never used
 + ../../Source/Scripts/Items/Potions/Unique/BaseRejuvenatePotion.cs:
    CS0219: Line 32: The variable `version' is assigned but its value is never used
 + ../../Source/Scripts/Items/Potions/Unique/LesserInvisibilityPotion.cs:
    CS0219: Line 36: The variable `version' is assigned but its value is never used
 + ../../Source/Scripts/Items/Potions/Unique/GreaterRejuvenatePotion.cs:
    CS0219: Line 33: The variable `version' is assigned but its value is never used
 + ../../Source/Scripts/Items/Potions/Unique/GreaterManaPotion.cs:
    CS0219: Line 33: The variable `version' is assigned but its value is never used
 + ../../Source/Scripts/Items/Potions/Unique/LesserRejuvenatePotion.cs:
    CS0219: Line 33: The variable `version' is assigned but its value is never used
 + ../../Source/Scripts/Items/Potions/Unique/LesserManaPotion.cs:
    CS0219: Line 33: The variable `version' is assigned but its value is never used
 + ../../Source/Scripts/Items/Potions/Mixtures/MixtureDiseasedSlime.cs:
    CS0219: Line 54: The variable `version' is assigned but its value is never used
 + ../../Source/Scripts/Items/Potions/Mixtures/LiquidGoo.cs:
    CS0219: Line 43: The variable `version' is assigned but its value is never used
 + ../../Source/Scripts/Items/Potions/Mixtures/MixtureIceSlime.cs:
    CS0219: Line 54: The variable `version' is assigned but its value is never used
 + ../../Source/Scripts/Items/Potions/Mixtures/LiquidIce.cs:
    CS0219: Line 43: The variable `version' is assigned but its value is never used
 + ../../Source/Scripts/Items/Potions/Mixtures/LiquidPain.cs:
    CS0219: Line 37: The variable `version' is assigned but its value is never used
 + ../../Source/Scripts/Items/Potions/Mixtures/AlchemicSlime.cs:
    CS0219: Line 175: The variable `version' is assigned but its value is never used
 + ../../Source/Scripts/Items/Potions/Mixtures/BaseLiquid.cs:
    CS0219: Line 30: The variable `version' is assigned but its value is never used
 + ../../Source/Scripts/Items/Potions/Mixtures/BaseMixture.cs:
    CS0219: Line 235: The variable `version' is assigned but its value is never used
 + ../../Source/Scripts/Items/Potions/Mixtures/MixtureSlime.cs:
    CS0219: Line 54: The variable `version' is assigned but its value is never used
 + ../../Source/Scripts/Items/Potions/Mixtures/LiquidFire.cs:
    CS0219: Line 43: The variable `version' is assigned but its value is never used
 + ../../Source/Scripts/Items/Potions/Mixtures/LiquidRot.cs:
    CS0219: Line 43: The variable `version' is assigned but its value is never used
 + ../../Source/Scripts/Items/Potions/Mixtures/MixtureRadiatedSlime.cs:
    CS0219: Line 54: The variable `version' is assigned but its value is never used
 + ../../Source/Scripts/Items/Potions/Mixtures/MixtureFireSlime.cs:
    CS0219: Line 54: The variable `version' is assigned but its value is never used
 + ../../Source/Scripts/Items/Potions/Standard/Cure Potions/LesserCurePotion.cs:
    CS0219: Line 37: The variable `version' is assigned but its value is never used
 + ../../Source/Scripts/Items/Potions/Standard/Cure Potions/GreaterCurePotion.cs:
    CS0219: Line 39: The variable `version' is assigned but its value is never used
 + ../../Source/Scripts/Items/Potions/Standard/Cure Potions/BaseCurePotion.cs:
    CS0219: Line 67: The variable `version' is assigned but its value is never used
 + ../../Source/Scripts/Items/Potions/Standard/Cure Potions/CurePotion.cs:
    CS0219: Line 37: The variable `version' is assigned but its value is never used
 + ../../Source/Scripts/Items/Potions/Standard/Refresh Potions/TotalRefreshPotion.cs:
    CS0219: Line 33: The variable `version' is assigned but its value is never used
 + ../../Source/Scripts/Items/Potions/Standard/Refresh Potions/RefreshPotion.cs:
    CS0219: Line 31: The variable `version' is assigned but its value is never used
 + ../../Source/Scripts/Items/Potions/Standard/Refresh Potions/BaseRefreshPotion.cs:
    CS0219: Line 29: The variable `version' is assigned but its value is never used
 + ../../Source/Scripts/Items/Potions/Standard/Poison Potions/VenomSack.cs:
    CS0219: Line 107: The variable `version' is assigned but its value is never used
 + ../../Source/Scripts/Items/Potions/Standard/Poison Potions/GreaterPoisonPotion.cs:
    CS0219: Line 40: The variable `version' is assigned but its value is never used
 + ../../Source/Scripts/Items/Potions/Standard/Poison Potions/PoisonPotion.cs:
    CS0219: Line 39: The variable `version' is assigned but its value is never used
 + ../../Source/Scripts/Items/Potions/Standard/Poison Potions/LethalPoisonPotion.cs:
    CS0219: Line 40: The variable `version' is assigned but its value is never used
 + ../../Source/Scripts/Items/Potions/Standard/Poison Potions/DeadlyPoisonPotion.cs:
    CS0219: Line 40: The variable `version' is assigned but its value is never used
 + ../../Source/Scripts/Items/Potions/Standard/Poison Potions/BasePoisonPotion.cs:
    CS0219: Line 41: The variable `version' is assigned but its value is never used
 + ../../Source/Scripts/Items/Potions/Standard/Poison Potions/LesserPoisonPotion.cs:
    CS0219: Line 40: The variable `version' is assigned but its value is never used
 + ../../Source/Scripts/Items/Potions/Standard/Strength Potions/GreaterStrengthPotion.cs:
    CS0219: Line 31: The variable `version' is assigned but its value is never used
 + ../../Source/Scripts/Items/Potions/Standard/Strength Potions/StrengthPotion.cs:
    CS0219: Line 30: The variable `version' is assigned but its value is never used
 + ../../Source/Scripts/Items/Potions/Standard/Strength Potions/BaseStrengthPotion.cs:
    CS0219: Line 32: The variable `version' is assigned but its value is never used
 + ../../Source/Scripts/Items/Potions/Standard/Heal Potions/HealPotion.cs:
    CS0219: Line 31: The variable `version' is assigned but its value is never used
 + ../../Source/Scripts/Items/Potions/Standard/Heal Potions/GreaterHealPotion.cs:
    CS0219: Line 32: The variable `version' is assigned but its value is never used
 + ../../Source/Scripts/Items/Potions/Standard/Heal Potions/LesserHealPotion.cs:
    CS0219: Line 32: The variable `version' is assigned but its value is never used
 + ../../Source/Scripts/Items/Potions/Standard/Heal Potions/BaseHealPotion.cs:
    CS0219: Line 32: The variable `version' is assigned but its value is never used
 + ../../Source/Scripts/Items/Potions/Standard/Frostbite Potions/BaseFrostbitePotion.cs:
    CS0219: Line 72: The variable `version' is assigned but its value is never used
    CS0219: Line 276: The variable `version' is assigned but its value is never used
 + ../../Source/Scripts/Items/Potions/Standard/Frostbite Potions/FrostbitePotion.cs:
    CS0219: Line 31: The variable `version' is assigned but its value is never used
 + ../../Source/Scripts/Items/Potions/Standard/Frostbite Potions/GreaterFrostbitePotion.cs:
    CS0219: Line 32: The variable `version' is assigned but its value is never used
 + ../../Source/Scripts/Items/Potions/Standard/Explosion Potions/LesserExplosionPotion.cs:
    CS0219: Line 31: The variable `version' is assigned but its value is never used
 + ../../Source/Scripts/Items/Potions/Standard/Explosion Potions/BaseExplosionPotion.cs:
    CS0219: Line 41: The variable `version' is assigned but its value is never used
 + ../../Source/Scripts/Items/Potions/Standard/Explosion Potions/ExplosionPotion.cs:
    CS0219: Line 30: The variable `version' is assigned but its value is never used
 + ../../Source/Scripts/Items/Potions/Standard/Explosion Potions/GreaterExplosionPotion.cs:
    CS0219: Line 31: The variable `version' is assigned but its value is never used
 + ../../Source/Scripts/Items/Potions/Standard/Conflagration Potions/BaseConflagrationPotion.cs:
    CS0219: Line 71: The variable `version' is assigned but its value is never used
    CS0219: Line 275: The variable `version' is assigned but its value is never used
 + ../../Source/Scripts/Items/Potions/Standard/Conflagration Potions/GreaterConflagrationPotion.cs:
    CS0219: Line 35: The variable `version' is assigned but its value is never used
 + ../../Source/Scripts/Items/Potions/Standard/Conflagration Potions/ConflagrationPotion.cs:
    CS0219: Line 34: The variable `version' is assigned but its value is never used
 + ../../Source/Scripts/Items/Potions/Standard/Confusion Blast Potions/ConfusionBlastPotion.cs:
    CS0219: Line 34: The variable `version' is assigned but its value is never used
 + ../../Source/Scripts/Items/Potions/Standard/Confusion Blast Potions/GreaterConfusionBlastPotion.cs:
    CS0219: Line 33: The variable `version' is assigned but its value is never used
 + ../../Source/Scripts/Items/Potions/Standard/Confusion Blast Potions/BaseConfusionBlastPotion.cs:
    CS0219: Line 74: The variable `version' is assigned but its value is never used
 + ../../Source/Scripts/Items/Potions/Standard/Agility Potions/GreaterAgilityPotion.cs:
    CS0219: Line 31: The variable `version' is assigned but its value is never used
 + ../../Source/Scripts/Items/Potions/Standard/Agility Potions/BaseAgilityPotion.cs:
    CS0219: Line 30: The variable `version' is assigned but its value is never used
 + ../../Source/Scripts/Items/Potions/Standard/Agility Potions/AgilityPotion.cs:
    CS0219: Line 30: The variable `version' is assigned but its value is never used
 + ../../Source/Scripts/Items/Potions/Standard/NightSight.cs:
    CS0219: Line 29: The variable `version' is assigned but its value is never used
 + ../../Source/Scripts/Items/Potions/Special/PotionOfWisdom.cs:
    CS0219: Line 83: The variable `version' is assigned but its value is never used
 + ../../Source/Scripts/Items/Potions/Special/DurabilityPotion.cs:
    CS0219: Line 33: The variable `version' is assigned but its value is never used
 + ../../Source/Scripts/Items/Potions/Special/HairDyePotion.cs:
    CS0219: Line 67: The variable `version' is assigned but its value is never used
 + ../../Source/Scripts/Items/Potions/Special/MonsterSplatter.cs:
    CS0219: Line 433: The variable `version' is assigned but its value is never used
 + ../../Source/Scripts/Items/Potions/Special/HairDyeBottle.cs:
    CS0219: Line 63: The variable `version' is assigned but its value is never used
 + ../../Source/Scripts/Items/Potions/Special/SuperPotion.cs:
    CS0219: Line 31: The variable `version' is assigned but its value is never used
 + ../../Source/Scripts/Items/Potions/Special/RepairPotion.cs:
    CS0219: Line 34: The variable `version' is assigned but its value is never used
 + ../../Source/Scripts/Items/Potions/Special/EvilSkull.cs:
    CS0219: Line 62: The variable `version' is assigned but its value is never used
 + ../../Source/Scripts/Items/Potions/Special/HolyWater.cs:
    CS0219: Line 35: The variable `version' is assigned but its value is never used
 + ../../Source/Scripts/Items/Potions/Special/InvulnerabilityPotion.cs:
    CS0219: Line 36: The variable `version' is assigned but its value is never used
 + ../../Source/Scripts/Items/Potions/Special/NecroSkinPotion.cs:
    CS0219: Line 75: The variable `version' is assigned but its value is never used
 + ../../Source/Scripts/Items/Potions/Special/CanopicJar.cs:
    CS0219: Line 261: The variable `version' is assigned but its value is never used
 + ../../Source/Scripts/Items/Potions/Special/BottleOfAcid.cs:
    CS0219: Line 160: The variable `item' is assigned but its value is never used
    CS0219: Line 181: The variable `item' is assigned but its value is never used
    CS0219: Line 221: The variable `version' is assigned but its value is never used
 + ../../Source/Scripts/Items/Potions/Special/GenderPotion.cs:
    CS0219: Line 81: The variable `version' is assigned but its value is never used
 + ../../Source/Scripts/Items/Potions/Special/HairOilPotion.cs:
    CS0219: Line 163: The variable `version' is assigned but its value is never used
 + ../../Source/Scripts/Items/Potions/Special/PotionOfMight.cs:
    CS0219: Line 83: The variable `version' is assigned but its value is never used
 + ../../Source/Scripts/Items/Potions/Special/PotionOfDexterity.cs:
    CS0219: Line 83: The variable `version' is assigned but its value is never used
 + ../../Source/Scripts/Items/Potions/Special/AutoResPotion.cs:
    CS0219: Line 62: The variable `m_Delay' is assigned but its value is never used
    CS0219: Line 63: The variable `m_Charges' is assigned but its value is never used
 + ../../Source/Scripts/Items/Potions/Special/TransmutationPotion.cs:
    CS0219: Line 49: The variable `version' is assigned but its value is never used
 + ../../Source/Scripts/Items/Potions/Special/ResurrectPotion.cs:
    CS0219: Line 43: The variable `version' is assigned but its value is never used
    CS0414: Line 185: The private field `Server.Items.ResurrectPotion.InternalTarget.m_Owner' is assigned but its value is never used
 + ../../Source/Scripts/Items/Potions/Elixirs/BaseElixir.cs:
    CS0219: Line 35: The variable `version' is assigned but its value is never used
 + ../../Source/Scripts/Items/Potions/Elixirs/Elixirs.cs:
    CS0219: Line 32: The variable `version' is assigned but its value is never used
    CS0219: Line 136: The variable `version' is assigned but its value is never used
    CS0219: Line 240: The variable `version' is assigned but its value is never used
    CS0219: Line 344: The variable `version' is assigned but its value is never used
    CS0219: Line 448: The variable `version' is assigned but its value is never used
    CS0219: Line 552: The variable `version' is assigned but its value is never used
    CS0219: Line 656: The variable `version' is assigned but its value is never used
    CS0219: Line 760: The variable `version' is assigned but its value is never used
    CS0219: Line 864: The variable `version' is assigned but its value is never used
    CS0219: Line 968: The variable `version' is assigned but its value is never used
    CS0219: Line 1072: The variable `version' is assigned but its value is never used
    CS0219: Line 1176: The variable `version' is assigned but its value is never used
    CS0219: Line 1280: The variable `version' is assigned but its value is never used
    CS0219: Line 1384: The variable `version' is assigned but its value is never used
    CS0219: Line 1488: The variable `version' is assigned but its value is never used
    CS0219: Line 1592: The variable `version' is assigned but its value is never used
    CS0219: Line 1696: The variable `version' is assigned but its value is never used
    CS0219: Line 1800: The variable `version' is assigned but its value is never used
    CS0219: Line 1904: The variable `version' is assigned but its value is never used
    CS0219: Line 2008: The variable `version' is assigned but its value is never used
    CS0219: Line 2112: The variable `version' is assigned but its value is never used
    CS0219: Line 2216: The variable `version' is assigned but its value is never used
    CS0219: Line 2320: The variable `version' is assigned but its value is never used
    CS0219: Line 2424: The variable `version' is assigned but its value is never used
    CS0219: Line 2528: The variable `version' is assigned but its value is never used
    CS0219: Line 2632: The variable `version' is assigned but its value is never used
    CS0219: Line 2736: The variable `version' is assigned but its value is never used
    CS0219: Line 2840: The variable `version' is assigned but its value is never used
    CS0219: Line 2945: The variable `version' is assigned but its value is never used
    CS0219: Line 3049: The variable `version' is assigned but its value is never used
    CS0219: Line 3153: The variable `version' is assigned but its value is never used
    CS0219: Line 3257: The variable `version' is assigned but its value is never used
    CS0219: Line 3361: The variable `version' is assigned but its value is never used
    CS0219: Line 3465: The variable `version' is assigned but its value is never used
    CS0219: Line 3569: The variable `version' is assigned but its value is never used
    CS0219: Line 3673: The variable `version' is assigned but its value is never used
    CS0219: Line 3777: The variable `version' is assigned but its value is never used
    CS0219: Line 3881: The variable `version' is assigned but its value is never used
    CS0219: Line 3985: The variable `version' is assigned but its value is never used
    CS0219: Line 4089: The variable `version' is assigned but its value is never used
    CS0219: Line 4193: The variable `version' is assigned but its value is never used
    CS0219: Line 4297: The variable `version' is assigned but its value is never used
    CS0219: Line 4401: The variable `version' is assigned but its value is never used
    CS0219: Line 4505: The variable `version' is assigned but its value is never used
    CS0219: Line 4609: The variable `version' is assigned but its value is never used
    CS0219: Line 4713: The variable `version' is assigned but its value is never used
    CS0219: Line 4817: The variable `version' is assigned but its value is never used
    CS0219: Line 4921: The variable `version' is assigned but its value is never used
    CS0219: Line 5025: The variable `version' is assigned but its value is never used
 + ../../Source/Scripts/Items/Special/Evil Home Decor Collection/DisturbingPortrait.cs:
    CS0219: Line 50: The variable `version' is assigned but its value is never used
    CS0219: Line 89: The variable `version' is assigned but its value is never used
    CS0219: Line 123: The variable `version' is assigned but its value is never used
 + ../../Source/Scripts/Items/Special/Evil Home Decor Collection/MountedPixieOrange.cs:
    CS0219: Line 39: The variable `version' is assigned but its value is never used
    CS0219: Line 67: The variable `version' is assigned but its value is never used
    CS0219: Line 97: The variable `version' is assigned but its value is never used
 + ../../Source/Scripts/Items/Special/Evil Home Decor Collection/BoneTable.cs:
    CS0219: Line 30: The variable `version' is assigned but its value is never used
    CS0219: Line 64: The variable `version' is assigned but its value is never used
 + ../../Source/Scripts/Items/Special/Evil Home Decor Collection/HauntedMirror.cs:
    CS0219: Line 52: The variable `version' is assigned but its value is never used
    CS0219: Line 81: The variable `version' is assigned but its value is never used
    CS0219: Line 115: The variable `version' is assigned but its value is never used
 + ../../Source/Scripts/Items/Special/Evil Home Decor Collection/BoneThrone.cs:
    CS0219: Line 39: The variable `version' is assigned but its value is never used
    CS0219: Line 68: The variable `version' is assigned but its value is never used
    CS0219: Line 102: The variable `version' is assigned but its value is never used
 + ../../Source/Scripts/Items/Special/Evil Home Decor Collection/AwesomeDisturbingPortrait.cs:
    CS0219: Line 62: The variable `version' is assigned but its value is never used
    CS0219: Line 155: The variable `version' is assigned but its value is never used
    CS0219: Line 189: The variable `version' is assigned but its value is never used
 + ../../Source/Scripts/Items/Special/Evil Home Decor Collection/MountedPixieLime.cs:
    CS0219: Line 39: The variable `version' is assigned but its value is never used
    CS0219: Line 67: The variable `version' is assigned but its value is never used
    CS0219: Line 97: The variable `version' is assigned but its value is never used
 + ../../Source/Scripts/Items/Special/Evil Home Decor Collection/BedOfNails.cs:
    CS0219: Line 40: The variable `version' is assigned but its value is never used
    CS0219: Line 96: The variable `version' is assigned but its value is never used
    CS0219: Line 196: The variable `version' is assigned but its value is never used
 + ../../Source/Scripts/Items/Special/Evil Home Decor Collection/SacrificialAltar.cs:
    CS0219: Line 105: The variable `version' is assigned but its value is never used
    CS0219: Line 185: The variable `version' is assigned but its value is never used
 + ../../Source/Scripts/Items/Special/Evil Home Decor Collection/CreepyPortrait.cs:
    CS0219: Line 67: The variable `version' is assigned but its value is never used
    CS0219: Line 96: The variable `version' is assigned but its value is never used
    CS0219: Line 130: The variable `version' is assigned but its value is never used
 + ../../Source/Scripts/Items/Special/Evil Home Decor Collection/BoneCouch.cs:
    CS0219: Line 38: The variable `version' is assigned but its value is never used
    CS0219: Line 71: The variable `version' is assigned but its value is never used
    CS0219: Line 120: The variable `version' is assigned but its value is never used
 + ../../Source/Scripts/Items/Special/Evil Home Decor Collection/MountedPixieGreen.cs:
    CS0219: Line 39: The variable `version' is assigned but its value is never used
    CS0219: Line 67: The variable `version' is assigned but its value is never used
    CS0219: Line 97: The variable `version' is assigned but its value is never used
 + ../../Source/Scripts/Items/Special/Evil Home Decor Collection/MountedPixieBlue.cs:
    CS0219: Line 39: The variable `version' is assigned but its value is never used
    CS0219: Line 67: The variable `version' is assigned but its value is never used
    CS0219: Line 97: The variable `version' is assigned but its value is never used
 + ../../Source/Scripts/Items/Special/Evil Home Decor Collection/MountedPixieWhite.cs:
    CS0219: Line 39: The variable `version' is assigned but its value is never used
    CS0219: Line 67: The variable `version' is assigned but its value is never used
    CS0219: Line 97: The variable `version' is assigned but its value is never used
 + ../../Source/Scripts/Items/Special/Evil Home Decor Collection/UnsettlingPortrait.cs:
    CS0219: Line 50: The variable `version' is assigned but its value is never used
    CS0219: Line 93: The variable `version' is assigned but its value is never used
    CS0219: Line 127: The variable `version' is assigned but its value is never used
 + ../../Source/Scripts/Items/Special/Rares/Misc/DecoSpittoon.cs:
    CS0219: Line 30: The variable `version' is assigned but its value is never used
 + ../../Source/Scripts/Items/Special/Rares/Jars/EmptyJars.cs:
    CS0219: Line 31: The variable `version' is assigned but its value is never used
    CS0219: Line 61: The variable `version' is assigned but its value is never used
    CS0219: Line 92: The variable `version' is assigned but its value is never used
    CS0219: Line 122: The variable `version' is assigned but its value is never used
    CS0219: Line 152: The variable `version' is assigned but its value is never used
 + ../../Source/Scripts/Items/Special/Rares/Jars/HalfEmptyJars.cs:
    CS0219: Line 31: The variable `version' is assigned but its value is never used
    CS0219: Line 61: The variable `version' is assigned but its value is never used
    CS0219: Line 91: The variable `version' is assigned but its value is never used
    CS0219: Line 121: The variable `version' is assigned but its value is never used
    CS0219: Line 151: The variable `version' is assigned but its value is never used
 + ../../Source/Scripts/Items/Special/Rares/Jars/FullJars.cs:
    CS0219: Line 31: The variable `version' is assigned but its value is never used
    CS0219: Line 61: The variable `version' is assigned but its value is never used
    CS0219: Line 91: The variable `version' is assigned but its value is never used
 + ../../Source/Scripts/Items/Special/Rares/Tinker/CrossbowBolts.cs:
    CS0219: Line 30: The variable `version' is assigned but its value is never used
 + ../../Source/Scripts/Items/Special/Rares/Tinker/EmptyToolKit2.cs:
    CS0219: Line 30: The variable `version' is assigned but its value is never used
 + ../../Source/Scripts/Items/Special/Rares/Tinker/EmptyToolKit.cs:
    CS0219: Line 30: The variable `version' is assigned but its value is never used
 + ../../Source/Scripts/Items/Special/Rares/Tinker/ArrowShafts.cs:
    CS0219: Line 30: The variable `version' is assigned but its value is never used
 + ../../Source/Scripts/Items/Special/Rares/Tinker/ToolKit.cs:
    CS0219: Line 30: The variable `version' is assigned but its value is never used
 + ../../Source/Scripts/Items/Special/Rares/Tinker/Lockpicks.cs:
    CS0219: Line 30: The variable `version' is assigned but its value is never used
 + ../../Source/Scripts/Items/Special/Rares/PaganReagents/DecoMandrake2.cs:
    CS0219: Line 36: The variable `version' is assigned but its value is never used
 + ../../Source/Scripts/Items/Special/Rares/PaganReagents/DecoGarlic.cs:
    CS0219: Line 36: The variable `version' is assigned but its value is never used
 + ../../Source/Scripts/Items/Special/Rares/PaganReagents/DecoMandrake.cs:
    CS0219: Line 36: The variable `version' is assigned but its value is never used
 + ../../Source/Scripts/Items/Special/Rares/PaganReagents/DecoObsidian.cs:
    CS0219: Line 36: The variable `version' is assigned but its value is never used
 + ../../Source/Scripts/Items/Special/Rares/PaganReagents/DecoDragonsBlood.cs:
    CS0219: Line 35: The variable `version' is assigned but its value is never used
 + ../../Source/Scripts/Items/Special/Rares/PaganReagents/DecoMandrake3.cs:
    CS0219: Line 36: The variable `version' is assigned but its value is never used
 + ../../Source/Scripts/Items/Special/Rares/PaganReagents/DecoMandrakeRoot2.cs:
    CS0219: Line 36: The variable `version' is assigned but its value is never used
 + ../../Source/Scripts/Items/Special/Rares/PaganReagents/DecoGarlic2.cs:
    CS0219: Line 36: The variable `version' is assigned but its value is never used
 + ../../Source/Scripts/Items/Special/Rares/PaganReagents/DecoBrimstone.cs:
    CS0219: Line 36: The variable `version' is assigned but its value is never used
 + ../../Source/Scripts/Items/Special/Rares/PaganReagents/DecoMandrakeRoot.cs:
    CS0219: Line 36: The variable `version' is assigned but its value is never used
 + ../../Source/Scripts/Items/Special/Rares/PaganReagents/DecoBlackmoor.cs:
    CS0219: Line 36: The variable `version' is assigned but its value is never used
 + ../../Source/Scripts/Items/Special/Rares/PaganReagents/DecoGinsengRoot2.cs:
    CS0219: Line 36: The variable `version' is assigned but its value is never used
 + ../../Source/Scripts/Items/Special/Rares/PaganReagents/DecoGinseng.cs:
    CS0219: Line 36: The variable `version' is assigned but its value is never used
 + ../../Source/Scripts/Items/Special/Rares/PaganReagents/DecoNightshade2.cs:
    CS0219: Line 36: The variable `version' is assigned but its value is never used
 + ../../Source/Scripts/Items/Special/Rares/PaganReagents/DecoNightshade.cs:
    CS0219: Line 36: The variable `version' is assigned but its value is never used
 + ../../Source/Scripts/Items/Special/Rares/PaganReagents/DecoNightshade3.cs:
    CS0219: Line 36: The variable `version' is assigned but its value is never used
 + ../../Source/Scripts/Items/Special/Rares/PaganReagents/DecoEyeOfNewt.cs:
    CS0219: Line 36: The variable `version' is assigned but its value is never used
 + ../../Source/Scripts/Items/Special/Rares/PaganReagents/DecoGinseng2.cs:
    CS0219: Line 36: The variable `version' is assigned but its value is never used
 + ../../Source/Scripts/Items/Special/Rares/PaganReagents/DecoWyrmsHeart.cs:
    CS0219: Line 36: The variable `version' is assigned but its value is never used
 + ../../Source/Scripts/Items/Special/Rares/PaganReagents/DecoGinsengRoot.cs:
    CS0219: Line 36: The variable `version' is assigned but its value is never used
 + ../../Source/Scripts/Items/Special/Rares/PaganReagents/DecoGarlicBulb2.cs:
    CS0219: Line 36: The variable `version' is assigned but its value is never used
 + ../../Source/Scripts/Items/Special/Rares/PaganReagents/DecoBloodspawn.cs:
    CS0219: Line 36: The variable `version' is assigned but its value is never used
 + ../../Source/Scripts/Items/Special/Rares/PaganReagents/DecoGarlicBulb.cs:
    CS0219: Line 36: The variable `version' is assigned but its value is never used
 + ../../Source/Scripts/Items/Special/Rares/PaganReagents/DecoPumice.cs:
    CS0219: Line 36: The variable `version' is assigned but its value is never used
 + ../../Source/Scripts/Items/Special/Rares/PaganReagents/DecoDragonsBlood2.cs:
    CS0219: Line 36: The variable `version' is assigned but its value is never used
 + ../../Source/Scripts/Items/Special/Rares/GamePieces/Checkers.cs:
    CS0219: Line 30: The variable `version' is assigned but its value is never used
 + ../../Source/Scripts/Items/Special/Rares/GamePieces/Chessmen2.cs:
    CS0219: Line 30: The variable `version' is assigned but its value is never used
 + ../../Source/Scripts/Items/Special/Rares/GamePieces/Checkers2.cs:
    CS0219: Line 30: The variable `version' is assigned but its value is never used
 + ../../Source/Scripts/Items/Special/Rares/GamePieces/Chessmen3.cs:
    CS0219: Line 30: The variable `version' is assigned but its value is never used
 + ../../Source/Scripts/Items/Special/Rares/GamePieces/Chessmen.cs:
    CS0219: Line 30: The variable `version' is assigned but its value is never used
 + ../../Source/Scripts/Items/Special/Rares/PlayingCards/Cards4.cs:
    CS0219: Line 30: The variable `version' is assigned but its value is never used
 + ../../Source/Scripts/Items/Special/Rares/PlayingCards/Cards.cs:
    CS0219: Line 30: The variable `version' is assigned but its value is never used
 + ../../Source/Scripts/Items/Special/Rares/PlayingCards/PlayingCards.cs:
    CS0219: Line 30: The variable `version' is assigned but its value is never used
 + ../../Source/Scripts/Items/Special/Rares/PlayingCards/Cards5.cs:
    CS0219: Line 30: The variable `version' is assigned but its value is never used
 + ../../Source/Scripts/Items/Special/Rares/PlayingCards/PlayingCards2.cs:
    CS0219: Line 30: The variable `version' is assigned but its value is never used
 + ../../Source/Scripts/Items/Special/Rares/PlayingCards/Cards2.cs:
    CS0219: Line 30: The variable `version' is assigned but its value is never used
 + ../../Source/Scripts/Items/Special/Rares/PlayingCards/Cards3.cs:
    CS0219: Line 30: The variable `version' is assigned but its value is never used
 + ../../Source/Scripts/Items/Special/Rares/Ingots/DecoIronIngots.cs:
    CS0219: Line 30: The variable `version' is assigned but its value is never used
 + ../../Source/Scripts/Items/Special/Rares/Ingots/DecoIronIngots6.cs:
    CS0219: Line 30: The variable `version' is assigned but its value is never used
 + ../../Source/Scripts/Items/Special/Rares/Ingots/DecoSilverIngots3.cs:
    CS0219: Line 30: The variable `version' is assigned but its value is never used
 + ../../Source/Scripts/Items/Special/Rares/Ingots/DecoIronIngot2.cs:
    CS0219: Line 30: The variable `version' is assigned but its value is never used
 + ../../Source/Scripts/Items/Special/Rares/Ingots/DecoIronIngots2.cs:
    CS0219: Line 30: The variable `version' is assigned but its value is never used
 + ../../Source/Scripts/Items/Special/Rares/Ingots/DecoSilverIngots2.cs:
    CS0219: Line 30: The variable `version' is assigned but its value is never used
 + ../../Source/Scripts/Items/Special/Rares/Ingots/DecoIronIngots3.cs:
    CS0219: Line 30: The variable `version' is assigned but its value is never used
 + ../../Source/Scripts/Items/Special/Rares/Ingots/DecoGoldIngot.cs:
    CS0219: Line 30: The variable `version' is assigned but its value is never used
 + ../../Source/Scripts/Items/Special/Rares/Ingots/DecoGoldIngots4.cs:
    CS0219: Line 30: The variable `version' is assigned but its value is never used
 + ../../Source/Scripts/Items/Special/Rares/Ingots/DecoGoldIngots3.cs:
    CS0219: Line 30: The variable `version' is assigned but its value is never used
 + ../../Source/Scripts/Items/Special/Rares/Ingots/DecoIronIngot.cs:
    CS0219: Line 30: The variable `version' is assigned but its value is never used
 + ../../Source/Scripts/Items/Special/Rares/Ingots/DecoGoldIngot2.cs:
    CS0219: Line 30: The variable `version' is assigned but its value is never used
 + ../../Source/Scripts/Items/Special/Rares/Ingots/DecoSilverIngots5.cs:
    CS0219: Line 30: The variable `version' is assigned but its value is never used
 + ../../Source/Scripts/Items/Special/Rares/Ingots/DecoIronIngots4.cs:
    CS0219: Line 30: The variable `version' is assigned but its value is never used
 + ../../Source/Scripts/Items/Special/Rares/Ingots/DecoSilverIngots4.cs:
    CS0219: Line 30: The variable `version' is assigned but its value is never used
 + ../../Source/Scripts/Items/Special/Rares/Ingots/DecoSilverIngots.cs:
    CS0219: Line 30: The variable `version' is assigned but its value is never used
 + ../../Source/Scripts/Items/Special/Rares/Ingots/DecoIronIngots5.cs:
    CS0219: Line 30: The variable `version' is assigned but its value is never used
 + ../../Source/Scripts/Items/Special/Rares/Ingots/DecoGoldIngots2.cs:
    CS0219: Line 30: The variable `version' is assigned but its value is never used
 + ../../Source/Scripts/Items/Special/Rares/Ingots/DecoGoldIngots.cs:
    CS0219: Line 30: The variable `version' is assigned but its value is never used
 + ../../Source/Scripts/Items/Special/Rares/Ingots/DecoSilverIngot2.cs:
    CS0219: Line 30: The variable `version' is assigned but its value is never used
 + ../../Source/Scripts/Items/Special/Rares/Ingots/DecoSilverIngot.cs:
    CS0219: Line 30: The variable `version' is assigned but its value is never used
 + ../../Source/Scripts/Items/Special/Rares/Magic/DecoMagicalCrystal.cs:
    CS0219: Line 30: The variable `version' is assigned but its value is never used
 + ../../Source/Scripts/Items/Special/Rares/Magic/DecoCrystalBall.cs:
    CS0219: Line 30: The variable `version' is assigned but its value is never used
 + ../../Source/Scripts/Items/Special/Rares/Stables/DecoHay.cs:
    CS0219: Line 30: The variable `version' is assigned but its value is never used
 + ../../Source/Scripts/Items/Special/Rares/Stables/Bridle2.cs:
    CS0219: Line 30: The variable `version' is assigned but its value is never used
 + ../../Source/Scripts/Items/Special/Rares/Stables/DecoHay2.cs:
    CS0219: Line 30: The variable `version' is assigned but its value is never used
 + ../../Source/Scripts/Items/Special/Rares/Stables/DecoHorseDung.cs:
    CS0219: Line 30: The variable `version' is assigned but its value is never used
 + ../../Source/Scripts/Items/Special/Rares/Stables/Bridle.cs:
    CS0219: Line 30: The variable `version' is assigned but its value is never used
 + ../../Source/Scripts/Items/Special/Rares/Flowers/DecoFlower.cs:
    CS0219: Line 32: The variable `version' is assigned but its value is never used
 + ../../Source/Scripts/Items/Special/Rares/Flowers/DecoFlower2.cs:
    CS0219: Line 32: The variable `version' is assigned but its value is never used
 + ../../Source/Scripts/Items/Special/Rares/Flowers/DecoRoseOfTrinsic.cs:
    CS0219: Line 32: The variable `version' is assigned but its value is never used
 + ../../Source/Scripts/Items/Special/Rares/Flowers/DecoRoseOfTrinsic3.cs:
    CS0219: Line 32: The variable `version' is assigned but its value is never used
 + ../../Source/Scripts/Items/Special/Rares/Flowers/DecoRoseOfTrinsic2.cs:
    CS0219: Line 32: The variable `version' is assigned but its value is never used
 + ../../Source/Scripts/Items/Special/Rares/Daily/DecoRocks.cs:
    CS0219: Line 30: The variable `version' is assigned but its value is never used
 + ../../Source/Scripts/Items/Special/Rares/Daily/DecoRock2.cs:
    CS0219: Line 30: The variable `version' is assigned but its value is never used
 + ../../Source/Scripts/Items/Special/Rares/Daily/DecoRocks2.cs:
    CS0219: Line 30: The variable `version' is assigned but its value is never used
 + ../../Source/Scripts/Items/Special/Rares/Daily/DecoRock.cs:
    CS0219: Line 30: The variable `version' is assigned but its value is never used
 + ../../Source/Scripts/Items/Special/Rares/Furniture/BrokenChair.cs:
    CS0219: Line 30: The variable `version' is assigned but its value is never used
 + ../../Source/Scripts/Items/Special/Rares/Food/Tray2.cs:
    CS0219: Line 30: The variable `version' is assigned but its value is never used
 + ../../Source/Scripts/Items/Special/Rares/Food/Trays.cs:
    CS0219: Line 30: The variable `version' is assigned but its value is never used
 + ../../Source/Scripts/Items/Special/Rares/Food/BottlesOfLiquor.cs:
    CS0219: Line 30: The variable `version' is assigned but its value is never used
 + ../../Source/Scripts/Items/Special/Rares/TarotCards/DecoTarot2.cs:
    CS0219: Line 46: The variable `version' is assigned but its value is never used
 + ../../Source/Scripts/Items/Special/Rares/TarotCards/DecoTarot6.cs:
    CS0219: Line 46: The variable `version' is assigned but its value is never used
 + ../../Source/Scripts/Items/Special/Rares/TarotCards/DecoTarot7.cs:
    CS0219: Line 46: The variable `version' is assigned but its value is never used
 + ../../Source/Scripts/Items/Special/Rares/TarotCards/DecoTarot3.cs:
    CS0219: Line 46: The variable `version' is assigned but its value is never used
 + ../../Source/Scripts/Items/Special/Rares/TarotCards/DecoTarot4.cs:
    CS0219: Line 46: The variable `version' is assigned but its value is never used
 + ../../Source/Scripts/Items/Special/Rares/TarotCards/DecoDeckOfTarot.cs:
    CS0219: Line 45: The variable `version' is assigned but its value is never used
    CS0219: Line 173: The variable `nameTitle' is assigned but its value is never used
 + ../../Source/Scripts/Items/Special/Rares/TarotCards/DecoTarot5.cs:
    CS0219: Line 46: The variable `version' is assigned but its value is never used
 + ../../Source/Scripts/Items/Special/Rares/TarotCards/DecoTarot.cs:
    CS0219: Line 46: The variable `version' is assigned but its value is never used
 + ../../Source/Scripts/Items/Special/Rares/TarotCards/DecoDeckOfTarot2.cs:
    CS0219: Line 46: The variable `version' is assigned but its value is never used
 + ../../Source/Scripts/Items/Special/Rares/Containers/WaterTub.cs:
    CS0219: Line 40: The variable `version' is assigned but its value is never used
 + ../../Source/Scripts/Items/Special/Rares/Containers/BaseWaterContainer.cs:
    CS0219: Line 98: The variable `version' is assigned but its value is never used
 + ../../Source/Scripts/Items/Special/Rares/Containers/HugeWaterTub.cs:
    CS0219: Line 61: The variable `version' is assigned but its value is never used
 + ../../Source/Scripts/Items/Special/Rares/Containers/Bucket.cs:
    CS0219: Line 40: The variable `version' is assigned but its value is never used
 + ../../Source/Scripts/Items/Special/Rares/Containers/WaterBarrel.cs:
    CS0219: Line 42: The variable `version' is assigned but its value is never used
 + ../../Source/Scripts/Items/Special/Rares/Containers/UnfinishedBarrel.cs:
    CS0219: Line 30: The variable `version' is assigned but its value is never used
 + ../../Source/Scripts/Items/Special/Rares/Containers/ClosedBarrel.cs:
    CS0219: Line 29: The variable `version' is assigned but its value is never used
 + ../../Source/Scripts/Items/Special/Broken Furniture Collection/BrokenCoveredChair.cs:
    CS0219: Line 29: The variable `version' is assigned but its value is never used
    CS0219: Line 58: The variable `version' is assigned but its value is never used
    CS0219: Line 113: The variable `version' is assigned but its value is never used
 + ../../Source/Scripts/Items/Special/Broken Furniture Collection/BrokenBookcase.cs:
    CS0219: Line 29: The variable `version' is assigned but its value is never used
    CS0219: Line 58: The variable `version' is assigned but its value is never used
    CS0219: Line 113: The variable `version' is assigned but its value is never used
 + ../../Source/Scripts/Items/Special/Broken Furniture Collection/StandingBrokenChair.cs:
    CS0219: Line 29: The variable `version' is assigned but its value is never used
    CS0219: Line 58: The variable `version' is assigned but its value is never used
    CS0219: Line 113: The variable `version' is assigned but its value is never used
 + ../../Source/Scripts/Items/Special/Broken Furniture Collection/BrokenBed.cs:
    CS0219: Line 46: The variable `version' is assigned but its value is never used
    CS0219: Line 119: The variable `version' is assigned but its value is never used
 + ../../Source/Scripts/Items/Special/Broken Furniture Collection/BrokenFallenChair.cs:
    CS0219: Line 29: The variable `version' is assigned but its value is never used
    CS0219: Line 58: The variable `version' is assigned but its value is never used
    CS0219: Line 113: The variable `version' is assigned but its value is never used
 + ../../Source/Scripts/Items/Special/Broken Furniture Collection/BrokenChestOfDrawers.cs:
    CS0219: Line 29: The variable `version' is assigned but its value is never used
    CS0219: Line 58: The variable `version' is assigned but its value is never used
    CS0219: Line 113: The variable `version' is assigned but its value is never used
 + ../../Source/Scripts/Items/Special/Broken Furniture Collection/BrokenArmoire.cs:
    CS0219: Line 29: The variable `version' is assigned but its value is never used
    CS0219: Line 58: The variable `version' is assigned but its value is never used
    CS0219: Line 113: The variable `version' is assigned but its value is never used
 + ../../Source/Scripts/Items/Special/Broken Furniture Collection/BrokenVanity.cs:
    CS0219: Line 42: The variable `version' is assigned but its value is never used
    CS0219: Line 115: The variable `version' is assigned but its value is never used
 + ../../Source/Scripts/Items/Special/Items/HangingSkeleton.cs:
    CS0219: Line 73: The variable `version' is assigned but its value is never used
    CS0219: Line 144: The variable `version' is assigned but its value is never used
 + ../../Source/Scripts/Items/Special/Items/BloodyPentagram.cs:
    CS0219: Line 34: The variable `version' is assigned but its value is never used
    CS0219: Line 123: The variable `version' is assigned but its value is never used
    CS0219: Line 179: The variable `version' is assigned but its value is never used
 + ../../Source/Scripts/Items/Special/Items/PottedCactus.cs:
    CS0219: Line 108: The variable `version' is assigned but its value is never used
 + ../../Source/Scripts/Items/Special/Items/WallBanner.cs:
    CS0219: Line 36: The variable `version' is assigned but its value is never used
    CS0219: Line 253: The variable `version' is assigned but its value is never used
    CS0219: Line 326: The variable `version' is assigned but its value is never used
 + ../../Source/Scripts/Items/Special/Items/WeaponEngravingTool.cs:
    CS0219: Line 106: The variable `version' is assigned but its value is never used
 + ../../Source/Scripts/Items/Special/Items/Banner.cs:
    CS0219: Line 61: The variable `version' is assigned but its value is never used
    CS0219: Line 142: The variable `version' is assigned but its value is never used
 + ../../Source/Scripts/Items/Special/Items/Brazier.cs:
    CS0219: Line 114: The variable `version' is assigned but its value is never used
    CS0219: Line 168: The variable `version' is assigned but its value is never used
 + ../../Source/Scripts/Items/Special/Items/StoneAnkh.cs:
    CS0219: Line 33: The variable `version' is assigned but its value is never used
    CS0219: Line 98: The variable `version' is assigned but its value is never used
    CS0219: Line 168: The variable `version' is assigned but its value is never used
 + ../../Source/Scripts/Items/Special/Items/FlamingHead.cs:
    CS0219: Line 63: The variable `version' is assigned but its value is never used
    CS0219: Line 164: The variable `version' is assigned but its value is never used
 + ../../Source/Scripts/Items/Special/Items/DecorativeShield.cs:
    CS0219: Line 72: The variable `version' is assigned but its value is never used
    CS0219: Line 137: The variable `version' is assigned but its value is never used
    CS0414: Line 160: The private field `Server.Items.DecorativeShieldDeed.InternalGump.m_Page' is assigned but its value is never used
 + ../../Source/Scripts/Items/Special/TormentedChains.cs:
    CS0219: Line 32: The variable `version' is assigned but its value is never used
 + ../../Source/Scripts/Items/Special/WizardsStatue.cs:
    CS0219: Line 51: The variable `version' is assigned but its value is never used
 + ../../Source/Scripts/Items/Special/CharacterStatue.cs:
    CS0219: Line 239: The variable `version' is assigned but its value is never used
    CS0219: Line 537: The variable `version' is assigned but its value is never used
    CS0219: Line 909: The variable `version' is assigned but its value is never used
    CS0219: Line 943: The variable `version' is assigned but its value is never used
    CS0219: Line 969: The variable `version' is assigned but its value is never used
    CS0219: Line 995: The variable `version' is assigned but its value is never used
    CS0219: Line 1059: The variable `version' is assigned but its value is never used
 + ../../Source/Scripts/Items/Special/ValentinesCard.cs:
    CS0219: Line 116: The variable `version' is assigned but its value is never used
    CS0219: Line 150: The variable `version' is assigned but its value is never used
    CS0219: Line 178: The variable `version' is assigned but its value is never used
 + ../../Source/Scripts/Items/Special/RoseInAVase.cs:
    CS0219: Line 34: The variable `version' is assigned but its value is never used
 + ../../Source/Scripts/Items/Special/HearthOfHomeFire.cs:
    CS0219: Line 49: The variable `version' is assigned but its value is never used
    CS0219: Line 129: The variable `version' is assigned but its value is never used
 + ../../Source/Scripts/Items/Special/FountainOfLife.cs:
    CS0219: Line 47: The variable `version' is assigned but its value is never used
    CS0219: Line 160: The variable `version' is assigned but its value is never used
    CS0219: Line 246: The variable `version' is assigned but its value is never used
 + ../../Source/Scripts/Items/Special/RewardCake.cs:
    CS0219: Line 46: The variable `version' is assigned but its value is never used
 + ../../Source/Scripts/Items/Special/SlaversNet.cs:
    CS0219: Line 162: The variable `version' is assigned but its value is never used
 + ../../Source/Scripts/Items/Special/DrakkhenEgg.cs:
    CS0219: Line 114: The variable `version' is assigned but its value is never used
    CS0219: Line 250: The variable `version' is assigned but its value is never used
 + ../../Source/Scripts/Items/Special/Talismans.cs:
    CS0219: Line 46: The variable `version' is assigned but its value is never used
    CS0219: Line 100: The variable `version' is assigned but its value is never used
    CS0219: Line 128: The variable `version' is assigned but its value is never used
    CS0219: Line 156: The variable `version' is assigned but its value is never used
    CS0219: Line 184: The variable `version' is assigned but its value is never used
 + ../../Source/Scripts/Items/Special/OrbOfTheAbyss.cs:
    CS0219: Line 94: The variable `version' is assigned but its value is never used
 + ../../Source/Scripts/Items/Special/RoseOfTrinsic.cs:
    CS0219: Line 154: The variable `version' is assigned but its value is never used
    CS0219: Line 220: The variable `version' is assigned but its value is never used
 + ../../Source/Scripts/Items/Special/BarbaricSatchel.cs:
    CS0219: Line 180: The variable `version' is assigned but its value is never used
 + ../../Source/Scripts/Items/Special/DragonOrbStatue.cs:
    CS0219: Line 47: The variable `version' is assigned but its value is never used
 + ../../Source/Scripts/Items/Special/AlternateRealityMap.cs:
    CS0219: Line 82: The variable `version' is assigned but its value is never used
 + ../../Source/Scripts/Items/Special/DemonPrison.cs:
    CS0219: Line 180: The variable `version' is assigned but its value is never used
    CS0219: Line 585: The variable `version' is assigned but its value is never used
    CS0219: Line 662: The variable `iRusted' is assigned but its value is never used
    CS0219: Line 684: The variable `iRusted' is assigned but its value is never used
 + ../../Source/Scripts/Items/Special/RedVelvetGiftBox.cs:
    CS0219: Line 62: The variable `version' is assigned but its value is never used
 + ../../Source/Scripts/Items/Special/TapestryOfSosaria.cs:
    CS0219: Line 78: The variable `version' is assigned but its value is never used
 + ../../Source/Scripts/Items/Special/DragonEgg.cs:
    CS0219: Line 112: The variable `version' is assigned but its value is never used
 + ../../Source/Scripts/Items/Special/GrizzledMareStatuette.cs:
    CS0219: Line 33: The variable `version' is assigned but its value is never used
    CS0219: Line 73: The variable `version' is assigned but its value is never used
 + ../../Source/Scripts/Items/Special/BaseImprisonedMobile.cs:
    CS0219: Line 40: The variable `version' is assigned but its value is never used
 + ../../Source/Scripts/Items/Special/DragonPedStatue.cs:
    CS0219: Line 119: The variable `version' is assigned but its value is never used
 + ../../Source/Scripts/Items/Special/MinotaurHedge.cs:
    CS0219: Line 32: The variable `version' is assigned but its value is never used
 + ../../Source/Scripts/Items/Special/DracolichSkull.cs:
    CS0219: Line 111: The variable `version' is assigned but its value is never used
 + ../../Source/Scripts/Items/Special/SoulStone.cs:
    CS0219: Line 1025: The variable `version' is assigned but its value is never used
 + ../../Source/Scripts/Items/Sharpening/SharpeningStones/ConsecratedSharpeningStone.cs:
    CS0219: Line 68: The variable `version' is assigned but its value is never used
 + ../../Source/Scripts/Items/Sharpening/SharpeningStones/ElementalSharpeningStone.cs:
    CS0219: Line 61: The variable `version' is assigned but its value is never used
 + ../../Source/Scripts/Items/Sharpening/SharpeningStones/DamageIncreaseSharpeningStoneBase.cs:
    CS0219: Line 58: The variable `version' is assigned but its value is never used
 + ../../Source/Scripts/Items/Sharpening/SharpeningStones/HeavySharpeningStone.cs:
    CS0219: Line 52: The variable `version' is assigned but its value is never used
 + ../../Source/Scripts/Items/Sharpening/SharpeningStones/SharpeningStoneBase.cs:
    CS0219: Line 143: The variable `sr_Owner' is assigned but its value is never used
 + ../../Source/Scripts/Items/Sharpening/SharpeningStones/DenseSharpeningStone.cs:
    CS0219: Line 52: The variable `version' is assigned but its value is never used
 + ../../Source/Scripts/Items/Sharpening/SharpeningStones/RoughSharpeningStone.cs:
    CS0219: Line 52: The variable `version' is assigned but its value is never used
 + ../../Source/Scripts/Items/Sharpening/WeightingStones/RoughWeightingStone.cs:
    CS0219: Line 52: The variable `version' is assigned but its value is never used
 + ../../Source/Scripts/Items/Sharpening/WeightingStones/ElementalWeightingStone.cs:
    CS0219: Line 61: The variable `version' is assigned but its value is never used
 + ../../Source/Scripts/Items/Sharpening/WeightingStones/DenseWeightingStone.cs:
    CS0219: Line 52: The variable `version' is assigned but its value is never used
 + ../../Source/Scripts/Items/Sharpening/WeightingStones/WeightingStoneBase.cs:
    CS0219: Line 143: The variable `sr_Owner' is assigned but its value is never used
 + ../../Source/Scripts/Items/Sharpening/WeightingStones/ConsecratedWeightingStone.cs:
    CS0219: Line 68: The variable `version' is assigned but its value is never used
 + ../../Source/Scripts/Items/Sharpening/WeightingStones/DamageIncreaseWeightingStoneBase.cs:
    CS0219: Line 58: The variable `version' is assigned but its value is never used
 + ../../Source/Scripts/Items/Sharpening/WeightingStones/HeavyWeightingStone.cs:
    CS0219: Line 52: The variable `version' is assigned but its value is never used
 + ../../Source/Scripts/Items/Sharpening/BowStrings/RoughBowString.cs:
    CS0219: Line 52: The variable `version' is assigned but its value is never used
 + ../../Source/Scripts/Items/Sharpening/BowStrings/DenseBowString.cs:
    CS0219: Line 52: The variable `version' is assigned but its value is never used
 + ../../Source/Scripts/Items/Sharpening/BowStrings/ElementalBowString.cs:
    CS0219: Line 61: The variable `version' is assigned but its value is never used
 + ../../Source/Scripts/Items/Sharpening/BowStrings/HeavyBowString.cs:
    CS0219: Line 52: The variable `version' is assigned but its value is never used
 + ../../Source/Scripts/Items/Sharpening/BowStrings/DamageIncreaseBowStringBase.cs:
    CS0219: Line 58: The variable `version' is assigned but its value is never used
 + ../../Source/Scripts/Items/Sharpening/BowStrings/ConsecratedBowString.cs:
    CS0219: Line 68: The variable `version' is assigned but its value is never used
 + ../../Source/Scripts/Items/Instruments/Trumpet.cs:
    CS0219: Line 31: The variable `version' is assigned but its value is never used
 + ../../Source/Scripts/Items/Instruments/Tambourine.cs:
    CS0219: Line 28: The variable `version' is assigned but its value is never used
 + ../../Source/Scripts/Items/Instruments/MagicHorn.cs:
    CS0219: Line 30: The variable `version' is assigned but its value is never used
 + ../../Source/Scripts/Items/Instruments/Fiddle.cs:
    CS0219: Line 28: The variable `version' is assigned but its value is never used
 + ../../Source/Scripts/Items/Instruments/TambourineTassel.cs:
    CS0219: Line 28: The variable `version' is assigned but its value is never used
 + ../../Source/Scripts/Items/Instruments/Lute.cs:
    CS0219: Line 28: The variable `version' is assigned but its value is never used
 + ../../Source/Scripts/Items/Instruments/Drums.cs:
    CS0219: Line 28: The variable `version' is assigned but its value is never used
 + ../../Source/Scripts/Items/Instruments/Harp.cs:
    CS0219: Line 28: The variable `version' is assigned but its value is never used
 + ../../Source/Scripts/Items/Instruments/Pipes.cs:
    CS0219: Line 28: The variable `version' is assigned but its value is never used
 + ../../Source/Scripts/Items/Instruments/BambooFlute.cs:
    CS0219: Line 28: The variable `version' is assigned but its value is never used
 + ../../Source/Scripts/Items/Instruments/LapHarp.cs:
    CS0219: Line 28: The variable `version' is assigned but its value is never used
 + ../../Source/Scripts/Items/Trinkets/JewelryCirclet.cs:
    CS0219: Line 30: The variable `version' is assigned but its value is never used
 + ../../Source/Scripts/Items/Trinkets/TrinketTalisman.cs:
    CS0219: Line 267: The variable `version' is assigned but its value is never used
 + ../../Source/Scripts/Items/Trinkets/SavageTalisman.cs:
    CS0219: Line 66: The variable `version' is assigned but its value is never used
 + ../../Source/Scripts/Items/Trinkets/JewelryBracelet.cs:
    CS0219: Line 31: The variable `version' is assigned but its value is never used
 + ../../Source/Scripts/Items/Trinkets/MagicalWand.cs:
    CS0219: Line 88: The variable `version' is assigned but its value is never used
 + ../../Source/Scripts/Items/Trinkets/GuildRing.cs:
    CS0219: Line 154: The variable `version' is assigned but its value is never used
 + ../../Source/Scripts/Items/Trinkets/TrinketLantern.cs:
    CS0219: Line 62: The variable `version' is assigned but its value is never used
 + ../../Source/Scripts/Items/Trinkets/JewelryRing.cs:
    CS0219: Line 31: The variable `version' is assigned but its value is never used
 + ../../Source/Scripts/Items/Trinkets/JewelryNecklace.cs:
    CS0219: Line 31: The variable `version' is assigned but its value is never used
 + ../../Source/Scripts/Items/Trinkets/TrinketTorch.cs:
    CS0219: Line 62: The variable `version' is assigned but its value is never used
 + ../../Source/Scripts/Items/Trinkets/OldSwordTalisman.cs:
    CS0219: Line 81: The variable `version' is assigned but its value is never used
 + ../../Source/Scripts/Items/Trinkets/JewelryEarrings.cs:
    CS0219: Line 31: The variable `version' is assigned but its value is never used
 + ../../Source/Scripts/Items/Trinkets/TrinketCandle.cs:
    CS0219: Line 62: The variable `version' is assigned but its value is never used
 + ../../Source/Scripts/Items/Deeds/ClothingBlessDeed.cs:
    CS0219: Line 94: The variable `version' is assigned but its value is never used
 + ../../Source/Scripts/Items/Deeds/CommodityDeed.cs:
    CS0219: Line 146: The variable `version' is assigned but its value is never used
 + ../../Source/Scripts/Items/Deeds/NameChangeDeed.cs:
    CS0219: Line 36: The variable `version' is assigned but its value is never used
 + ../../Source/Scripts/Items/Deeds/BarkeepContract.cs:
    CS0219: Line 38: The variable `version' is assigned but its value is never used
 + ../../Source/Scripts/Items/Deeds/VendorRentalContract.cs:
    CS0219: Line 356: The variable `version' is assigned but its value is never used
 + ../../Source/Scripts/Items/Deeds/HairRestylingDeed.cs:
    CS0219: Line 36: The variable `version' is assigned but its value is never used
 + ../../Source/Scripts/Items/Explorers/Kindling.cs:
    CS0219: Line 41: The variable `version' is assigned but its value is never used
 + ../../Source/Scripts/Items/Explorers/StableStone.cs:
    CS0219: Line 64: The variable `mobile' is assigned but its value is never used
    CS0219: Line 448: The variable `version' is assigned but its value is never used
 + ../../Source/Scripts/Items/Explorers/Bedroll.cs:
    CS0219: Line 44: The variable `version' is assigned but its value is never used
 + ../../Source/Scripts/Items/Explorers/Campfire.cs:
    CS0219: Line 150: The variable `version' is assigned but its value is never used
 + ../../Source/Scripts/Items/Explorers/BedrolledOut.cs:
    CS0219: Line 128: The variable `version' is assigned but its value is never used
 + ../../Source/Scripts/Items/Explorers/CamperTent.cs:
    CS0219: Line 135: The variable `pc' is assigned but its value is never used
    CS0219: Line 160: The variable `pc' is assigned but its value is never used
 + ../../Source/Scripts/Items/Armor/Scaled/ScaledGorget.cs:
    CS0219: Line 48: The variable `version' is assigned but its value is never used
 + ../../Source/Scripts/Items/Armor/Scaled/ScalyBoots.cs:
    CS0219: Line 46: The variable `version' is assigned but its value is never used
 + ../../Source/Scripts/Items/Armor/Scaled/ScalyGorget.cs:
    CS0219: Line 48: The variable `version' is assigned but its value is never used
 + ../../Source/Scripts/Items/Armor/Scaled/DragonGloves.cs:
    CS0219: Line 49: The variable `version' is assigned but its value is never used
 + ../../Source/Scripts/Items/Armor/Scaled/DragonArms.cs:
    CS0219: Line 49: The variable `version' is assigned but its value is never used
 + ../../Source/Scripts/Items/Armor/Scaled/ScalemailShield.cs:
    CS0219: Line 39: The variable `version' is assigned but its value is never used
 + ../../Source/Scripts/Items/Armor/Scaled/ScalyLegs.cs:
    CS0219: Line 48: The variable `version' is assigned but its value is never used
 + ../../Source/Scripts/Items/Armor/Scaled/ScaledHelm.cs:
    CS0219: Line 48: The variable `version' is assigned but its value is never used
 + ../../Source/Scripts/Items/Armor/Scaled/DragonChest.cs:
    CS0219: Line 49: The variable `version' is assigned but its value is never used
 + ../../Source/Scripts/Items/Armor/Scaled/ScalyHelm.cs:
    CS0219: Line 46: The variable `version' is assigned but its value is never used
 + ../../Source/Scripts/Items/Armor/Scaled/ScaledShield.cs:
    CS0219: Line 40: The variable `version' is assigned but its value is never used
 + ../../Source/Scripts/Items/Armor/Scaled/DrakboneTunic.cs:
    CS0219: Line 52: The variable `version' is assigned but its value is never used
 + ../../Source/Scripts/Items/Armor/Scaled/ScaledChest.cs:
    CS0219: Line 48: The variable `version' is assigned but its value is never used
 + ../../Source/Scripts/Items/Armor/Scaled/ScalyChest.cs:
    CS0219: Line 48: The variable `version' is assigned but its value is never used
 + ../../Source/Scripts/Items/Armor/Scaled/DrakboneGreaves.cs:
    CS0219: Line 49: The variable `version' is assigned but its value is never used
 + ../../Source/Scripts/Items/Armor/Scaled/ScaledLegs.cs:
    CS0219: Line 48: The variable `version' is assigned but its value is never used
 + ../../Source/Scripts/Items/Armor/Scaled/DragonLegs.cs:
    CS0219: Line 49: The variable `version' is assigned but its value is never used
 + ../../Source/Scripts/Items/Armor/Scaled/DrakboneBracers.cs:
    CS0219: Line 52: The variable `version' is assigned but its value is never used
 + ../../Source/Scripts/Items/Armor/Scaled/DragonHelm.cs:
    CS0219: Line 49: The variable `version' is assigned but its value is never used
 + ../../Source/Scripts/Items/Armor/Scaled/ScaledArms.cs:
    CS0219: Line 48: The variable `version' is assigned but its value is never used
 + ../../Source/Scripts/Items/Armor/Scaled/ScalyGloves.cs:
    CS0219: Line 48: The variable `version' is assigned but its value is never used
 + ../../Source/Scripts/Items/Armor/Scaled/ScaledGloves.cs:
    CS0219: Line 48: The variable `version' is assigned but its value is never used
 + ../../Source/Scripts/Items/Armor/Scaled/DrakboneGuantlets.cs:
    CS0219: Line 52: The variable `version' is assigned but its value is never used
 + ../../Source/Scripts/Items/Armor/Scaled/ScalyArms.cs:
    CS0219: Line 48: The variable `version' is assigned but its value is never used
 + ../../Source/Scripts/Items/Armor/Ranger/RangerGorget.cs:
    CS0219: Line 50: The variable `version' is assigned but its value is never used
 + ../../Source/Scripts/Items/Armor/Ranger/RangerLegs.cs:
    CS0219: Line 51: The variable `version' is assigned but its value is never used
 + ../../Source/Scripts/Items/Armor/Ranger/RangerArms.cs:
    CS0219: Line 51: The variable `version' is assigned but its value is never used
 + ../../Source/Scripts/Items/Armor/Ranger/RangerChest.cs:
    CS0219: Line 51: The variable `version' is assigned but its value is never used
 + ../../Source/Scripts/Items/Armor/Ranger/RangerGloves.cs:
    CS0219: Line 51: The variable `version' is assigned but its value is never used
 + ../../Source/Scripts/Items/Armor/Shields/GuardsmanShield.cs:
    CS0219: Line 37: The variable `version' is assigned but its value is never used
 + ../../Source/Scripts/Items/Armor/Shields/BronzeShield.cs:
    CS0219: Line 37: The variable `version' is assigned but its value is never used
 + ../../Source/Scripts/Items/Armor/Shields/ElvenShield.cs:
    CS0219: Line 37: The variable `version' is assigned but its value is never used
 + ../../Source/Scripts/Items/Armor/Shields/SunShield.cs:
    CS0219: Line 36: The variable `version' is assigned but its value is never used
 + ../../Source/Scripts/Items/Armor/Shields/WoodenKiteShield.cs:
    CS0219: Line 38: The variable `version' is assigned but its value is never used
 + ../../Source/Scripts/Items/Armor/Shields/MetalKiteShield.cs:
    CS0219: Line 46: The variable `version' is assigned but its value is never used
 + ../../Source/Scripts/Items/Armor/Shields/DarkShield.cs:
    CS0219: Line 37: The variable `version' is assigned but its value is never used
 + ../../Source/Scripts/Items/Armor/Shields/Buckler.cs:
    CS0219: Line 36: The variable `version' is assigned but its value is never used
 + ../../Source/Scripts/Items/Armor/Shields/HeaterShield.cs:
    CS0219: Line 36: The variable `version' is assigned but its value is never used
 + ../../Source/Scripts/Items/Armor/Shields/BaseShield.cs:
    CS0219: Line 30: The variable `version' is assigned but its value is never used
 + ../../Source/Scripts/Items/Armor/Shields/RoyalShield.cs:
    CS0219: Line 24: The variable `version' is assigned but its value is never used
 + ../../Source/Scripts/Items/Armor/Shields/JeweledShield.cs:
    CS0219: Line 37: The variable `version' is assigned but its value is never used
 + ../../Source/Scripts/Items/Armor/Shields/ChaosShield.cs:
    CS0219: Line 35: The variable `version' is assigned but its value is never used
 + ../../Source/Scripts/Items/Armor/Shields/MetalShield.cs:
    CS0219: Line 36: The variable `version' is assigned but its value is never used
 + ../../Source/Scripts/Items/Armor/Shields/ChampionShield.cs:
    CS0219: Line 37: The variable `version' is assigned but its value is never used
 + ../../Source/Scripts/Items/Armor/Shields/OrderShield.cs:
    CS0219: Line 35: The variable `version' is assigned but its value is never used
 + ../../Source/Scripts/Items/Armor/Shields/WoodenShield.cs:
    CS0219: Line 38: The variable `version' is assigned but its value is never used
 + ../../Source/Scripts/Items/Armor/Shields/VirtueShield.cs:
    CS0219: Line 36: The variable `version' is assigned but its value is never used
 + ../../Source/Scripts/Items/Armor/Shields/CrestedShield.cs:
    CS0219: Line 37: The variable `version' is assigned but its value is never used
 + ../../Source/Scripts/Items/Armor/Helmets/Bascinet.cs:
    CS0219: Line 45: The variable `version' is assigned but its value is never used
 + ../../Source/Scripts/Items/Armor/Helmets/Helmet.cs:
    CS0219: Line 44: The variable `version' is assigned but its value is never used
 + ../../Source/Scripts/Items/Armor/Helmets/DreadHelm.cs:
    CS0219: Line 48: The variable `version' is assigned but its value is never used
 + ../../Source/Scripts/Items/Armor/Helmets/NorseHelm.cs:
    CS0219: Line 45: The variable `version' is assigned but its value is never used
 + ../../Source/Scripts/Items/Armor/Helmets/OniwabanHood.cs:
    CS0219: Line 28: The variable `version' is assigned but its value is never used
 + ../../Source/Scripts/Items/Armor/Helmets/CloseHelm.cs:
    CS0219: Line 44: The variable `version' is assigned but its value is never used
 + ../../Source/Scripts/Items/Armor/Plate/LightPlateJingasa.cs:
    CS0219: Line 44: The variable `version' is assigned but its value is never used
 + ../../Source/Scripts/Items/Armor/Plate/PlateChest.cs:
    CS0219: Line 48: The variable `version' is assigned but its value is never used
 + ../../Source/Scripts/Items/Armor/Plate/HeavyPlateJingasa.cs:
    CS0219: Line 44: The variable `version' is assigned but its value is never used
 + ../../Source/Scripts/Items/Armor/Plate/PlateGorget.cs:
    CS0219: Line 46: The variable `version' is assigned but its value is never used
 + ../../Source/Scripts/Items/Armor/Plate/PlateSkirt.cs:
    CS0219: Line 48: The variable `version' is assigned but its value is never used
 + ../../Source/Scripts/Items/Armor/Plate/StandardPlateKabuto.cs:
    CS0219: Line 44: The variable `version' is assigned but its value is never used
 + ../../Source/Scripts/Items/Armor/Plate/PlateArms.cs:
    CS0219: Line 48: The variable `version' is assigned but its value is never used
 + ../../Source/Scripts/Items/Armor/Plate/PlateDo.cs:
    CS0219: Line 44: The variable `version' is assigned but its value is never used
 + ../../Source/Scripts/Items/Armor/Plate/PlateLegs.cs:
    CS0219: Line 48: The variable `version' is assigned but its value is never used
 + ../../Source/Scripts/Items/Armor/Plate/PlateHiroSode.cs:
    CS0219: Line 44: The variable `version' is assigned but its value is never used
 + ../../Source/Scripts/Items/Armor/Plate/PlateHaidate.cs:
    CS0219: Line 44: The variable `version' is assigned but its value is never used
 + ../../Source/Scripts/Items/Armor/Plate/PlateBattleKabuto.cs:
    CS0219: Line 44: The variable `version' is assigned but its value is never used
 + ../../Source/Scripts/Items/Armor/Plate/DecorativePlateKabuto.cs:
    CS0219: Line 44: The variable `version' is assigned but its value is never used
 + ../../Source/Scripts/Items/Armor/Plate/PlateHelm.cs:
    CS0219: Line 48: The variable `version' is assigned but its value is never used
 + ../../Source/Scripts/Items/Armor/Plate/PlateHatsuburi.cs:
    CS0219: Line 44: The variable `version' is assigned but its value is never used
 + ../../Source/Scripts/Items/Armor/Plate/PlateSuneate.cs:
    CS0219: Line 44: The variable `version' is assigned but its value is never used
 + ../../Source/Scripts/Items/Armor/Plate/PlateGloves.cs:
    CS0219: Line 47: The variable `version' is assigned but its value is never used
 + ../../Source/Scripts/Items/Armor/Plate/PlateMempo.cs:
    CS0219: Line 44: The variable `version' is assigned but its value is never used
 + ../../Source/Scripts/Items/Armor/Plate/SmallPlateJingasa.cs:
    CS0219: Line 44: The variable `version' is assigned but its value is never used
 + ../../Source/Scripts/Items/Armor/Plate/FemalePlateChest.cs:
    CS0219: Line 49: The variable `version' is assigned but its value is never used
 + ../../Source/Scripts/Items/Armor/Chain/ChainChest.cs:
    CS0219: Line 48: The variable `version' is assigned but its value is never used
 + ../../Source/Scripts/Items/Armor/Chain/ChainSkirt.cs:
    CS0219: Line 47: The variable `version' is assigned but its value is never used
 + ../../Source/Scripts/Items/Armor/Chain/ChainCoif.cs:
    CS0219: Line 46: The variable `version' is assigned but its value is never used
 + ../../Source/Scripts/Items/Armor/Chain/ChainHatsuburi.cs:
    CS0219: Line 44: The variable `version' is assigned but its value is never used
 + ../../Source/Scripts/Items/Armor/Chain/ChainLegs.cs:
    CS0219: Line 48: The variable `version' is assigned but its value is never used
 + ../../Source/Scripts/Items/Armor/Glasses/PoisonedGlasses.cs:
    CS0219: Line 39: The variable `version' is assigned but its value is never used
 + ../../Source/Scripts/Items/Armor/Glasses/LyricalGlasses.cs:
    CS0219: Line 40: The variable `version' is assigned but its value is never used
 + ../../Source/Scripts/Items/Armor/Glasses/FoldedSteelGlasses.cs:
    CS0219: Line 40: The variable `version' is assigned but its value is never used
 + ../../Source/Scripts/Items/Armor/Glasses/MaritimeGlasses.cs:
    CS0219: Line 40: The variable `version' is assigned but its value is never used
 + ../../Source/Scripts/Items/Armor/Glasses/NecromanticGlasses.cs:
    CS0219: Line 39: The variable `version' is assigned but its value is never used
 + ../../Source/Scripts/Items/Armor/Glasses/MaceShieldGlasses.cs:
    CS0219: Line 40: The variable `version' is assigned but its value is never used
 + ../../Source/Scripts/Items/Armor/Glasses/WizardsGlasses.cs:
    CS0219: Line 40: The variable `version' is assigned but its value is never used
 + ../../Source/Scripts/Items/Armor/Glasses/ElvenGlasses.cs:
    CS0219: Line 137: The variable `version' is assigned but its value is never used
 + ../../Source/Scripts/Items/Armor/Glasses/LightOfWayGlasses.cs:
    CS0219: Line 40: The variable `version' is assigned but its value is never used
 + ../../Source/Scripts/Items/Armor/Glasses/TradeGlasses.cs:
    CS0219: Line 39: The variable `version' is assigned but its value is never used
 + ../../Source/Scripts/Items/Armor/Glasses/TreasureTrinketGlasses.cs:
    CS0219: Line 40: The variable `version' is assigned but its value is never used
 + ../../Source/Scripts/Items/Armor/Glasses/AnthropomorphistGlasses.cs:
    CS0219: Line 40: The variable `version' is assigned but its value is never used
 + ../../Source/Scripts/Items/Armor/Glasses/ArtsGlasses.cs:
    CS0219: Line 40: The variable `version' is assigned but its value is never used
 + ../../Source/Scripts/Items/Armor/Leather/LeatherNinjaHood.cs:
    CS0219: Line 47: The variable `version' is assigned but its value is never used
 + ../../Source/Scripts/Items/Armor/Leather/LeatherHiroSode.cs:
    CS0219: Line 47: The variable `version' is assigned but its value is never used
 + ../../Source/Scripts/Items/Armor/Leather/LeatherChest.cs:
    CS0219: Line 60: The variable `version' is assigned but its value is never used
 + ../../Source/Scripts/Items/Armor/Leather/LeatherNinjaJacket.cs:
    CS0219: Line 47: The variable `version' is assigned but its value is never used
 + ../../Source/Scripts/Items/Armor/Leather/HideChest.cs:
    CS0219: Line 48: The variable `version' is assigned but its value is never used
 + ../../Source/Scripts/Items/Armor/Leather/LeatherSkirt.cs:
    CS0219: Line 53: The variable `version' is assigned but its value is never used
 + ../../Source/Scripts/Items/Armor/Leather/LeatherBustierArms.cs:
    CS0219: Line 50: The variable `version' is assigned but its value is never used
 + ../../Source/Scripts/Items/Armor/Leather/LeatherCap.cs:
    CS0219: Line 48: The variable `version' is assigned but its value is never used
 + ../../Source/Scripts/Items/Armor/Leather/LeatherLegs.cs:
    CS0219: Line 48: The variable `version' is assigned but its value is never used
 + ../../Source/Scripts/Items/Armor/Leather/FemaleLeatherChest.cs:
    CS0219: Line 50: The variable `version' is assigned but its value is never used
 + ../../Source/Scripts/Items/Armor/Leather/OniwabanGloves.cs:
    CS0219: Line 28: The variable `version' is assigned but its value is never used
 + ../../Source/Scripts/Items/Armor/Leather/HikingBoots.cs:
    CS0219: Line 67: The variable `version' is assigned but its value is never used
 + ../../Source/Scripts/Items/Armor/Leather/LeatherBoots.cs:
    CS0219: Line 50: The variable `version' is assigned but its value is never used
    CS0219: Line 99: The variable `version' is assigned but its value is never used
    CS0219: Line 148: The variable `version' is assigned but its value is never used
    CS0219: Line 197: The variable `version' is assigned but its value is never used
    CS0219: Line 249: The variable `version' is assigned but its value is never used
 + ../../Source/Scripts/Items/Armor/Leather/LeatherJingasa.cs:
    CS0219: Line 47: The variable `version' is assigned but its value is never used
 + ../../Source/Scripts/Items/Armor/Leather/ShinobiGarb.cs:
    CS0219: Line 50: The variable `version' is assigned but its value is never used
    CS0219: Line 98: The variable `version' is assigned but its value is never used
    CS0219: Line 146: The variable `version' is assigned but its value is never used
    CS0219: Line 194: The variable `version' is assigned but its value is never used
 + ../../Source/Scripts/Items/Armor/Leather/LeatherNinjaPants.cs:
    CS0219: Line 47: The variable `version' is assigned but its value is never used
 + ../../Source/Scripts/Items/Armor/Leather/LeatherShorts.cs:
    CS0219: Line 50: The variable `version' is assigned but its value is never used
 + ../../Source/Scripts/Items/Armor/Leather/LeatherHaidate.cs:
    CS0219: Line 47: The variable `version' is assigned but its value is never used
 + ../../Source/Scripts/Items/Armor/Leather/FemaleLeafChest.cs:
    CS0219: Line 52: The variable `version' is assigned but its value is never used
 + ../../Source/Scripts/Items/Armor/Leather/LeatherGorget.cs:
    CS0219: Line 47: The variable `version' is assigned but its value is never used
 + ../../Source/Scripts/Items/Armor/Leather/LeatherDo.cs:
    CS0219: Line 47: The variable `version' is assigned but its value is never used
 + ../../Source/Scripts/Items/Armor/Leather/OniwabanBoots.cs:
    CS0219: Line 28: The variable `version' is assigned but its value is never used
 + ../../Source/Scripts/Items/Armor/Leather/OniwabanLeggings.cs:
    CS0219: Line 28: The variable `version' is assigned but its value is never used
 + ../../Source/Scripts/Items/Armor/Leather/OniwabanTunic.cs:
    CS0219: Line 28: The variable `version' is assigned but its value is never used
 + ../../Source/Scripts/Items/Armor/Leather/LeatherSuneate.cs:
    CS0219: Line 47: The variable `version' is assigned but its value is never used
 + ../../Source/Scripts/Items/Armor/Leather/LeatherGarb.cs:
    CS0219: Line 51: The variable `version' is assigned but its value is never used
    CS0219: Line 100: The variable `version' is assigned but its value is never used
 + ../../Source/Scripts/Items/Armor/Leather/LeatherArms.cs:
    CS0219: Line 48: The variable `version' is assigned but its value is never used
 + ../../Source/Scripts/Items/Armor/Leather/LeatherMempo.cs:
    CS0219: Line 47: The variable `version' is assigned but its value is never used
 + ../../Source/Scripts/Items/Armor/Ring/RingmailLegs.cs:
    CS0219: Line 47: The variable `version' is assigned but its value is never used
 + ../../Source/Scripts/Items/Armor/Ring/RingmailGloves.cs:
    CS0219: Line 47: The variable `version' is assigned but its value is never used
 + ../../Source/Scripts/Items/Armor/Ring/RingmailSkirt.cs:
    CS0219: Line 54: The variable `version' is assigned but its value is never used
 + ../../Source/Scripts/Items/Armor/Ring/RingmailChest.cs:
    CS0219: Line 47: The variable `version' is assigned but its value is never used
 + ../../Source/Scripts/Items/Armor/Ring/RingmailArms.cs:
    CS0219: Line 47: The variable `version' is assigned but its value is never used
 + ../../Source/Scripts/Items/Armor/Royal/RoyalChest.cs:
    CS0219: Line 30: The variable `version' is assigned but its value is never used
 + ../../Source/Scripts/Items/Armor/Royal/RoyalArms.cs:
    CS0219: Line 30: The variable `version' is assigned but its value is never used
 + ../../Source/Scripts/Items/Armor/Royal/RoyalGloves.cs:
    CS0219: Line 30: The variable `version' is assigned but its value is never used
 + ../../Source/Scripts/Items/Armor/Royal/RoyalBoots.cs:
    CS0219: Line 31: The variable `version' is assigned but its value is never used
 + ../../Source/Scripts/Items/Armor/Royal/RoyalHelm.cs:
    CS0219: Line 30: The variable `version' is assigned but its value is never used
 + ../../Source/Scripts/Items/Armor/Royal/RoyalLegs.cs:
    CS0219: Line 30: The variable `version' is assigned but its value is never used
 + ../../Source/Scripts/Items/Armor/Royal/RoyalGorget.cs:
    CS0219: Line 30: The variable `version' is assigned but its value is never used
 + ../../Source/Scripts/Items/Armor/Studded/StuddedSuneate.cs:
    CS0219: Line 45: The variable `version' is assigned but its value is never used
 + ../../Source/Scripts/Items/Armor/Studded/StuddedBustierArms.cs:
    CS0219: Line 50: The variable `version' is assigned but its value is never used
 + ../../Source/Scripts/Items/Armor/Studded/StuddedMempo.cs:
    CS0219: Line 45: The variable `version' is assigned but its value is never used
 + ../../Source/Scripts/Items/Armor/Studded/StuddedGorget.cs:
    CS0219: Line 47: The variable `version' is assigned but its value is never used
 + ../../Source/Scripts/Items/Armor/Studded/StuddedHaidate.cs:
    CS0219: Line 45: The variable `version' is assigned but its value is never used
 + ../../Source/Scripts/Items/Armor/Studded/StuddedHideChest.cs:
    CS0219: Line 48: The variable `version' is assigned but its value is never used
 + ../../Source/Scripts/Items/Armor/Studded/StuddedLegs.cs:
    CS0219: Line 48: The variable `version' is assigned but its value is never used
 + ../../Source/Scripts/Items/Armor/Studded/AnimalCaps.cs:
    CS0219: Line 48: The variable `version' is assigned but its value is never used
    CS0219: Line 94: The variable `version' is assigned but its value is never used
    CS0219: Line 140: The variable `version' is assigned but its value is never used
    CS0219: Line 186: The variable `version' is assigned but its value is never used
 + ../../Source/Scripts/Items/Armor/Studded/StuddedDo.cs:
    CS0219: Line 45: The variable `version' is assigned but its value is never used
 + ../../Source/Scripts/Items/Armor/Studded/FemaleStuddedChest.cs:
    CS0219: Line 50: The variable `version' is assigned but its value is never used
 + ../../Source/Scripts/Items/Armor/Studded/StuddedSkirt.cs:
    CS0219: Line 49: The variable `version' is assigned but its value is never used
 + ../../Source/Scripts/Items/Armor/Studded/StuddedArms.cs:
    CS0219: Line 48: The variable `version' is assigned but its value is never used
 + ../../Source/Scripts/Items/Armor/Studded/StuddedGloves.cs:
    CS0219: Line 48: The variable `version' is assigned but its value is never used
 + ../../Source/Scripts/Items/Armor/Studded/StuddedHiroSode.cs:
    CS0219: Line 45: The variable `version' is assigned but its value is never used
 + ../../Source/Scripts/Items/Armor/Studded/StuddedChest.cs:
    CS0219: Line 59: The variable `version' is assigned but its value is never used
 + ../../Source/Scripts/Items/Armor/WoodenArmor.cs:
    CS0219: Line 50: The variable `version' is assigned but its value is never used
    CS0219: Line 97: The variable `version' is assigned but its value is never used
    CS0219: Line 144: The variable `version' is assigned but its value is never used
    CS0219: Line 191: The variable `version' is assigned but its value is never used
    CS0219: Line 238: The variable `version' is assigned but its value is never used
    CS0219: Line 285: The variable `version' is assigned but its value is never used
 + ../../Source/Scripts/Items/Armor/BaseArmor.cs:
    CS0219: Line 867: The variable `nol' is assigned but its value is never used
    CS0219: Line 1044: The variable `mat' is assigned but its value is never used
 + ../../Source/Scripts/Items/Quivers/ElvenQuiver.cs:
    CS0219: Line 31: The variable `version' is assigned but its value is never used
 + ../../Source/Scripts/Items/Quivers/ArcherQuiver.cs:
    CS0219: Line 28: The variable `version' is assigned but its value is never used
 + ../../Source/Scripts/Items/Quivers/BaseQuiver.cs:
    CS0219: Line 634: The variable `nil' is assigned but its value is never used
 + ../../Source/Scripts/Items/Food/Farming/FarmableCorn.cs:
    CS0219: Line 46: The variable `version' is assigned but its value is never used
    CS0219: Line 79: The variable `version' is assigned but its value is never used
 + ../../Source/Scripts/Items/Food/Farming/FarmableTomato.cs:
    CS0219: Line 46: The variable `version' is assigned but its value is never used
    CS0219: Line 80: The variable `version' is assigned but its value is never used
 + ../../Source/Scripts/Items/Food/Farming/FarmableCarrot.cs:
    CS0219: Line 46: The variable `version' is assigned but its value is never used
 + ../../Source/Scripts/Items/Food/Farming/FarmableLettuce.cs:
    CS0219: Line 46: The variable `version' is assigned but its value is never used
 + ../../Source/Scripts/Items/Food/Farming/FarmablePumpkin.cs:
    CS0219: Line 44: The variable `version' is assigned but its value is never used
    CS0219: Line 84: The variable `version' is assigned but its value is never used
    CS0219: Line 124: The variable `version' is assigned but its value is never used
    CS0219: Line 164: The variable `version' is assigned but its value is never used
    CS0219: Line 204: The variable `version' is assigned but its value is never used
 + ../../Source/Scripts/Items/Food/Farming/FarmableTurnip.cs:
    CS0219: Line 46: The variable `version' is assigned but its value is never used
 + ../../Source/Scripts/Items/Food/Farming/FarmableWatermelon.cs:
    CS0219: Line 44: The variable `version' is assigned but its value is never used
 + ../../Source/Scripts/Items/Food/Farming/FarmableWheat.cs:
    CS0219: Line 45: The variable `version' is assigned but its value is never used
 + ../../Source/Scripts/Items/Food/Farming/FarmableOnion.cs:
    CS0219: Line 46: The variable `version' is assigned but its value is never used
 + ../../Source/Scripts/Items/Food/Farming/FarmableCabbage.cs:
    CS0219: Line 46: The variable `version' is assigned but its value is never used
 + ../../Source/Scripts/Items/Food/Farming/FarmableFlax.cs:
    CS0219: Line 45: The variable `version' is assigned but its value is never used
 + ../../Source/Scripts/Items/Food/Farming/FarmableCotton.cs:
    CS0219: Line 45: The variable `version' is assigned but its value is never used
 + ../../Source/Scripts/Items/Food/TastyHeart.cs:
    CS0219: Line 126: The variable `version' is assigned but its value is never used
 + ../../Source/Scripts/Items/Food/Bowls.cs:
    CS0219: Line 28: The variable `version' is assigned but its value is never used
    CS0219: Line 55: The variable `version' is assigned but its value is never used
    CS0219: Line 93: The variable `version' is assigned but its value is never used
    CS0219: Line 131: The variable `version' is assigned but its value is never used
    CS0219: Line 169: The variable `version' is assigned but its value is never used
    CS0219: Line 207: The variable `version' is assigned but its value is never used
    CS0219: Line 245: The variable `version' is assigned but its value is never used
    CS0219: Line 283: The variable `version' is assigned but its value is never used
    CS0219: Line 321: The variable `version' is assigned but its value is never used
    CS0219: Line 359: The variable `version' is assigned but its value is never used
    CS0219: Line 397: The variable `version' is assigned but its value is never used
    CS0219: Line 425: The variable `version' is assigned but its value is never used
    CS0219: Line 453: The variable `version' is assigned but its value is never used
    CS0219: Line 491: The variable `version' is assigned but its value is never used
    CS0219: Line 529: The variable `version' is assigned but its value is never used
 + ../../Source/Scripts/Items/Food/Cooking.cs:
    CS0219: Line 151: The variable `version' is assigned but its value is never used
    CS0219: Line 254: The variable `version' is assigned but its value is never used
    CS0219: Line 322: The variable `version' is assigned but its value is never used
    CS0219: Line 350: The variable `version' is assigned but its value is never used
    CS0219: Line 589: The variable `version' is assigned but its value is never used
    CS0219: Line 652: The variable `version' is assigned but its value is never used
 + ../../Source/Scripts/Items/Food/BloodDrink.cs:
    CS0219: Line 83: The variable `version' is assigned but its value is never used
 + ../../Source/Scripts/Items/Food/BakedBread.cs:
    CS0219: Line 109: The variable `version' is assigned but its value is never used
 + ../../Source/Scripts/Items/Food/FreshBrain.cs:
    CS0219: Line 81: The variable `version' is assigned but its value is never used
 + ../../Source/Scripts/Items/Food/Vegetables.cs:
    CS0219: Line 35: The variable `version' is assigned but its value is never used
    CS0219: Line 68: The variable `version' is assigned but its value is never used
    CS0219: Line 101: The variable `version' is assigned but its value is never used
    CS0219: Line 134: The variable `version' is assigned but its value is never used
    CS0219: Line 207: The variable `version' is assigned but its value is never used
    CS0219: Line 238: The variable `version' is assigned but its value is never used
    CS0219: Line 269: The variable `version' is assigned but its value is never used
    CS0219: Line 300: The variable `version' is assigned but its value is never used
    CS0219: Line 347: The variable `version' is assigned but its value is never used
 + ../../Source/Scripts/Items/Food/Asian.cs:
    CS0219: Line 28: The variable `version' is assigned but its value is never used
    CS0219: Line 57: The variable `version' is assigned but its value is never used
    CS0219: Line 84: The variable `version' is assigned but its value is never used
    CS0219: Line 122: The variable `version' is assigned but its value is never used
    CS0219: Line 151: The variable `version' is assigned but its value is never used
    CS0219: Line 180: The variable `version' is assigned but its value is never used
    CS0219: Line 207: The variable `version' is assigned but its value is never used
    CS0219: Line 236: The variable `version' is assigned but its value is never used
    CS0219: Line 265: The variable `version' is assigned but its value is never used
    CS0219: Line 294: The variable `version' is assigned but its value is never used
    CS0219: Line 323: The variable `version' is assigned but its value is never used
    CS0219: Line 352: The variable `version' is assigned but its value is never used
 + ../../Source/Scripts/Items/Food/Beverage.cs:
    CS0219: Line 384: The variable `version' is assigned but its value is never used
    CS0414: Line 1253: The private field `Server.Items.BaseBeverage.m_SwampTiles' is assigned but its value is never used
 + ../../Source/Scripts/Items/Food/Food.cs:
    CS0219: Line 437: The variable `version' is assigned but its value is never used
    CS0219: Line 470: The variable `version' is assigned but its value is never used
    CS0219: Line 503: The variable `version' is assigned but its value is never used
    CS0219: Line 540: The variable `version' is assigned but its value is never used
    CS0219: Line 577: The variable `version' is assigned but its value is never used
    CS0219: Line 614: The variable `version' is assigned but its value is never used
    CS0219: Line 651: The variable `version' is assigned but its value is never used
    CS0219: Line 684: The variable `version' is assigned but its value is never used
    CS0219: Line 717: The variable `version' is assigned but its value is never used
    CS0219: Line 750: The variable `version' is assigned but its value is never used
    CS0219: Line 783: The variable `version' is assigned but its value is never used
    CS0219: Line 816: The variable `version' is assigned but its value is never used
    CS0219: Line 849: The variable `version' is assigned but its value is never used
    CS0219: Line 878: The variable `version' is assigned but its value is never used
    CS0219: Line 911: The variable `version' is assigned but its value is never used
    CS0219: Line 940: The variable `version' is assigned but its value is never used
    CS0219: Line 969: The variable `version' is assigned but its value is never used
    CS0219: Line 1001: The variable `version' is assigned but its value is never used
    CS0219: Line 1032: The variable `version' is assigned but its value is never used
    CS0219: Line 1094: The variable `version' is assigned but its value is never used
    CS0219: Line 1125: The variable `version' is assigned but its value is never used
    CS0219: Line 1156: The variable `version' is assigned but its value is never used
    CS0219: Line 1187: The variable `version' is assigned but its value is never used
    CS0219: Line 1218: The variable `version' is assigned but its value is never used
    CS0219: Line 1249: The variable `version' is assigned but its value is never used
    CS0219: Line 1282: The variable `version' is assigned but its value is never used
    CS0219: Line 1315: The variable `version' is assigned but its value is never used
    CS0219: Line 1349: The variable `version' is assigned but its value is never used
    CS0219: Line 1383: The variable `version' is assigned but its value is never used
    CS0219: Line 1417: The variable `version' is assigned but its value is never used
    CS0219: Line 1451: The variable `version' is assigned but its value is never used
    CS0219: Line 1484: The variable `version' is assigned but its value is never used
    CS0219: Line 1511: The variable `version' is assigned but its value is never used
    CS0219: Line 1543: The variable `version' is assigned but its value is never used
    CS0219: Line 1574: The variable `version' is assigned but its value is never used
    CS0219: Line 1606: The variable `version' is assigned but its value is never used
    CS0219: Line 1639: The variable `version' is assigned but its value is never used
    CS0219: Line 1670: The variable `version' is assigned but its value is never used
    CS0219: Line 1704: The variable `version' is assigned but its value is never used
    CS0219: Line 1743: The variable `version' is assigned but its value is never used
    CS0219: Line 1776: The variable `version' is assigned but its value is never used
    CS0219: Line 1814: The variable `type' is assigned but its value is never used
 + ../../Source/Scripts/Items/Food/CookableFood.cs:
    CS0219: Line 205: The variable `version' is assigned but its value is never used
    CS0219: Line 247: The variable `version' is assigned but its value is never used
    CS0219: Line 323: The variable `version' is assigned but its value is never used
    CS0219: Line 363: The variable `version' is assigned but its value is never used
    CS0219: Line 398: The variable `version' is assigned but its value is never used
    CS0219: Line 432: The variable `version' is assigned but its value is never used
    CS0219: Line 467: The variable `version' is assigned but its value is never used
    CS0219: Line 502: The variable `version' is assigned but its value is never used
    CS0219: Line 537: The variable `version' is assigned but its value is never used
    CS0219: Line 573: The variable `version' is assigned but its value is never used
    CS0219: Line 614: The variable `version' is assigned but its value is never used
    CS0219: Line 690: The variable `version' is assigned but its value is never used
    CS0219: Line 777: The variable `version' is assigned but its value is never used
    CS0219: Line 813: The variable `version' is assigned but its value is never used
    CS0219: Line 846: The variable `version' is assigned but its value is never used
    CS0219: Line 881: The variable `version' is assigned but its value is never used
    CS0219: Line 929: The variable `version' is assigned but its value is never used
 + ../../Source/Scripts/Items/Food/Fruits.cs:
    CS0219: Line 40: The variable `version' is assigned but its value is never used
    CS0219: Line 73: The variable `version' is assigned but its value is never used
    CS0219: Line 106: The variable `version' is assigned but its value is never used
    CS0219: Line 138: The variable `version' is assigned but its value is never used
    CS0219: Line 170: The variable `version' is assigned but its value is never used
    CS0219: Line 202: The variable `version' is assigned but its value is never used
    CS0219: Line 234: The variable `version' is assigned but its value is never used
    CS0219: Line 266: The variable `version' is assigned but its value is never used
    CS0219: Line 298: The variable `version' is assigned but its value is never used
    CS0219: Line 330: The variable `version' is assigned but its value is never used
    CS0219: Line 362: The variable `version' is assigned but its value is never used
    CS0219: Line 394: The variable `version' is assigned but its value is never used
    CS0219: Line 426: The variable `version' is assigned but its value is never used
    CS0219: Line 458: The variable `version' is assigned but its value is never used
    CS0219: Line 490: The variable `version' is assigned but its value is never used
    CS0219: Line 563: The variable `version' is assigned but its value is never used
    CS0219: Line 596: The variable `version' is assigned but its value is never used
    CS0219: Line 629: The variable `version' is assigned but its value is never used
 + ../../Source/Scripts/Items/Containers/GraveChest.cs:
    CS0219: Line 84: The variable `version' is assigned but its value is never used
 + ../../Source/Scripts/Items/Containers/SunkenChest.cs:
    CS0219: Line 136: The variable `version' is assigned but its value is never used
 + ../../Source/Scripts/Items/Containers/PirateChest.cs:
    CS0219: Line 102: The variable `version' is assigned but its value is never used
 + ../../Source/Scripts/Items/Containers/BuriedChest.cs:
    CS0219: Line 58: The variable `version' is assigned but its value is never used
 + ../../Source/Scripts/Items/Containers/BankChest.cs:
    CS0219: Line 45: The variable `version' is assigned but its value is never used
 + ../../Source/Scripts/Items/Containers/WeightReductionContainer.cs:
    CS0219: Line 55: The variable `version' is assigned but its value is never used
    CS0219: Line 105: The variable `version' is assigned but its value is never used
    CS0219: Line 155: The variable `version' is assigned but its value is never used
    CS0219: Line 320: The variable `version' is assigned but its value is never used
 + ../../Source/Scripts/Items/Containers/GypsyShelf.cs:
    CS0219: Line 70: The variable `version' is assigned but its value is never used
 + ../../Source/Scripts/Items/Containers/TreasureChest.cs:
    CS0219: Line 34: The variable `version' is assigned but its value is never used
    CS0219: Line 63: The variable `version' is assigned but its value is never used
    CS0219: Line 92: The variable `version' is assigned but its value is never used
 + ../../Source/Scripts/Items/Containers/LootChest.cs:
    CS0219: Line 81: The variable `version' is assigned but its value is never used
 + ../../Source/Scripts/Items/Containers/Shelves.cs:
    CS0219: Line 34: The variable `version' is assigned but its value is never used
    CS0219: Line 65: The variable `version' is assigned but its value is never used
    CS0219: Line 96: The variable `version' is assigned but its value is never used
    CS0219: Line 127: The variable `version' is assigned but its value is never used
    CS0219: Line 158: The variable `version' is assigned but its value is never used
    CS0219: Line 189: The variable `version' is assigned but its value is never used
    CS0219: Line 220: The variable `version' is assigned but its value is never used
    CS0219: Line 251: The variable `version' is assigned but its value is never used
    CS0219: Line 282: The variable `version' is assigned but its value is never used
    CS0219: Line 313: The variable `version' is assigned but its value is never used
    CS0219: Line 344: The variable `version' is assigned but its value is never used
    CS0219: Line 375: The variable `version' is assigned but its value is never used
    CS0219: Line 406: The variable `version' is assigned but its value is never used
    CS0219: Line 437: The variable `version' is assigned but its value is never used
    CS0219: Line 468: The variable `version' is assigned but its value is never used
    CS0219: Line 499: The variable `version' is assigned but its value is never used
    CS0219: Line 530: The variable `version' is assigned but its value is never used
    CS0219: Line 561: The variable `version' is assigned but its value is never used
    CS0219: Line 592: The variable `version' is assigned but its value is never used
    CS0219: Line 623: The variable `version' is assigned but its value is never used
    CS0219: Line 654: The variable `version' is assigned but its value is never used
    CS0219: Line 685: The variable `version' is assigned but its value is never used
    CS0219: Line 716: The variable `version' is assigned but its value is never used
    CS0219: Line 747: The variable `version' is assigned but its value is never used
    CS0219: Line 778: The variable `version' is assigned but its value is never used
    CS0219: Line 809: The variable `version' is assigned but its value is never used
    CS0219: Line 840: The variable `version' is assigned but its value is never used
    CS0219: Line 871: The variable `version' is assigned but its value is never used
    CS0219: Line 902: The variable `version' is assigned but its value is never used
    CS0219: Line 933: The variable `version' is assigned but its value is never used
    CS0219: Line 964: The variable `version' is assigned but its value is never used
    CS0219: Line 995: The variable `version' is assigned but its value is never used
    CS0219: Line 1026: The variable `version' is assigned but its value is never used
    CS0219: Line 1057: The variable `version' is assigned but its value is never used
    CS0219: Line 1088: The variable `version' is assigned but its value is never used
    CS0219: Line 1119: The variable `version' is assigned but its value is never used
    CS0219: Line 1150: The variable `version' is assigned but its value is never used
    CS0219: Line 1181: The variable `version' is assigned but its value is never used
    CS0219: Line 1212: The variable `version' is assigned but its value is never used
    CS0219: Line 1243: The variable `version' is assigned but its value is never used
    CS0219: Line 1274: The variable `version' is assigned but its value is never used
    CS0219: Line 1305: The variable `version' is assigned but its value is never used
    CS0219: Line 1336: The variable `version' is assigned but its value is never used
    CS0219: Line 1367: The variable `version' is assigned but its value is never used
    CS0219: Line 1398: The variable `version' is assigned but its value is never used
    CS0219: Line 1429: The variable `version' is assigned but its value is never used
    CS0219: Line 1460: The variable `version' is assigned but its value is never used
    CS0219: Line 1491: The variable `version' is assigned but its value is never used
    CS0219: Line 1522: The variable `version' is assigned but its value is never used
    CS0219: Line 1553: The variable `version' is assigned but its value is never used
    CS0219: Line 1584: The variable `version' is assigned but its value is never used
    CS0219: Line 1615: The variable `version' is assigned but its value is never used
    CS0219: Line 1646: The variable `version' is assigned but its value is never used
    CS0219: Line 1677: The variable `version' is assigned but its value is never used
    CS0219: Line 1708: The variable `version' is assigned but its value is never used
    CS0219: Line 1739: The variable `version' is assigned but its value is never used
    CS0219: Line 1770: The variable `version' is assigned but its value is never used
    CS0219: Line 1801: The variable `version' is assigned but its value is never used
    CS0219: Line 1832: The variable `version' is assigned but its value is never used
    CS0219: Line 1863: The variable `version' is assigned but its value is never used
    CS0219: Line 1894: The variable `version' is assigned but its value is never used
    CS0219: Line 1925: The variable `version' is assigned but its value is never used
    CS0219: Line 1956: The variable `version' is assigned but its value is never used
    CS0219: Line 1987: The variable `version' is assigned but its value is never used
    CS0219: Line 2018: The variable `version' is assigned but its value is never used
    CS0219: Line 2049: The variable `version' is assigned but its value is never used
    CS0219: Line 2080: The variable `version' is assigned but its value is never used
    CS0219: Line 2111: The variable `version' is assigned but its value is never used
    CS0219: Line 2142: The variable `version' is assigned but its value is never used
    CS0219: Line 2173: The variable `version' is assigned but its value is never used
    CS0219: Line 2204: The variable `version' is assigned but its value is never used
    CS0219: Line 2235: The variable `version' is assigned but its value is never used
    CS0219: Line 2266: The variable `version' is assigned but its value is never used
    CS0219: Line 2297: The variable `version' is assigned but its value is never used
    CS0219: Line 2328: The variable `version' is assigned but its value is never used
    CS0219: Line 2359: The variable `version' is assigned but its value is never used
    CS0219: Line 2390: The variable `version' is assigned but its value is never used
    CS0219: Line 2421: The variable `version' is assigned but its value is never used
    CS0219: Line 2452: The variable `version' is assigned but its value is never used
    CS0219: Line 2483: The variable `version' is assigned but its value is never used
    CS0219: Line 2514: The variable `version' is assigned but its value is never used
    CS0219: Line 2545: The variable `version' is assigned but its value is never used
    CS0219: Line 2576: The variable `version' is assigned but its value is never used
    CS0219: Line 2607: The variable `version' is assigned but its value is never used
    CS0219: Line 2638: The variable `version' is assigned but its value is never used
    CS0219: Line 2669: The variable `version' is assigned but its value is never used
    CS0219: Line 2700: The variable `version' is assigned but its value is never used
    CS0219: Line 2731: The variable `version' is assigned but its value is never used
    CS0219: Line 2762: The variable `version' is assigned but its value is never used
    CS0219: Line 2793: The variable `version' is assigned but its value is never used
    CS0219: Line 2824: The variable `version' is assigned but its value is never used
    CS0219: Line 2855: The variable `version' is assigned but its value is never used
    CS0219: Line 2886: The variable `version' is assigned but its value is never used
    CS0219: Line 2917: The variable `version' is assigned but its value is never used
    CS0219: Line 2948: The variable `version' is assigned but its value is never used
    CS0219: Line 2979: The variable `version' is assigned but its value is never used
    CS0219: Line 3010: The variable `version' is assigned but its value is never used
    CS0219: Line 3041: The variable `version' is assigned but its value is never used
    CS0219: Line 3072: The variable `version' is assigned but its value is never used
    CS0219: Line 3103: The variable `version' is assigned but its value is never used
    CS0219: Line 3134: The variable `version' is assigned but its value is never used
    CS0219: Line 3165: The variable `version' is assigned but its value is never used
    CS0219: Line 3196: The variable `version' is assigned but its value is never used
    CS0219: Line 3227: The variable `version' is assigned but its value is never used
    CS0219: Line 3258: The variable `version' is assigned but its value is never used
    CS0219: Line 3289: The variable `version' is assigned but its value is never used
    CS0219: Line 3320: The variable `version' is assigned but its value is never used
    CS0219: Line 3351: The variable `version' is assigned but its value is never used
    CS0219: Line 3382: The variable `version' is assigned but its value is never used
    CS0219: Line 3413: The variable `version' is assigned but its value is never used
    CS0219: Line 3444: The variable `version' is assigned but its value is never used
    CS0219: Line 3475: The variable `version' is assigned but its value is never used
    CS0219: Line 3506: The variable `version' is assigned but its value is never used
    CS0219: Line 3537: The variable `version' is assigned but its value is never used
    CS0219: Line 3568: The variable `version' is assigned but its value is never used
    CS0219: Line 3599: The variable `version' is assigned but its value is never used
    CS0219: Line 3630: The variable `version' is assigned but its value is never used
    CS0219: Line 3661: The variable `version' is assigned but its value is never used
    CS0219: Line 3692: The variable `version' is assigned but its value is never used
    CS0219: Line 3723: The variable `version' is assigned but its value is never used
    CS0219: Line 3754: The variable `version' is assigned but its value is never used
    CS0219: Line 3785: The variable `version' is assigned but its value is never used
    CS0219: Line 3816: The variable `version' is assigned but its value is never used
    CS0219: Line 3847: The variable `version' is assigned but its value is never used
    CS0219: Line 3877: The variable `version' is assigned but its value is never used
    CS0219: Line 3908: The variable `version' is assigned but its value is never used
    CS0219: Line 3936: The variable `version' is assigned but its value is never used
    CS0219: Line 3964: The variable `version' is assigned but its value is never used
    CS0219: Line 3992: The variable `version' is assigned but its value is never used
    CS0219: Line 4020: The variable `version' is assigned but its value is never used
    CS0219: Line 4048: The variable `version' is assigned but its value is never used
    CS0219: Line 4076: The variable `version' is assigned but its value is never used
    CS0219: Line 4104: The variable `version' is assigned but its value is never used
    CS0219: Line 4132: The variable `version' is assigned but its value is never used
    CS0219: Line 4160: The variable `version' is assigned but its value is never used
    CS0219: Line 4189: The variable `version' is assigned but its value is never used
    CS0219: Line 4217: The variable `version' is assigned but its value is never used
    CS0219: Line 4245: The variable `version' is assigned but its value is never used
    CS0219: Line 4273: The variable `version' is assigned but its value is never used
    CS0219: Line 4301: The variable `version' is assigned but its value is never used
    CS0219: Line 4329: The variable `version' is assigned but its value is never used
    CS0219: Line 4357: The variable `version' is assigned but its value is never used
    CS0219: Line 4385: The variable `version' is assigned but its value is never used
    CS0219: Line 4413: The variable `version' is assigned but its value is never used
    CS0219: Line 4441: The variable `version' is assigned but its value is never used
    CS0219: Line 4469: The variable `version' is assigned but its value is never used
    CS0219: Line 4497: The variable `version' is assigned but its value is never used
    CS0219: Line 4525: The variable `version' is assigned but its value is never used
    CS0219: Line 4553: The variable `version' is assigned but its value is never used
    CS0219: Line 4581: The variable `version' is assigned but its value is never used
    CS0219: Line 4609: The variable `version' is assigned but its value is never used
    CS0219: Line 4637: The variable `version' is assigned but its value is never used
    CS0219: Line 4665: The variable `version' is assigned but its value is never used
    CS0219: Line 4693: The variable `version' is assigned but its value is never used
    CS0219: Line 4721: The variable `version' is assigned but its value is never used
    CS0219: Line 4749: The variable `version' is assigned but its value is never used
    CS0219: Line 4777: The variable `version' is assigned but its value is never used
    CS0219: Line 4805: The variable `version' is assigned but its value is never used
    CS0219: Line 4833: The variable `version' is assigned but its value is never used
    CS0219: Line 4861: The variable `version' is assigned but its value is never used
    CS0219: Line 4889: The variable `version' is assigned but its value is never used
    CS0219: Line 4917: The variable `version' is assigned but its value is never used
    CS0219: Line 4945: The variable `version' is assigned but its value is never used
    CS0219: Line 4973: The variable `version' is assigned but its value is never used
    CS0219: Line 5001: The variable `version' is assigned but its value is never used
    CS0219: Line 5029: The variable `version' is assigned but its value is never used
    CS0219: Line 5057: The variable `version' is assigned but its value is never used
    CS0219: Line 5085: The variable `version' is assigned but its value is never used
    CS0219: Line 5113: The variable `version' is assigned but its value is never used
    CS0219: Line 5142: The variable `version' is assigned but its value is never used
    CS0219: Line 5170: The variable `version' is assigned but its value is never used
    CS0219: Line 5198: The variable `version' is assigned but its value is never used
    CS0219: Line 5226: The variable `version' is assigned but its value is never used
    CS0219: Line 5254: The variable `version' is assigned but its value is never used
    CS0219: Line 5282: The variable `version' is assigned but its value is never used
    CS0219: Line 5310: The variable `version' is assigned but its value is never used
    CS0219: Line 5338: The variable `version' is assigned but its value is never used
    CS0219: Line 5366: The variable `version' is assigned but its value is never used
    CS0219: Line 5394: The variable `version' is assigned but its value is never used
    CS0219: Line 5422: The variable `version' is assigned but its value is never used
    CS0219: Line 5450: The variable `version' is assigned but its value is never used
    CS0219: Line 5478: The variable `version' is assigned but its value is never used
    CS0219: Line 5506: The variable `version' is assigned but its value is never used
    CS0219: Line 5535: The variable `version' is assigned but its value is never used
    CS0219: Line 5563: The variable `version' is assigned but its value is never used
 + ../../Source/Scripts/Items/Containers/HiddenBox.cs:
    CS0219: Line 21: The variable `LockWatch' is assigned but its value is never used
    CS0219: Line 40: The variable `version' is assigned but its value is never used
    CS0219: Line 81: The variable `version' is assigned but its value is never used
    CS0219: Line 247: The variable `version' is assigned but its value is never used
 + ../../Source/Scripts/Items/Containers/BoneContainer.cs:
    CS0219: Line 44: The variable `version' is assigned but its value is never used
 + ../../Source/Scripts/Items/Containers/HiddenChest.cs:
    CS0219: Line 127: The variable `version' is assigned but its value is never used
 + ../../Source/Scripts/Items/Containers/AlchemistPouch.cs:
    CS0219: Line 348: The variable `btn' is assigned but its value is never used
 + ../../Source/Scripts/Items/Containers/DungeonChest.cs:
    CS0219: Line 361: The variable `version' is assigned but its value is never used
    CS0219: Line 429: The variable `version' is assigned but its value is never used
 + ../../Source/Scripts/Items/Containers/WaterChest.cs:
    CS0219: Line 119: The variable `version' is assigned but its value is never used
 + ../../Source/Scripts/Items/Containers/Safe.cs:
    CS0219: Line 92: The variable `version' is assigned but its value is never used
 + ../../Source/Scripts/Items/Containers/LandChest.cs:
    CS0219: Line 129: The variable `version' is assigned but its value is never used
 + ../../Source/Scripts/Items/Containers/CorpseSailor.cs:
    CS0219: Line 99: The variable `version' is assigned but its value is never used
 + ../../Source/Scripts/Items/Containers/SunkenBag.cs:
    CS0219: Line 128: The variable `version' is assigned but its value is never used
 + ../../Source/Scripts/Items/Containers/BaseTreasureChest.cs:
    CS0219: Line 118: The variable `version' is assigned but its value is never used
 + ../../Source/Scripts/Items/Containers/LootBag.cs:
    CS0219: Line 19: The variable `nContainerLockable' is assigned but its value is never used
    CS0219: Line 82: The variable `version' is assigned but its value is never used
 + ../../Source/Scripts/Items/Containers/MovingBox.cs:
    CS0219: Line 137: The variable `version' is assigned but its value is never used
 + ../../Source/Scripts/Items/Containers/AlchemyPouch.cs:
    CS0219: Line 79: The variable `version' is assigned but its value is never used
 + ../../Source/Scripts/Items/Containers/FurnitureContainer.cs:
    CS0219: Line 34: The variable `version' is assigned but its value is never used
    CS0219: Line 63: The variable `version' is assigned but its value is never used
    CS0219: Line 92: The variable `version' is assigned but its value is never used
    CS0219: Line 121: The variable `version' is assigned but its value is never used
    CS0219: Line 150: The variable `version' is assigned but its value is never used
    CS0219: Line 179: The variable `version' is assigned but its value is never used
    CS0219: Line 208: The variable `version' is assigned but its value is never used
    CS0219: Line 271: The variable `version' is assigned but its value is never used
    CS0219: Line 302: The variable `version' is assigned but its value is never used
    CS0219: Line 333: The variable `version' is assigned but its value is never used
    CS0219: Line 364: The variable `version' is assigned but its value is never used
    CS0219: Line 395: The variable `version' is assigned but its value is never used
    CS0219: Line 426: The variable `version' is assigned but its value is never used
    CS0219: Line 457: The variable `version' is assigned but its value is never used
    CS0219: Line 488: The variable `version' is assigned but its value is never used
    CS0219: Line 517: The variable `version' is assigned but its value is never used
    CS0219: Line 546: The variable `version' is assigned but its value is never used
    CS0219: Line 581: The variable `version' is assigned but its value is never used
    CS0219: Line 618: The variable `version' is assigned but its value is never used
    CS0219: Line 658: The variable `version' is assigned but its value is never used
 + ../../Source/Scripts/Items/Containers/InnChest.cs:
    CS0219: Line 64: The variable `version' is assigned but its value is never used
 + ../../Source/Scripts/Items/Containers/AnimalCages.cs:
    CS0219: Line 85: The variable `version' is assigned but its value is never used
    CS0219: Line 113: The variable `version' is assigned but its value is never used
    CS0219: Line 140: The variable `version' is assigned but its value is never used
    CS0219: Line 167: The variable `version' is assigned but its value is never used
    CS0219: Line 194: The variable `version' is assigned but its value is never used
    CS0219: Line 221: The variable `version' is assigned but its value is never used
    CS0219: Line 248: The variable `version' is assigned but its value is never used
    CS0219: Line 275: The variable `version' is assigned but its value is never used
    CS0219: Line 302: The variable `version' is assigned but its value is never used
    CS0219: Line 329: The variable `version' is assigned but its value is never used
    CS0219: Line 356: The variable `version' is assigned but its value is never used
    CS0219: Line 383: The variable `version' is assigned but its value is never used
    CS0219: Line 410: The variable `version' is assigned but its value is never used
    CS0219: Line 437: The variable `version' is assigned but its value is never used
    CS0219: Line 464: The variable `version' is assigned but its value is never used
    CS0219: Line 491: The variable `version' is assigned but its value is never used
    CS0219: Line 518: The variable `version' is assigned but its value is never used
    CS0219: Line 545: The variable `version' is assigned but its value is never used
    CS0219: Line 572: The variable `version' is assigned but its value is never used
    CS0219: Line 599: The variable `version' is assigned but its value is never used
    CS0219: Line 626: The variable `version' is assigned but its value is never used
    CS0219: Line 653: The variable `version' is assigned but its value is never used
    CS0219: Line 680: The variable `version' is assigned but its value is never used
    CS0219: Line 707: The variable `version' is assigned but its value is never used
    CS0219: Line 734: The variable `version' is assigned but its value is never used
    CS0219: Line 761: The variable `version' is assigned but its value is never used
    CS0219: Line 788: The variable `version' is assigned but its value is never used
    CS0219: Line 815: The variable `version' is assigned but its value is never used
    CS0219: Line 842: The variable `version' is assigned but its value is never used
    CS0219: Line 869: The variable `version' is assigned but its value is never used
    CS0219: Line 896: The variable `version' is assigned but its value is never used
    CS0219: Line 923: The variable `version' is assigned but its value is never used
    CS0219: Line 950: The variable `version' is assigned but its value is never used
    CS0219: Line 977: The variable `version' is assigned but its value is never used
    CS0219: Line 1004: The variable `version' is assigned but its value is never used
    CS0219: Line 1031: The variable `version' is assigned but its value is never used
    CS0219: Line 1058: The variable `version' is assigned but its value is never used
    CS0219: Line 1085: The variable `version' is assigned but its value is never used
    CS0219: Line 1112: The variable `version' is assigned but its value is never used
    CS0219: Line 1139: The variable `version' is assigned but its value is never used
    CS0219: Line 1166: The variable `version' is assigned but its value is never used
    CS0219: Line 1193: The variable `version' is assigned but its value is never used
    CS0219: Line 1220: The variable `version' is assigned but its value is never used
    CS0219: Line 1247: The variable `version' is assigned but its value is never used
    CS0219: Line 1274: The variable `version' is assigned but its value is never used
    CS0219: Line 1301: The variable `version' is assigned but its value is never used
    CS0219: Line 1328: The variable `version' is assigned but its value is never used
    CS0219: Line 1355: The variable `version' is assigned but its value is never used
    CS0219: Line 1382: The variable `version' is assigned but its value is never used
    CS0219: Line 1409: The variable `version' is assigned but its value is never used
    CS0219: Line 1436: The variable `version' is assigned but its value is never used
    CS0219: Line 1463: The variable `version' is assigned but its value is never used
    CS0219: Line 1490: The variable `version' is assigned but its value is never used
    CS0219: Line 1517: The variable `version' is assigned but its value is never used
    CS0219: Line 1544: The variable `version' is assigned but its value is never used
    CS0219: Line 1571: The variable `version' is assigned but its value is never used
    CS0219: Line 1598: The variable `version' is assigned but its value is never used
    CS0219: Line 1625: The variable `version' is assigned but its value is never used
    CS0219: Line 1652: The variable `version' is assigned but its value is never used
    CS0219: Line 1679: The variable `version' is assigned but its value is never used
    CS0219: Line 1706: The variable `version' is assigned but its value is never used
    CS0219: Line 1733: The variable `version' is assigned but its value is never used
    CS0219: Line 1760: The variable `version' is assigned but its value is never used
    CS0219: Line 1787: The variable `version' is assigned but its value is never used
    CS0219: Line 1814: The variable `version' is assigned but its value is never used
    CS0219: Line 1841: The variable `version' is assigned but its value is never used
    CS0219: Line 1868: The variable `version' is assigned but its value is never used
    CS0219: Line 1895: The variable `version' is assigned but its value is never used
    CS0219: Line 1922: The variable `version' is assigned but its value is never used
    CS0219: Line 1949: The variable `version' is assigned but its value is never used
    CS0219: Line 1976: The variable `version' is assigned but its value is never used
    CS0219: Line 2003: The variable `version' is assigned but its value is never used
    CS0219: Line 2030: The variable `version' is assigned but its value is never used
    CS0219: Line 2057: The variable `version' is assigned but its value is never used
    CS0219: Line 2084: The variable `version' is assigned but its value is never used
    CS0219: Line 2111: The variable `version' is assigned but its value is never used
    CS0219: Line 2138: The variable `version' is assigned but its value is never used
 + ../../Source/Scripts/Items/Containers/BagOfHolding.cs:
    CS0219: Line 56: The variable `version' is assigned but its value is never used
 + ../../Source/Scripts/Items/Containers/BuriedBody.cs:
    CS0219: Line 91: The variable `version' is assigned but its value is never used
 + ../../Source/Scripts/Items/Containers/Container.cs:
    CS0219: Line 588: The variable `version' is assigned but its value is never used
    CS0219: Line 626: The variable `version' is assigned but its value is never used
    CS0219: Line 654: The variable `version' is assigned but its value is never used
    CS0219: Line 682: The variable `version' is assigned but its value is never used
    CS0219: Line 911: The variable `version' is assigned but its value is never used
    CS0219: Line 950: The variable `version' is assigned but its value is never used
    CS0219: Line 988: The variable `version' is assigned but its value is never used
    CS0219: Line 1026: The variable `version' is assigned but its value is never used
    CS0219: Line 1064: The variable `version' is assigned but its value is never used
    CS0219: Line 1102: The variable `version' is assigned but its value is never used
    CS0219: Line 1139: The variable `version' is assigned but its value is never used
    CS0219: Line 1177: The variable `version' is assigned but its value is never used
    CS0219: Line 1206: The variable `version' is assigned but its value is never used
    CS0219: Line 1238: The variable `version' is assigned but its value is never used
    CS0219: Line 1267: The variable `version' is assigned but its value is never used
    CS0219: Line 1296: The variable `version' is assigned but its value is never used
    CS0219: Line 1326: The variable `version' is assigned but its value is never used
    CS0219: Line 1356: The variable `version' is assigned but its value is never used
    CS0219: Line 1386: The variable `version' is assigned but its value is never used
    CS0219: Line 1414: The variable `version' is assigned but its value is never used
    CS0219: Line 1442: The variable `version' is assigned but its value is never used
    CS0219: Line 1473: The variable `version' is assigned but its value is never used
    CS0219: Line 1504: The variable `version' is assigned but its value is never used
    CS0219: Line 1538: The variable `version' is assigned but its value is never used
    CS0219: Line 1572: The variable `version' is assigned but its value is never used
    CS0219: Line 1606: The variable `version' is assigned but its value is never used
    CS0219: Line 1637: The variable `version' is assigned but its value is never used
    CS0219: Line 1668: The variable `version' is assigned but its value is never used
    CS0219: Line 1700: The variable `version' is assigned but its value is never used
    CS0219: Line 1731: The variable `version' is assigned but its value is never used
    CS0219: Line 2310: The variable `version' is assigned but its value is never used
    CS0219: Line 2478: The variable `version' is assigned but its value is never used
    CS0219: Line 2508: The variable `version' is assigned but its value is never used
    CS0219: Line 2540: The variable `version' is assigned but its value is never used
    CS0219: Line 2572: The variable `version' is assigned but its value is never used
    CS0219: Line 2604: The variable `version' is assigned but its value is never used
    CS0219: Line 2636: The variable `version' is assigned but its value is never used
    CS0219: Line 2667: The variable `version' is assigned but its value is never used
    CS0219: Line 2698: The variable `version' is assigned but its value is never used
    CS0219: Line 2762: The variable `version' is assigned but its value is never used
    CS0219: Line 2793: The variable `version' is assigned but its value is never used
    CS0219: Line 2824: The variable `version' is assigned but its value is never used
    CS0219: Line 2855: The variable `version' is assigned but its value is never used
    CS0219: Line 2886: The variable `version' is assigned but its value is never used
    CS0219: Line 2917: The variable `version' is assigned but its value is never used
    CS0219: Line 2948: The variable `version' is assigned but its value is never used
    CS0219: Line 2979: The variable `version' is assigned but its value is never used
    CS0219: Line 3010: The variable `version' is assigned but its value is never used
    CS0219: Line 3041: The variable `version' is assigned but its value is never used
    CS0219: Line 3072: The variable `version' is assigned but its value is never used
    CS0219: Line 3103: The variable `version' is assigned but its value is never used
    CS0219: Line 3134: The variable `version' is assigned but its value is never used
    CS0219: Line 3165: The variable `version' is assigned but its value is never used
    CS0219: Line 3196: The variable `version' is assigned but its value is never used
    CS0219: Line 3227: The variable `version' is assigned but its value is never used
    CS0219: Line 3258: The variable `version' is assigned but its value is never used
    CS0219: Line 3289: The variable `version' is assigned but its value is never used
    CS0219: Line 3320: The variable `version' is assigned but its value is never used
    CS0219: Line 3351: The variable `version' is assigned but its value is never used
    CS0219: Line 3382: The variable `version' is assigned but its value is never used
    CS0219: Line 3413: The variable `version' is assigned but its value is never used
    CS0219: Line 3444: The variable `version' is assigned but its value is never used
    CS0219: Line 3475: The variable `version' is assigned but its value is never used
    CS0219: Line 3506: The variable `version' is assigned but its value is never used
 + ../../Source/Scripts/Items/Containers/CorpseChest.cs:
    CS0219: Line 96: The variable `version' is assigned but its value is never used
 + ../../Source/Scripts/Items/Containers/FoodChest.cs:
    CS0219: Line 57: The variable `version' is assigned but its value is never used
 + ../../Source/Scripts/Items/Containers/Loot.cs:
    CS0219: Line 1306: The variable `iRich' is assigned but its value is never used
 + ../../Source/Scripts/Items/Containers/DustPile.cs:
    CS0219: Line 32: The variable `version' is assigned but its value is never used
 + ../../Source/Scripts/Items/Containers/SunkenShip.cs:
    CS0219: Line 102: The variable `version' is assigned but its value is never used
 + ../../Source/Scripts/Items/Containers/ParagonChest.cs:
    CS0219: Line 116: The variable `version' is assigned but its value is never used
 + ../../Source/Scripts/Items/Containers/SackOfHolding.cs:
    CS0219: Line 187: The variable `version' is assigned but its value is never used
 + ../../Source/Scripts/Items/Games/LiarsDice/LiarsDice.cs:
    CS0219: Line 61: The variable `version' is assigned but its value is never used
 + ../../Source/Scripts/Items/Games/LiarsDice/DiceChannel.cs:
    CS0219: Line 506: The variable `timer' is assigned but its value is never used
    CS0219: Line 516: The variable `timer2' is assigned but its value is never used
    CS0414: Line 114: The private field `Server.LiarsDice.DiceState.statusGumpTimer' is assigned but its value is never used
    CS0414: Line 116: The private field `Server.LiarsDice.DiceState.Dice1Values' is assigned but its value is never used
    CS0414: Line 117: The private field `Server.LiarsDice.DiceState.Dice2Values' is assigned but its value is never used
    CS0414: Line 122: The private field `Server.LiarsDice.DiceState.nextPlayerIdx' is assigned but its value is never used
 + ../../Source/Scripts/Items/Games/Mahjong/MahjongTile.cs:
    CS0219: Line 87: The variable `version' is assigned but its value is never used
 + ../../Source/Scripts/Items/Games/Mahjong/MahjongWallBreakIndicator.cs:
    CS0219: Line 53: The variable `version' is assigned but its value is never used
 + ../../Source/Scripts/Items/Games/Mahjong/MahjongDealerIndicator.cs:
    CS0219: Line 66: The variable `version' is assigned but its value is never used
 + ../../Source/Scripts/Items/Games/Mahjong/MahjongDices.cs:
    CS0219: Line 49: The variable `version' is assigned but its value is never used
 + ../../Source/Scripts/Items/Games/Mahjong/MahjongPlayers.cs:
    CS0219: Line 534: The variable `version' is assigned but its value is never used
 + ../../Source/Scripts/Items/Games/DandD/Dice20.cs:
    CS0219: Line 69: The variable `version' is assigned but its value is never used
 + ../../Source/Scripts/Items/Games/DandD/Dice4.cs:
    CS0219: Line 69: The variable `version' is assigned but its value is never used
 + ../../Source/Scripts/Items/Games/DandD/Dice10.cs:
    CS0219: Line 69: The variable `version' is assigned but its value is never used
 + ../../Source/Scripts/Items/Games/DandD/PlayersHandbook.cs:
    CS0219: Line 131: The variable `version' is assigned but its value is never used
    CS0414: Line 62: The private field `Server.Items.PlayersHandbook.BookTarget.m_Book' is assigned but its value is never used
 + ../../Source/Scripts/Items/Games/DandD/MonsterManual.cs:
    CS0219: Line 109: The variable `version' is assigned but its value is never used
    CS0414: Line 45: The private field `Server.Items.MonsterManual.BookTarget.m_Book' is assigned but its value is never used
 + ../../Source/Scripts/Items/Games/DandD/Dice8.cs:
    CS0219: Line 69: The variable `version' is assigned but its value is never used
 + ../../Source/Scripts/Items/Games/DandD/DungeonMastersGuide.cs:
    CS0219: Line 113: The variable `dungeon' is assigned but its value is never used
    CS0219: Line 137: The variable `version' is assigned but its value is never used
 + ../../Source/Scripts/Items/Games/DandD/Dice6.cs:
    CS0219: Line 70: The variable `version' is assigned but its value is never used
 + ../../Source/Scripts/Items/Games/DandD/Dice12.cs:
    CS0219: Line 69: The variable `version' is assigned but its value is never used
 + ../../Source/Scripts/Items/Games/ChessPieces.cs:
    CS0219: Line 30: The variable `version' is assigned but its value is never used
    CS0219: Line 58: The variable `version' is assigned but its value is never used
    CS0219: Line 86: The variable `version' is assigned but its value is never used
    CS0219: Line 114: The variable `version' is assigned but its value is never used
    CS0219: Line 142: The variable `version' is assigned but its value is never used
    CS0219: Line 170: The variable `version' is assigned but its value is never used
    CS0219: Line 198: The variable `version' is assigned but its value is never used
    CS0219: Line 226: The variable `version' is assigned but its value is never used
    CS0219: Line 254: The variable `version' is assigned but its value is never used
    CS0219: Line 282: The variable `version' is assigned but its value is never used
    CS0219: Line 310: The variable `version' is assigned but its value is never used
    CS0219: Line 338: The variable `version' is assigned but its value is never used
 + ../../Source/Scripts/Items/Games/HiLoCards.cs:
    CS0219: Line 396: The variable `version' is assigned but its value is never used
    CS0219: Line 1366: The variable `text' is assigned but its value is never used
 + ../../Source/Scripts/Items/Games/Dices.cs:
    CS0219: Line 51: The variable `version' is assigned but its value is never used
 + ../../Source/Scripts/Items/Games/Tarot.cs:
    CS0219: Line 111: The variable `version' is assigned but its value is never used
    CS0219: Line 188: The variable `version' is assigned but its value is never used
 + ../../Source/Scripts/Items/Games/Backgammon.cs:
    CS0219: Line 51: The variable `version' is assigned but its value is never used
 + ../../Source/Scripts/Items/Games/PuzzleCube.cs:
    CS0219: Line 57: The variable `version' is assigned but its value is never used
 + ../../Source/Scripts/Items/Games/CasinoToken.cs:
    CS0219: Line 60: The variable `version' is assigned but its value is never used
 + ../../Source/Scripts/Items/Games/CheckerBoard.cs:
    CS0219: Line 41: The variable `version' is assigned but its value is never used
 + ../../Source/Scripts/Items/Games/Chessboard.cs:
    CS0219: Line 66: The variable `version' is assigned but its value is never used
 + ../../Source/Scripts/Items/Games/BlackJack.cs:
    CS0219: Line 805: The variable `version' is assigned but its value is never used
    CS0414: Line 2119: The private field `Server.Gumps.BlackJackCardGump.m_Card' is assigned but its value is never used
 + ../../Source/Scripts/Items/Games/CheckersPieces.cs:
    CS0219: Line 30: The variable `version' is assigned but its value is never used
    CS0219: Line 58: The variable `version' is assigned but its value is never used
 + ../../Source/Scripts/Items/Gems/LargeCrystal.cs:
    CS0219: Line 29: The variable `version' is assigned but its value is never used
 + ../../Source/Scripts/Items/Gems/Tourmaline.cs:
    CS0219: Line 40: The variable `version' is assigned but its value is never used
 + ../../Source/Scripts/Items/Gems/StarSapphire.cs:
    CS0219: Line 40: The variable `version' is assigned but its value is never used
 + ../../Source/Scripts/Items/Gems/Ruby.cs:
    CS0219: Line 40: The variable `version' is assigned but its value is never used
 + ../../Source/Scripts/Items/Gems/Emerald.cs:
    CS0219: Line 40: The variable `version' is assigned but its value is never used
 + ../../Source/Scripts/Items/Gems/Amber.cs:
    CS0219: Line 39: The variable `version' is assigned but its value is never used
 + ../../Source/Scripts/Items/Gems/Diamond.cs:
    CS0219: Line 40: The variable `version' is assigned but its value is never used
 + ../../Source/Scripts/Items/Gems/Crystals.cs:
    CS0219: Line 61: The variable `version' is assigned but its value is never used
 + ../../Source/Scripts/Items/Gems/Amethyst.cs:
    CS0219: Line 40: The variable `version' is assigned but its value is never used
 + ../../Source/Scripts/Items/Gems/Oyster.cs:
    CS0219: Line 41: The variable `version' is assigned but its value is never used
 + ../../Source/Scripts/Items/Gems/Citrine.cs:
    CS0219: Line 40: The variable `version' is assigned but its value is never used
 + ../../Source/Scripts/Items/Gems/Sapphire.cs:
    CS0219: Line 40: The variable `version' is assigned but its value is never used
 + ../../Source/Scripts/Mobiles/Mystical/Unicorn.cs:
    CS0219: Line 142: The variable `version' is assigned but its value is never used
 + ../../Source/Scripts/Mobiles/Mystical/CuSidhe.cs:
    CS0219: Line 121: The variable `version' is assigned but its value is never used
 + ../../Source/Scripts/Mobiles/Mystical/Xatyr.cs:
    CS0219: Line 92: The variable `version' is assigned but its value is never used
 + ../../Source/Scripts/Mobiles/Mystical/DarkUnicornRiding.cs:
    CS0219: Line 100: The variable `version' is assigned but its value is never used
 + ../../Source/Scripts/Mobiles/Mystical/AncientSphinx.cs:
    CS0219: Line 127: The variable `version' is assigned but its value is never used
 + ../../Source/Scripts/Mobiles/Mystical/Archangel.cs:
    CS0219: Line 94: The variable `version' is assigned but its value is never used
 + ../../Source/Scripts/Mobiles/Mystical/Sunlyte.cs:
    CS0219: Line 77: The variable `version' is assigned but its value is never used
 + ../../Source/Scripts/Mobiles/Mystical/DarkWisp.cs:
    CS0219: Line 73: The variable `version' is assigned but its value is never used
 + ../../Source/Scripts/Mobiles/Mystical/GuardianWolf.cs:
    CS0219: Line 167: The variable `version' is assigned but its value is never used
 + ../../Source/Scripts/Mobiles/Mystical/Pegasus.cs:
    CS0219: Line 93: The variable `version' is assigned but its value is never used
 + ../../Source/Scripts/Mobiles/Mystical/xDryad.cs:
    CS0219: Line 91: The variable `version' is assigned but its value is never used
 + ../../Source/Scripts/Mobiles/Mystical/Centaur.cs:
    CS0219: Line 74: The variable `version' is assigned but its value is never used
 + ../../Source/Scripts/Mobiles/Mystical/SphinxRiding.cs:
    CS0219: Line 131: The variable `version' is assigned but its value is never used
 + ../../Source/Scripts/Mobiles/Mystical/Angel.cs:
    CS0219: Line 90: The variable `version' is assigned but its value is never used
 + ../../Source/Scripts/Mobiles/Mystical/HippogriffRiding.cs:
    CS0219: Line 80: The variable `version' is assigned but its value is never used
 + ../../Source/Scripts/Mobiles/Mystical/Wisp.cs:
    CS0219: Line 75: The variable `version' is assigned but its value is never used
 + ../../Source/Scripts/Mobiles/Mystical/ShadowWisp.cs:
    CS0219: Line 74: The variable `version' is assigned but its value is never used
 + ../../Source/Scripts/Mobiles/Mystical/Reptalon.cs:
    CS0219: Line 77: The variable `version' is assigned but its value is never used
 + ../../Source/Scripts/Mobiles/Mystical/Phoenix.cs:
    CS0219: Line 87: The variable `version' is assigned but its value is never used
 + ../../Source/Scripts/Mobiles/Mystical/Placeron.cs:
    CS0219: Line 90: The variable `version' is assigned but its value is never used
 + ../../Source/Scripts/Mobiles/Mystical/GriffonRiding.cs:
    CS0219: Line 80: The variable `version' is assigned but its value is never used
 + ../../Source/Scripts/Mobiles/Mystical/EtherealWarrior.cs:
    CS0219: Line 141: The variable `version' is assigned but its value is never used
 + ../../Source/Scripts/Mobiles/Mystical/Faerie.cs:
    CS0219: Line 86: The variable `version' is assigned but its value is never used
 + ../../Source/Scripts/Mobiles/Mystical/Sprite.cs:
    CS0219: Line 110: The variable `version' is assigned but its value is never used
 + ../../Source/Scripts/Mobiles/Mystical/Satyr.cs:
    CS0219: Line 91: The variable `version' is assigned but its value is never used
 + ../../Source/Scripts/Mobiles/Mystical/Dreadhorn.cs:
    CS0219: Line 98: The variable `version' is assigned but its value is never used
 + ../../Source/Scripts/Mobiles/Mystical/RoyalSphinx.cs:
    CS0219: Line 127: The variable `version' is assigned but its value is never used
 + ../../Source/Scripts/Mobiles/Mystical/Pixie.cs:
    CS0219: Line 111: The variable `version' is assigned but its value is never used
 + ../../Source/Scripts/Mobiles/Mystical/CorruptCentaur.cs:
    CS0219: Line 74: The variable `version' is assigned but its value is never used
 + ../../Source/Scripts/Mobiles/Mystical/MLDryad.cs:
    CS0219: Line 89: The variable `version' is assigned but its value is never used
 + ../../Source/Scripts/Mobiles/Dragons/Dragons/SeaDragon.cs:
    CS0219: Line 105: The variable `version' is assigned but its value is never used
 + ../../Source/Scripts/Mobiles/Dragons/Dragons/GemDragons.cs:
    CS0219: Line 155: The variable `version' is assigned but its value is never used
 + ../../Source/Scripts/Mobiles/Dragons/Dragons/Dragons.cs:
    CS0219: Line 99: The variable `nu1' is assigned but its value is never used
    CS0219: Line 103: The variable `nul' is assigned but its value is never used
    CS0219: Line 219: The variable `iRusted' is assigned but its value is never used
    CS0219: Line 241: The variable `iRusted' is assigned but its value is never used
 + ../../Source/Scripts/Mobiles/Dragons/Dragons/Dragoon.cs:
    CS0219: Line 205: The variable `version' is assigned but its value is never used
 + ../../Source/Scripts/Mobiles/Dragons/Dragons/RidingDragon.cs:
    CS0219: Line 100: The variable `nu1' is assigned but its value is never used
    CS0219: Line 104: The variable `nul' is assigned but its value is never used
    CS0219: Line 225: The variable `iRusted' is assigned but its value is never used
    CS0219: Line 247: The variable `iRusted' is assigned but its value is never used
 + ../../Source/Scripts/Mobiles/Dragons/Dragons/AsianDragon.cs:
    CS0219: Line 99: The variable `version' is assigned but its value is never used
 + ../../Source/Scripts/Mobiles/Dragons/Dragons/DragonGolem.cs:
    CS0219: Line 136: The variable `version' is assigned but its value is never used
 + ../../Source/Scripts/Mobiles/Dragons/Drakes/SwampDrakeRiding.cs:
    CS0219: Line 146: The variable `version' is assigned but its value is never used
 + ../../Source/Scripts/Mobiles/Dragons/Drakes/AncientDrake.cs:
    CS0219: Line 89: The variable `version' is assigned but its value is never used
 + ../../Source/Scripts/Mobiles/Dragons/Drakes/SeaDrake.cs:
    CS0219: Line 97: The variable `version' is assigned but its value is never used
 + ../../Source/Scripts/Mobiles/Dragons/Drakes/AbysmalDrake.cs:
    CS0219: Line 82: The variable `version' is assigned but its value is never used
 + ../../Source/Scripts/Mobiles/Dragons/Drakes/Drake.cs:
    CS0219: Line 82: The variable `version' is assigned but its value is never used
 + ../../Source/Scripts/Mobiles/Dragons/Hydras/Hydra.cs:
    CS0219: Line 113: The variable `version' is assigned but its value is never used
 + ../../Source/Scripts/Mobiles/Dragons/Hydras/Wyvra.cs:
    CS0219: Line 124: The variable `version' is assigned but its value is never used
 + ../../Source/Scripts/Mobiles/Dragons/Hydras/EnergyHydra.cs:
    CS0219: Line 88: The variable `version' is assigned but its value is never used
 + ../../Source/Scripts/Mobiles/Dragons/Wyrms/AncientWyrm.cs:
    CS0219: Line 111: The variable `version' is assigned but its value is never used
 + ../../Source/Scripts/Mobiles/Dragons/Wyrms/Wyrms.cs:
    CS0219: Line 87: The variable `nu1' is assigned but its value is never used
    CS0219: Line 91: The variable `nul' is assigned but its value is never used
    CS0219: Line 209: The variable `iRusted' is assigned but its value is never used
    CS0219: Line 231: The variable `iRusted' is assigned but its value is never used
 + ../../Source/Scripts/Mobiles/Dragons/Wyrms/Wyrm.cs:
    CS0219: Line 113: The variable `version' is assigned but its value is never used
 + ../../Source/Scripts/Mobiles/Dragons/Wyrms/ShadowWyrm.cs:
    CS0219: Line 115: The variable `version' is assigned but its value is never used
 + ../../Source/Scripts/Mobiles/Dragons/Wyrms/VolcanicDragon.cs:
    CS0219: Line 121: The variable `version' is assigned but its value is never used
 + ../../Source/Scripts/Mobiles/Dragons/Great Dragons/BottleDragon.cs:
    CS0219: Line 115: The variable `version' is assigned but its value is never used
 + ../../Source/Scripts/Mobiles/Dragons/Great Dragons/VoidDragon.cs:
    CS0219: Line 131: The variable `version' is assigned but its value is never used
 + ../../Source/Scripts/Mobiles/Dragons/Great Dragons/CaddelliteDragon.cs:
    CS0219: Line 145: The variable `version' is assigned but its value is never used
    CS0219: Line 237: The variable `version' is assigned but its value is never used
 + ../../Source/Scripts/Mobiles/Dragons/Great Dragons/ElderDragon.cs:
    CS0219: Line 132: The variable `version' is assigned but its value is never used
 + ../../Source/Scripts/Mobiles/Dragons/Great Dragons/CrystalDragon.cs:
    CS0219: Line 167: The variable `version' is assigned but its value is never used
 + ../../Source/Scripts/Mobiles/Dragons/Great Dragons/RadiationDragon.cs:
    CS0219: Line 132: The variable `version' is assigned but its value is never used
 + ../../Source/Scripts/Mobiles/Dragons/Great Dragons/DragonKing.cs:
    CS0219: Line 154: The variable `version' is assigned but its value is never used
 + ../../Source/Scripts/Mobiles/Dragons/Great Dragons/AshDragon.cs:
    CS0219: Line 119: The variable `version' is assigned but its value is never used
 + ../../Source/Scripts/Mobiles/Dragons/Primeval/PrimevalNightDragon.cs:
    CS0219: Line 127: The variable `version' is assigned but its value is never used
 + ../../Source/Scripts/Mobiles/Dragons/Primeval/PrimevalRedDragon.cs:
    CS0219: Line 119: The variable `version' is assigned but its value is never used
 + ../../Source/Scripts/Mobiles/Dragons/Primeval/ReanimatedDragon.cs:
    CS0219: Line 118: The variable `version' is assigned but its value is never used
 + ../../Source/Scripts/Mobiles/Dragons/Primeval/PrimevalAmberDragon.cs:
    CS0219: Line 127: The variable `version' is assigned but its value is never used
 + ../../Source/Scripts/Mobiles/Dragons/Primeval/PrimevalSeaDragon.cs:
    CS0219: Line 128: The variable `version' is assigned but its value is never used
 + ../../Source/Scripts/Mobiles/Dragons/Primeval/PrimevalDragon.cs:
    CS0219: Line 119: The variable `version' is assigned but its value is never used
 + ../../Source/Scripts/Mobiles/Dragons/Primeval/PrimevalRoyalDragon.cs:
    CS0219: Line 119: The variable `version' is assigned but its value is never used
 + ../../Source/Scripts/Mobiles/Dragons/Primeval/PrimevalSilverDragon.cs:
    CS0219: Line 126: The variable `version' is assigned but its value is never used
 + ../../Source/Scripts/Mobiles/Dragons/Primeval/PrimevalFireDragon.cs:
    CS0219: Line 119: The variable `version' is assigned but its value is never used
 + ../../Source/Scripts/Mobiles/Dragons/Primeval/PrimevalVolcanicDragon.cs:
    CS0219: Line 119: The variable `version' is assigned but its value is never used
 + ../../Source/Scripts/Mobiles/Dragons/Primeval/PrimevalStygianDragon.cs:
    CS0219: Line 121: The variable `version' is assigned but its value is never used
 + ../../Source/Scripts/Mobiles/Dragons/Primeval/PrimevalGreenDragon.cs:
    CS0219: Line 119: The variable `version' is assigned but its value is never used
 + ../../Source/Scripts/Mobiles/Dragons/Primeval/VampiricDragon.cs:
    CS0219: Line 176: The variable `version' is assigned but its value is never used
 + ../../Source/Scripts/Mobiles/Dragons/Primeval/PrimevalAbysmalDragon.cs:
    CS0219: Line 127: The variable `version' is assigned but its value is never used
 + ../../Source/Scripts/Mobiles/Dragons/Primeval/PrimevalBlackDragon.cs:
    CS0219: Line 126: The variable `version' is assigned but its value is never used
 + ../../Source/Scripts/Mobiles/Dragons/Primeval/PrimevalRunicDragon.cs:
    CS0219: Line 129: The variable `version' is assigned but its value is never used
 + ../../Source/Scripts/Mobiles/Dragons/Wyverns/Wyverns.cs:
    CS0219: Line 112: The variable `version' is assigned but its value is never used
 + ../../Source/Scripts/Mobiles/Dragons/Wyverns/AncientWyvern.cs:
    CS0219: Line 91: The variable `version' is assigned but its value is never used
 + ../../Source/Scripts/Mobiles/Dragons/Young/FireWyrmling.cs:
    CS0219: Line 85: The variable `version' is assigned but its value is never used
 + ../../Source/Scripts/Mobiles/Dragons/Young/BabyDragon.cs:
    CS0219: Line 85: The variable `version' is assigned but its value is never used
 + ../../Source/Scripts/Mobiles/Dragons/Young/YoungDragon.cs:
    CS0219: Line 84: The variable `nu1' is assigned but its value is never used
    CS0219: Line 88: The variable `nul' is assigned but its value is never used
    CS0219: Line 204: The variable `iRusted' is assigned but its value is never used
    CS0219: Line 226: The variable `iRusted' is assigned but its value is never used
 + ../../Source/Scripts/Mobiles/Dragons/Dragonogre.cs:
    CS0219: Line 83: The variable `version' is assigned but its value is never used
 + ../../Source/Scripts/Mobiles/Dragons/Drakkhen.cs:
    CS0219: Line 82: The variable `version' is assigned but its value is never used
    CS0219: Line 156: The variable `version' is assigned but its value is never used
 + ../../Source/Scripts/Mobiles/Dragons/DragonTurtle.cs:
    CS0219: Line 120: The variable `version' is assigned but its value is never used
 + ../../Source/Scripts/Mobiles/Unique/TitanHydros.cs:
    CS0219: Line 268: The variable `version' is assigned but its value is never used
 + ../../Source/Scripts/Mobiles/Unique/TitanPyros.cs:
    CS0219: Line 256: The variable `version' is assigned but its value is never used
 + ../../Source/Scripts/Mobiles/Unique/RuneGuardian.cs:
    CS0219: Line 318: The variable `version' is assigned but its value is never used
    CS0219: Line 410: The variable `version' is assigned but its value is never used
 + ../../Source/Scripts/Mobiles/Unique/Spectres.cs:
    CS0219: Line 116: The variable `version' is assigned but its value is never used
    CS0219: Line 177: The variable `version' is assigned but its value is never used
 + ../../Source/Scripts/Mobiles/Unique/Tarjan.cs:
    CS0219: Line 153: The variable `version' is assigned but its value is never used
    CS0219: Line 245: The variable `version' is assigned but its value is never used
    CS0219: Line 283: The variable `pm' is assigned but its value is never used
    CS0219: Line 314: The variable `tarjans' is assigned but its value is never used
    CS0219: Line 340: The variable `version' is assigned but its value is never used
 + ../../Source/Scripts/Mobiles/Unique/GrayDragon.cs:
    CS0219: Line 117: The variable `version' is assigned but its value is never used
    CS0219: Line 142: The variable `pm' is assigned but its value is never used
    CS0219: Line 180: The variable `version' is assigned but its value is never used
 + ../../Source/Scripts/Mobiles/Unique/KhumashGor.cs:
    CS0219: Line 78: The variable `version' is assigned but its value is never used
 + ../../Source/Scripts/Mobiles/Unique/TitanStratos.cs:
    CS0219: Line 260: The variable `version' is assigned but its value is never used
 + ../../Source/Scripts/Mobiles/Unique/Mangar.cs:
    CS0219: Line 242: The variable `version' is assigned but its value is never used
    CS0219: Line 244: The variable `new_X' is assigned but its value is never used
    CS0219: Line 245: The variable `new_Y' is assigned but its value is never used
    CS0219: Line 246: The variable `new_Z' is assigned but its value is never used
    CS0219: Line 470: The variable `version' is assigned but its value is never used
 + ../../Source/Scripts/Mobiles/Unique/BaronAlmric.cs:
    CS0219: Line 100: The variable `armor' is assigned but its value is never used
    CS0219: Line 128: The variable `version' is assigned but its value is never used
 + ../../Source/Scripts/Mobiles/Unique/BaneOfInsanity.cs:
    CS0219: Line 196: The variable `version' is assigned but its value is never used
 + ../../Source/Scripts/Mobiles/Unique/SlasherOfVoid.cs:
    CS0219: Line 115: The variable `version' is assigned but its value is never used
 + ../../Source/Scripts/Mobiles/Unique/Exodus.cs:
    CS0219: Line 149: The variable `pet' is assigned but its value is never used
    CS0219: Line 247: The variable `version' is assigned but its value is never used
    CS0219: Line 278: The variable `version' is assigned but its value is never used
 + ../../Source/Scripts/Mobiles/Unique/Shadowlord.cs:
    CS0219: Line 275: The variable `version' is assigned but its value is never used
 + ../../Source/Scripts/Mobiles/Unique/SerpentOfChaos.cs:
    CS0219: Line 140: The variable `version' is assigned but its value is never used
 + ../../Source/Scripts/Mobiles/Unique/TitanLithos.cs:
    CS0219: Line 243: The variable `version' is assigned but its value is never used
 + ../../Source/Scripts/Mobiles/Unique/CodexGargoyles.cs:
    CS0219: Line 83: The variable `version' is assigned but its value is never used
    CS0219: Line 162: The variable `version' is assigned but its value is never used
    CS0219: Line 301: The variable `version' is assigned but its value is never used
 + ../../Source/Scripts/Mobiles/Unique/SerpentOfOrder.cs:
    CS0219: Line 145: The variable `version' is assigned but its value is never used
 + ../../Source/Scripts/Mobiles/Unique/BaneOfWantoness.cs:
    CS0219: Line 196: The variable `version' is assigned but its value is never used
 + ../../Source/Scripts/Mobiles/Unique/BaneOfAnarchy.cs:
    CS0219: Line 202: The variable `version' is assigned but its value is never used
 + ../../Source/Scripts/Mobiles/Humanoids/Savages/SavageLord.cs:
    CS0219: Line 135: The variable `version' is assigned but its value is never used
 + ../../Source/Scripts/Mobiles/Humanoids/Savages/ZuluuArcher.cs:
    CS0219: Line 112: The variable `version' is assigned but its value is never used
 + ../../Source/Scripts/Mobiles/Humanoids/Savages/Native.cs:
    CS0219: Line 101: The variable `version' is assigned but its value is never used
 + ../../Source/Scripts/Mobiles/Humanoids/Savages/SavageShaman.cs:
    CS0219: Line 284: The variable `version' is assigned but its value is never used
 + ../../Source/Scripts/Mobiles/Humanoids/Savages/ZuluuWitchDoctor.cs:
    CS0219: Line 141: The variable `version' is assigned but its value is never used
 + ../../Source/Scripts/Mobiles/Humanoids/Savages/NativeArcher.cs:
    CS0219: Line 102: The variable `version' is assigned but its value is never used
 + ../../Source/Scripts/Mobiles/Humanoids/Savages/Savage.cs:
    CS0219: Line 103: The variable `version' is assigned but its value is never used
 + ../../Source/Scripts/Mobiles/Humanoids/Savages/NativeWitchDoctor.cs:
    CS0219: Line 132: The variable `version' is assigned but its value is never used
 + ../../Source/Scripts/Mobiles/Humanoids/Savages/SavageRider.cs:
    CS0219: Line 119: The variable `version' is assigned but its value is never used
 + ../../Source/Scripts/Mobiles/Humanoids/Savages/ZuluuNative.cs:
    CS0219: Line 111: The variable `version' is assigned but its value is never used
 + ../../Source/Scripts/Mobiles/Humanoids/Lizardmen/Lizardman.cs:
    CS0219: Line 75: The variable `version' is assigned but its value is never used
 + ../../Source/Scripts/Mobiles/Humanoids/Lizardmen/Reptalar.cs:
    CS0219: Line 80: The variable `version' is assigned but its value is never used
 + ../../Source/Scripts/Mobiles/Humanoids/Lizardmen/SaklethArcher.cs:
    CS0219: Line 118: The variable `version' is assigned but its value is never used
 + ../../Source/Scripts/Mobiles/Humanoids/Lizardmen/ReptalarShaman.cs:
    CS0219: Line 102: The variable `version' is assigned but its value is never used
 + ../../Source/Scripts/Mobiles/Humanoids/Lizardmen/Grathek.cs:
    CS0219: Line 146: The variable `version' is assigned but its value is never used
 + ../../Source/Scripts/Mobiles/Humanoids/Lizardmen/Sleestax.cs:
    CS0219: Line 151: The variable `version' is assigned but its value is never used
 + ../../Source/Scripts/Mobiles/Humanoids/Lizardmen/MutantLizardman.cs:
    CS0219: Line 75: The variable `version' is assigned but its value is never used
 + ../../Source/Scripts/Mobiles/Humanoids/Lizardmen/Reptaur.cs:
    CS0219: Line 65: The variable `version' is assigned but its value is never used
 + ../../Source/Scripts/Mobiles/Humanoids/Lizardmen/LizardmanArcher.cs:
    CS0219: Line 79: The variable `version' is assigned but its value is never used
 + ../../Source/Scripts/Mobiles/Humanoids/Lizardmen/SaklethMage.cs:
    CS0219: Line 141: The variable `version' is assigned but its value is never used
 + ../../Source/Scripts/Mobiles/Humanoids/Lizardmen/KoboldMage.cs:
    CS0219: Line 98: The variable `version' is assigned but its value is never used
 + ../../Source/Scripts/Mobiles/Humanoids/Lizardmen/Kobold.cs:
    CS0219: Line 77: The variable `version' is assigned but its value is never used
 + ../../Source/Scripts/Mobiles/Humanoids/Lizardmen/ReptalarChieftain.cs:
    CS0219: Line 85: The variable `version' is assigned but its value is never used
 + ../../Source/Scripts/Mobiles/Humanoids/Lizardmen/Sakleth.cs:
    CS0219: Line 129: The variable `version' is assigned but its value is never used
 + ../../Source/Scripts/Mobiles/Humanoids/Aliens/Psionicist.cs:
    CS0219: Line 131: The variable `version' is assigned but its value is never used
 + ../../Source/Scripts/Mobiles/Humanoids/Aliens/BombWorshipper.cs:
    CS0219: Line 171: The variable `version' is assigned but its value is never used
 + ../../Source/Scripts/Mobiles/Humanoids/Aliens/Jedi.cs:
    CS0219: Line 272: The variable `version' is assigned but its value is never used
 + ../../Source/Scripts/Mobiles/Humanoids/Aliens/SavageAlien.cs:
    CS0219: Line 158: The variable `version' is assigned but its value is never used
 + ../../Source/Scripts/Mobiles/Humanoids/Aliens/Syth.cs:
    CS0219: Line 241: The variable `version' is assigned but its value is never used
 + ../../Source/Scripts/Mobiles/Humanoids/Elves/ElfMonks.cs:
    CS0219: Line 112: The variable `version' is assigned but its value is never used
 + ../../Source/Scripts/Mobiles/Humanoids/Elves/ElfMinstrel.cs:
    CS0219: Line 124: The variable `version' is assigned but its value is never used
 + ../../Source/Scripts/Mobiles/Humanoids/Elves/ElfMage.cs:
    CS0219: Line 154: The variable `version' is assigned but its value is never used
 + ../../Source/Scripts/Mobiles/Humanoids/Elves/ElfBerserker.cs:
    CS0219: Line 106: The variable `version' is assigned but its value is never used
 + ../../Source/Scripts/Mobiles/Humanoids/Elves/ElfRogue.cs:
    CS0219: Line 166: The variable `version' is assigned but its value is never used
 + ../../Source/Scripts/Mobiles/Humanoids/Serpents/FireNaga.cs:
    CS0219: Line 79: The variable `version' is assigned but its value is never used
 + ../../Source/Scripts/Mobiles/Humanoids/Serpents/SerpentarWizard.cs:
    CS0219: Line 81: The variable `version' is assigned but its value is never used
 + ../../Source/Scripts/Mobiles/Humanoids/Serpents/SerpynChampion.cs:
    CS0219: Line 77: The variable `version' is assigned but its value is never used
 + ../../Source/Scripts/Mobiles/Humanoids/Serpents/FireSlamander.cs:
    CS0219: Line 112: The variable `version' is assigned but its value is never used
 + ../../Source/Scripts/Mobiles/Humanoids/Serpents/SandSerpyn.cs:
    CS0219: Line 77: The variable `version' is assigned but its value is never used
 + ../../Source/Scripts/Mobiles/Humanoids/Serpents/Naga.cs:
    CS0219: Line 79: The variable `version' is assigned but its value is never used
 + ../../Source/Scripts/Mobiles/Humanoids/Serpents/OphidianMatriarch.cs:
    CS0219: Line 74: The variable `version' is assigned but its value is never used
 + ../../Source/Scripts/Mobiles/Humanoids/Serpents/SerpynSorceress.cs:
    CS0219: Line 80: The variable `version' is assigned but its value is never used
 + ../../Source/Scripts/Mobiles/Humanoids/Serpents/WaterNaga.cs:
    CS0219: Line 82: The variable `version' is assigned but its value is never used
 + ../../Source/Scripts/Mobiles/Humanoids/Serpents/OphidianKnight.cs:
    CS0219: Line 84: The variable `version' is assigned but its value is never used
 + ../../Source/Scripts/Mobiles/Humanoids/Serpents/OphidianArchmage.cs:
    CS0219: Line 81: The variable `version' is assigned but its value is never used
 + ../../Source/Scripts/Mobiles/Humanoids/Serpents/Serpentar.cs:
    CS0219: Line 77: The variable `version' is assigned but its value is never used
 + ../../Source/Scripts/Mobiles/Humanoids/Serpents/Serpyn.cs:
    CS0219: Line 78: The variable `version' is assigned but its value is never used
 + ../../Source/Scripts/Mobiles/Humanoids/Serpents/OphidianWarrior.cs:
    CS0219: Line 78: The variable `version' is assigned but its value is never used
 + ../../Source/Scripts/Mobiles/Humanoids/Serpents/OphidianMage.cs:
    CS0219: Line 82: The variable `version' is assigned but its value is never used
 + ../../Source/Scripts/Mobiles/Humanoids/Drakkul/Drakkul.cs:
    CS0219: Line 78: The variable `version' is assigned but its value is never used
 + ../../Source/Scripts/Mobiles/Humanoids/Drakkul/DrakkulMage.cs:
    CS0219: Line 86: The variable `version' is assigned but its value is never used
 + ../../Source/Scripts/Mobiles/Humanoids/Drakkul/DrakkulChief.cs:
    CS0219: Line 79: The variable `version' is assigned but its value is never used
 + ../../Source/Scripts/Mobiles/Humanoids/Ambroz/AbrozShaman.cs:
    CS0219: Line 122: The variable `version' is assigned but its value is never used
 + ../../Source/Scripts/Mobiles/Humanoids/Ambroz/AbrozWarrior.cs:
    CS0219: Line 115: The variable `version' is assigned but its value is never used
 + ../../Source/Scripts/Mobiles/Humanoids/Ambroz/AbrozChieftain.cs:
    CS0219: Line 115: The variable `version' is assigned but its value is never used
 + ../../Source/Scripts/Mobiles/Humanoids/Sailors/Pirates/PirateCrew.cs:
    CS0219: Line 100: The variable `version' is assigned but its value is never used
 + ../../Source/Scripts/Mobiles/Humanoids/Sailors/Pirates/PirateCrewMage.cs:
    CS0219: Line 126: The variable `version' is assigned but its value is never used
 + ../../Source/Scripts/Mobiles/Humanoids/Sailors/Pirates/ElfPirateCrewBow.cs:
    CS0219: Line 95: The variable `version' is assigned but its value is never used
 + ../../Source/Scripts/Mobiles/Humanoids/Sailors/Pirates/PirateCaptain.cs:
    CS0219: Line 113: The variable `version' is assigned but its value is never used
 + ../../Source/Scripts/Mobiles/Humanoids/Sailors/Pirates/PirateLand.cs:
    CS0219: Line 109: The variable `version' is assigned but its value is never used
 + ../../Source/Scripts/Mobiles/Humanoids/Sailors/Pirates/PirateShip.cs:
    CS0219: Line 2111: The variable `version' is assigned but its value is never used
    CS0219: Line 2144: The variable `version' is assigned but its value is never used
 + ../../Source/Scripts/Mobiles/Humanoids/Sailors/Pirates/ElfPirateCaptain.cs:
    CS0219: Line 113: The variable `version' is assigned but its value is never used
 + ../../Source/Scripts/Mobiles/Humanoids/Sailors/Pirates/ElfPirateCrewMage.cs:
    CS0219: Line 124: The variable `version' is assigned but its value is never used
 + ../../Source/Scripts/Mobiles/Humanoids/Sailors/Pirates/PirateCrewBow.cs:
    CS0219: Line 90: The variable `version' is assigned but its value is never used
 + ../../Source/Scripts/Mobiles/Humanoids/Sailors/Pirates/GalleonAddon.cs:
    CS0219: Line 933: The variable `version' is assigned but its value is never used
    CS0219: Line 966: The variable `version' is assigned but its value is never used
 + ../../Source/Scripts/Mobiles/Humanoids/Sailors/Pirates/ElfPirateCrew.cs:
    CS0219: Line 95: The variable `version' is assigned but its value is never used
 + ../../Source/Scripts/Mobiles/Humanoids/Sailors/Galleons/PirateDaemon.cs:
    CS0219: Line 72: The variable `version' is assigned but its value is never used
 + ../../Source/Scripts/Mobiles/Humanoids/Sailors/Galleons/PirateMinotaur.cs:
    CS0219: Line 85: The variable `version' is assigned but its value is never used
 + ../../Source/Scripts/Mobiles/Humanoids/Sailors/Galleons/SailorAngel.cs:
    CS0219: Line 69: The variable `version' is assigned but its value is never used
 + ../../Source/Scripts/Mobiles/Humanoids/Sailors/Galleons/BasePirate.cs:
    CS0219: Line 876: The variable `version' is assigned but its value is never used
 + ../../Source/Scripts/Mobiles/Humanoids/Sailors/Galleons/PirateGargoyle.cs:
    CS0219: Line 77: The variable `version' is assigned but its value is never used
 + ../../Source/Scripts/Mobiles/Humanoids/Sailors/Galleons/PirateUndead.cs:
    CS0219: Line 72: The variable `version' is assigned but its value is never used
 + ../../Source/Scripts/Mobiles/Humanoids/Sailors/Galleons/PirateCyclops.cs:
    CS0219: Line 77: The variable `version' is assigned but its value is never used
 + ../../Source/Scripts/Mobiles/Humanoids/Sailors/Galleons/PirateGhost.cs:
    CS0219: Line 70: The variable `version' is assigned but its value is never used
 + ../../Source/Scripts/Mobiles/Humanoids/Sailors/Galleons/PirateDragonogre.cs:
    CS0219: Line 73: The variable `version' is assigned but its value is never used
 + ../../Source/Scripts/Mobiles/Humanoids/Sailors/Galleons/PirateOphidian.cs:
    CS0219: Line 71: The variable `version' is assigned but its value is never used
 + ../../Source/Scripts/Mobiles/Humanoids/Sailors/Galleons/PirateEttinMage.cs:
    CS0219: Line 73: The variable `version' is assigned but its value is never used
 + ../../Source/Scripts/Mobiles/Humanoids/Sailors/Galleons/PirateSnakeMan.cs:
    CS0219: Line 69: The variable `version' is assigned but its value is never used
 + ../../Source/Scripts/Mobiles/Humanoids/Sailors/Galleons/SailorElf.cs:
    CS0219: Line 98: The variable `version' is assigned but its value is never used
 + ../../Source/Scripts/Mobiles/Humanoids/Sailors/Galleons/PirateDemoness.cs:
    CS0219: Line 69: The variable `version' is assigned but its value is never used
 + ../../Source/Scripts/Mobiles/Humanoids/Sailors/Galleons/PirateCult.cs:
    CS0219: Line 148: The variable `version' is assigned but its value is never used
 + ../../Source/Scripts/Mobiles/Humanoids/Sailors/Galleons/SailorAngelLord.cs:
    CS0219: Line 73: The variable `version' is assigned but its value is never used
 + ../../Source/Scripts/Mobiles/Humanoids/Sailors/Galleons/PirateNatives.cs:
    CS0219: Line 106: The variable `version' is assigned but its value is never used
 + ../../Source/Scripts/Mobiles/Humanoids/Sailors/Galleons/PirateTroll.cs:
    CS0219: Line 69: The variable `version' is assigned but its value is never used
 + ../../Source/Scripts/Mobiles/Humanoids/Sailors/Galleons/PirateSkeleton.cs:
    CS0219: Line 73: The variable `version' is assigned but its value is never used
 + ../../Source/Scripts/Mobiles/Humanoids/Sailors/Galleons/PirateTitan.cs:
    CS0219: Line 73: The variable `version' is assigned but its value is never used
 + ../../Source/Scripts/Mobiles/Humanoids/Sailors/Galleons/SailorMerchant.cs:
    CS0219: Line 99: The variable `version' is assigned but its value is never used
 + ../../Source/Scripts/Mobiles/Humanoids/Sailors/Galleons/PirateDarkLord.cs:
    CS0219: Line 70: The variable `version' is assigned but its value is never used
 + ../../Source/Scripts/Mobiles/Humanoids/Sailors/Galleons/SailorGuards.cs:
    CS0219: Line 97: The variable `version' is assigned but its value is never used
 + ../../Source/Scripts/Mobiles/Humanoids/Sailors/Galleons/PirateLichLord.cs:
    CS0219: Line 74: The variable `version' is assigned but its value is never used
 + ../../Source/Scripts/Mobiles/Humanoids/Sailors/Galleons/PirateLich.cs:
    CS0219: Line 69: The variable `version' is assigned but its value is never used
 + ../../Source/Scripts/Mobiles/Humanoids/Sailors/Galleons/PirateDrow.cs:
    CS0219: Line 94: The variable `version' is assigned but its value is never used
 + ../../Source/Scripts/Mobiles/Humanoids/Sailors/Galleons/PirateGrathek.cs:
    CS0219: Line 69: The variable `version' is assigned but its value is never used
 + ../../Source/Scripts/Mobiles/Humanoids/Sailors/Galleons/PirateSakleth.cs:
    CS0219: Line 69: The variable `version' is assigned but its value is never used
 + ../../Source/Scripts/Mobiles/Humanoids/Sailors/Galleons/PirateDevil.cs:
    CS0219: Line 77: The variable `version' is assigned but its value is never used
 + ../../Source/Scripts/Mobiles/Humanoids/Sailors/Galleons/SailorOrkGuards.cs:
    CS0219: Line 98: The variable `version' is assigned but its value is never used
 + ../../Source/Scripts/Mobiles/Humanoids/Sailors/Galleons/PirateSuccubus.cs:
    CS0219: Line 73: The variable `version' is assigned but its value is never used
 + ../../Source/Scripts/Mobiles/Humanoids/Sailors/Galleons/PirateDemon.cs:
    CS0219: Line 73: The variable `version' is assigned but its value is never used
 + ../../Source/Scripts/Mobiles/Humanoids/Sailors/Galleons/PirateOgreLord.cs:
    CS0219: Line 72: The variable `version' is assigned but its value is never used
 + ../../Source/Scripts/Mobiles/Humanoids/Sailors/Galleons/PirateMen.cs:
    CS0219: Line 101: The variable `version' is assigned but its value is never used
 + ../../Source/Scripts/Mobiles/Humanoids/Sailors/Galleons/SailorElfGuards.cs:
    CS0219: Line 91: The variable `version' is assigned but its value is never used
 + ../../Source/Scripts/Mobiles/Humanoids/Sailors/BoatPirates.cs:
    CS0219: Line 52: The variable `version' is assigned but its value is never used
    CS0219: Line 110: The variable `version' is assigned but its value is never used
    CS0219: Line 171: The variable `version' is assigned but its value is never used
    CS0219: Line 229: The variable `version' is assigned but its value is never used
    CS0219: Line 297: The variable `version' is assigned but its value is never used
    CS0219: Line 368: The variable `version' is assigned but its value is never used
 + ../../Source/Scripts/Mobiles/Humanoids/Sailors/BoatSailors.cs:
    CS0219: Line 54: The variable `version' is assigned but its value is never used
    CS0219: Line 114: The variable `version' is assigned but its value is never used
    CS0219: Line 177: The variable `version' is assigned but its value is never used
    CS0219: Line 231: The variable `version' is assigned but its value is never used
    CS0219: Line 295: The variable `version' is assigned but its value is never used
    CS0219: Line 362: The variable `version' is assigned but its value is never used
 + ../../Source/Scripts/Mobiles/Humanoids/Sailors/BaseSailor.cs:
    CS0219: Line 134: The variable `wreck' is assigned but its value is never used
    CS0219: Line 156: The variable `version' is assigned but its value is never used
 + ../../Source/Scripts/Mobiles/Humanoids/Kilrathi/Kilrathi.cs:
    CS0219: Line 67: The variable `version' is assigned but its value is never used
 + ../../Source/Scripts/Mobiles/Humanoids/Kilrathi/KilrathiGunner.cs:
    CS0219: Line 72: The variable `version' is assigned but its value is never used
 + ../../Source/Scripts/Mobiles/Humanoids/Gnome/GnomeWarrior.cs:
    CS0219: Line 67: The variable `version' is assigned but its value is never used
 + ../../Source/Scripts/Mobiles/Humanoids/Gnome/GnomeMage.cs:
    CS0219: Line 77: The variable `version' is assigned but its value is never used
 + ../../Source/Scripts/Mobiles/Humanoids/Gnome/Gnome.cs:
    CS0219: Line 66: The variable `version' is assigned but its value is never used
 + ../../Source/Scripts/Mobiles/Humanoids/Humans/Rogue.cs:
    CS0219: Line 171: The variable `version' is assigned but its value is never used
 + ../../Source/Scripts/Mobiles/Humanoids/Humans/BlackKnight.cs:
    CS0219: Line 173: The variable `version' is assigned but its value is never used
    CS0219: Line 228: The variable `version' is assigned but its value is never used
 + ../../Source/Scripts/Mobiles/Humanoids/Humans/Archmage.cs:
    CS0219: Line 168: The variable `version' is assigned but its value is never used
 + ../../Source/Scripts/Mobiles/Humanoids/Humans/Monks.cs:
    CS0219: Line 113: The variable `version' is assigned but its value is never used
 + ../../Source/Scripts/Mobiles/Humanoids/Humans/BloodAssassin.cs:
    CS0219: Line 107: The variable `version' is assigned but its value is never used
 + ../../Source/Scripts/Mobiles/Humanoids/Humans/Minstrel.cs:
    CS0219: Line 139: The variable `version' is assigned but its value is never used
 + ../../Source/Scripts/Mobiles/Humanoids/Humans/Adventurers.cs:
    CS0219: Line 213: The variable `version' is assigned but its value is never used
 + ../../Source/Scripts/Mobiles/Humanoids/Humans/Berserker.cs:
    CS0219: Line 108: The variable `version' is assigned but its value is never used
 + ../../Source/Scripts/Mobiles/Humanoids/Humans/GolemController.cs:
    CS0219: Line 111: The variable `version' is assigned but its value is never used
 + ../../Source/Scripts/Mobiles/Humanoids/Humans/EvilMage.cs:
    CS0219: Line 157: The variable `version' is assigned but its value is never used
 + ../../Source/Scripts/Mobiles/Humanoids/Humans/Bandit.cs:
    CS0219: Line 99: The variable `version' is assigned but its value is never used
 + ../../Source/Scripts/Mobiles/Humanoids/Humans/Executioner.cs:
    CS0219: Line 105: The variable `version' is assigned but its value is never used
 + ../../Source/Scripts/Mobiles/Humanoids/Humans/EvilMageLord.cs:
    CS0219: Line 186: The variable `version' is assigned but its value is never used
 + ../../Source/Scripts/Mobiles/Humanoids/Humans/Brigand.cs:
    CS0219: Line 102: The variable `version' is assigned but its value is never used
 + ../../Source/Scripts/Mobiles/Humanoids/Harpies/HarpyElder.cs:
    CS0219: Line 127: The variable `version' is assigned but its value is never used
 + ../../Source/Scripts/Mobiles/Humanoids/Harpies/Harpy.cs:
    CS0219: Line 122: The variable `version' is assigned but its value is never used
 + ../../Source/Scripts/Mobiles/Humanoids/Harpies/StoneHarpy.cs:
    CS0219: Line 124: The variable `version' is assigned but its value is never used
 + ../../Source/Scripts/Mobiles/Humanoids/Harpies/SnowHarpy.cs:
    CS0219: Line 126: The variable `version' is assigned but its value is never used
 + ../../Source/Scripts/Mobiles/Humanoids/Harpies/HarpyHen.cs:
    CS0219: Line 127: The variable `version' is assigned but its value is never used
 + ../../Source/Scripts/Mobiles/Humanoids/Terathan/TerathanMatriarch.cs:
    CS0219: Line 81: The variable `version' is assigned but its value is never used
 + ../../Source/Scripts/Mobiles/Humanoids/Terathan/TerathanDrone.cs:
    CS0219: Line 81: The variable `version' is assigned but its value is never used
 + ../../Source/Scripts/Mobiles/Humanoids/Terathan/TerathanAvenger.cs:
    CS0219: Line 87: The variable `version' is assigned but its value is never used
 + ../../Source/Scripts/Mobiles/Humanoids/Terathan/TerathanWarrior.cs:
    CS0219: Line 82: The variable `version' is assigned but its value is never used
 + ../../Source/Scripts/Mobiles/Humanoids/Ratmen/RatmanMage.cs:
    CS0219: Line 84: The variable `version' is assigned but its value is never used
 + ../../Source/Scripts/Mobiles/Humanoids/Ratmen/Ratman.cs:
    CS0219: Line 74: The variable `version' is assigned but its value is never used
 + ../../Source/Scripts/Mobiles/Humanoids/Ratmen/RatmanArcher.cs:
    CS0219: Line 79: The variable `version' is assigned but its value is never used
 + ../../Source/Scripts/Mobiles/Humanoids/Minotaurs/MinotaurSmall.cs:
    CS0219: Line 119: The variable `version' is assigned but its value is never used
 + ../../Source/Scripts/Mobiles/Humanoids/Minotaurs/Minotaur.cs:
    CS0219: Line 86: The variable `version' is assigned but its value is never used
 + ../../Source/Scripts/Mobiles/Humanoids/Minotaurs/MinotaurCaptain.cs:
    CS0219: Line 89: The variable `version' is assigned but its value is never used
 + ../../Source/Scripts/Mobiles/Humanoids/Minotaurs/MutantMinotaur.cs:
    CS0219: Line 73: The variable `version' is assigned but its value is never used
 + ../../Source/Scripts/Mobiles/Humanoids/Minotaurs/MinotaurScout.cs:
    CS0219: Line 90: The variable `version' is assigned but its value is never used
 + ../../Source/Scripts/Mobiles/Humanoids/Sea/Dagon.cs:
    CS0219: Line 106: The variable `version' is assigned but its value is never used
 + ../../Source/Scripts/Mobiles/Humanoids/Sea/NeptarWizard.cs:
    CS0219: Line 106: The variable `version' is assigned but its value is never used
 + ../../Source/Scripts/Mobiles/Humanoids/Sea/TritunMage.cs:
    CS0219: Line 88: The variable `version' is assigned but its value is never used
 + ../../Source/Scripts/Mobiles/Humanoids/Sea/SeaHagGreater.cs:
    CS0219: Line 88: The variable `version' is assigned but its value is never used
 + ../../Source/Scripts/Mobiles/Humanoids/Sea/SeaHag.cs:
    CS0219: Line 88: The variable `version' is assigned but its value is never used
 + ../../Source/Scripts/Mobiles/Humanoids/Sea/Lobstran.cs:
    CS0219: Line 67: The variable `version' is assigned but its value is never used
 + ../../Source/Scripts/Mobiles/Humanoids/Sea/Neptar.cs:
    CS0219: Line 98: The variable `version' is assigned but its value is never used
 + ../../Source/Scripts/Mobiles/Humanoids/Sea/Tritun.cs:
    CS0219: Line 83: The variable `version' is assigned but its value is never used
 + ../../Source/Scripts/Mobiles/Humanoids/Sea/Krakoa.cs:
    CS0219: Line 88: The variable `version' is assigned but its value is never used
 + ../../Source/Scripts/Mobiles/Humanoids/Sea/Locathah.cs:
    CS0219: Line 79: The variable `version' is assigned but its value is never used
 + ../../Source/Scripts/Mobiles/Humanoids/Orcs/UrcShaman.cs:
    CS0219: Line 75: The variable `version' is assigned but its value is never used
 + ../../Source/Scripts/Mobiles/Humanoids/Orcs/Urk.cs:
    CS0219: Line 210: The variable `version' is assigned but its value is never used
 + ../../Source/Scripts/Mobiles/Humanoids/Orcs/OrkRogue.cs:
    CS0219: Line 171: The variable `version' is assigned but its value is never used
 + ../../Source/Scripts/Mobiles/Humanoids/Orcs/Orc.cs:
    CS0219: Line 107: The variable `version' is assigned but its value is never used
 + ../../Source/Scripts/Mobiles/Humanoids/Orcs/OrcishLord.cs:
    CS0219: Line 83: The variable `version' is assigned but its value is never used
 + ../../Source/Scripts/Mobiles/Humanoids/Orcs/OrkMage.cs:
    CS0219: Line 156: The variable `version' is assigned but its value is never used
 + ../../Source/Scripts/Mobiles/Humanoids/Orcs/OrxWarrior.cs:
    CS0219: Line 73: The variable `version' is assigned but its value is never used
 + ../../Source/Scripts/Mobiles/Humanoids/Orcs/Urc.cs:
    CS0219: Line 84: The variable `version' is assigned but its value is never used
 + ../../Source/Scripts/Mobiles/Humanoids/Orcs/Orx.cs:
    CS0219: Line 72: The variable `version' is assigned but its value is never used
 + ../../Source/Scripts/Mobiles/Humanoids/Orcs/OrcBomber.cs:
    CS0219: Line 131: The variable `version' is assigned but its value is never used
 + ../../Source/Scripts/Mobiles/Humanoids/Orcs/UrkShaman.cs:
    CS0219: Line 151: The variable `version' is assigned but its value is never used
 + ../../Source/Scripts/Mobiles/Humanoids/Orcs/OrkWarrior.cs:
    CS0219: Line 109: The variable `version' is assigned but its value is never used
 + ../../Source/Scripts/Mobiles/Humanoids/Orcs/UrcBowman.cs:
    CS0219: Line 74: The variable `version' is assigned but its value is never used
 + ../../Source/Scripts/Mobiles/Humanoids/Orcs/OrcishMage.cs:
    CS0219: Line 82: The variable `version' is assigned but its value is never used
 + ../../Source/Scripts/Mobiles/Humanoids/Orcs/OrcCaptain.cs:
    CS0219: Line 82: The variable `version' is assigned but its value is never used
 + ../../Source/Scripts/Mobiles/Humanoids/Orcs/OrkMonks.cs:
    CS0219: Line 118: The variable `version' is assigned but its value is never used
 + ../../Source/Scripts/Mobiles/Humanoids/Medusa.cs:
    CS0219: Line 152: The variable `version' is assigned but its value is never used
 + ../../Source/Scripts/Mobiles/Humanoids/Bugbear.cs:
    CS0219: Line 89: The variable `version' is assigned but its value is never used
 + ../../Source/Scripts/Mobiles/Humanoids/GoblinArcher.cs:
    CS0219: Line 74: The variable `version' is assigned but its value is never used
 + ../../Source/Scripts/Mobiles/Humanoids/Hobgoblin.cs:
    CS0219: Line 82: The variable `version' is assigned but its value is never used
 + ../../Source/Scripts/Mobiles/Humanoids/Mongbat.cs:
    CS0219: Line 66: The variable `version' is assigned but its value is never used
 + ../../Source/Scripts/Mobiles/Humanoids/Gnoll.cs:
    CS0219: Line 75: The variable `version' is assigned but its value is never used
 + ../../Source/Scripts/Mobiles/Humanoids/Morlock.cs:
    CS0219: Line 83: The variable `version' is assigned but its value is never used
 + ../../Source/Scripts/Mobiles/Humanoids/Yeti.cs:
    CS0219: Line 63: The variable `version' is assigned but its value is never used
 + ../../Source/Scripts/Mobiles/Humanoids/MindFlayer.cs:
    CS0219: Line 146: The variable `version' is assigned but its value is never used
 + ../../Source/Scripts/Mobiles/Humanoids/Jackalwitch.cs:
    CS0219: Line 70: The variable `version' is assigned but its value is never used
 + ../../Source/Scripts/Mobiles/Humanoids/Goblin.cs:
    CS0219: Line 106: The variable `version' is assigned but its value is never used
 + ../../Source/Scripts/Mobiles/Humanoids/DriderWizard.cs:
    CS0219: Line 95: The variable `version' is assigned but its value is never used
 + ../../Source/Scripts/Mobiles/Humanoids/Durgar.cs:
    CS0219: Line 65: The variable `version' is assigned but its value is never used
 + ../../Source/Scripts/Mobiles/Humanoids/Neanderthal.cs:
    CS0219: Line 98: The variable `version' is assigned but its value is never used
 + ../../Source/Scripts/Mobiles/Humanoids/Drider.cs:
    CS0219: Line 89: The variable `version' is assigned but its value is never used
 + ../../Source/Scripts/Mobiles/Slimes/SlimeDevil.cs:
    CS0219: Line 90: The variable `version' is assigned but its value is never used
 + ../../Source/Scripts/Mobiles/Slimes/OilSlick.cs:
    CS0219: Line 132: The variable `version' is assigned but its value is never used
 + ../../Source/Scripts/Mobiles/Slimes/Viscera.cs:
    CS0219: Line 111: The variable `version' is assigned but its value is never used
 + ../../Source/Scripts/Mobiles/Slimes/AcidPuddle.cs:
    CS0219: Line 71: The variable `version' is assigned but its value is never used
 + ../../Source/Scripts/Mobiles/Slimes/CarcassWorm.cs:
    CS0219: Line 63: The variable `version' is assigned but its value is never used
 + ../../Source/Scripts/Mobiles/Slimes/MarshWurm.cs:
    CS0219: Line 112: The variable `version' is assigned but its value is never used
 + ../../Source/Scripts/Mobiles/Slimes/LavaPuddle.cs:
    CS0219: Line 67: The variable `version' is assigned but its value is never used
 + ../../Source/Scripts/Mobiles/Slimes/Jellyfish.cs:
    CS0219: Line 73: The variable `version' is assigned but its value is never used
 + ../../Source/Scripts/Mobiles/Slimes/BloodWorm.cs:
    CS0219: Line 114: The variable `version' is assigned but its value is never used
 + ../../Source/Scripts/Mobiles/Slimes/StrangleVine.cs:
    CS0219: Line 118: The variable `version' is assigned but its value is never used
 + ../../Source/Scripts/Mobiles/Slimes/GiantLeech.cs:
    CS0219: Line 109: The variable `version' is assigned but its value is never used
 + ../../Source/Scripts/Mobiles/Slimes/Slime.cs:
    CS0219: Line 103: The variable `version' is assigned but its value is never used
 + ../../Source/Scripts/Mobiles/Slimes/BlackPudding.cs:
    CS0219: Line 110: The variable `version' is assigned but its value is never used
 + ../../Source/Scripts/Mobiles/Slimes/GreenSlime.cs:
    CS0219: Line 109: The variable `version' is assigned but its value is never used
 + ../../Source/Scripts/Mobiles/Slimes/FrostOoze.cs:
    CS0219: Line 64: The variable `version' is assigned but its value is never used
 + ../../Source/Scripts/Mobiles/Plants/Bogling.cs:
    CS0219: Line 115: The variable `version' is assigned but its value is never used
 + ../../Source/Scripts/Mobiles/Plants/SeaWeeder.cs:
    CS0219: Line 88: The variable `version' is assigned but its value is never used
 + ../../Source/Scripts/Mobiles/Plants/BloodLotus.cs:
    CS0219: Line 178: The variable `version' is assigned but its value is never used
 + ../../Source/Scripts/Mobiles/Plants/WalkingReaper.cs:
    CS0219: Line 164: The variable `version' is assigned but its value is never used
 + ../../Source/Scripts/Mobiles/Plants/SwampThing.cs:
    CS0219: Line 162: The variable `version' is assigned but its value is never used
 + ../../Source/Scripts/Mobiles/Plants/SwampTentacle.cs:
    CS0219: Line 120: The variable `version' is assigned but its value is never used
 + ../../Source/Scripts/Mobiles/Plants/WhippingVine.cs:
    CS0219: Line 63: The variable `version' is assigned but its value is never used
 + ../../Source/Scripts/Mobiles/Plants/Fungal.cs:
    CS0219: Line 112: The variable `version' is assigned but its value is never used
 + ../../Source/Scripts/Mobiles/Plants/Quagmire.cs:
    CS0219: Line 70: The variable `version' is assigned but its value is never used
 + ../../Source/Scripts/Mobiles/Plants/WoodlandDevil.cs:
    CS0219: Line 84: The variable `version' is assigned but its value is never used
 + ../../Source/Scripts/Mobiles/Plants/Corpser.cs:
    CS0219: Line 130: The variable `version' is assigned but its value is never used
 + ../../Source/Scripts/Mobiles/Plants/AncientEnt.cs:
    CS0219: Line 194: The variable `version' is assigned but its value is never used
 + ../../Source/Scripts/Mobiles/Plants/FungalMage.cs:
    CS0219: Line 115: The variable `version' is assigned but its value is never used
 + ../../Source/Scripts/Mobiles/Plants/BogThing.cs:
    CS0219: Line 125: The variable `version' is assigned but its value is never used
 + ../../Source/Scripts/Mobiles/Plants/AncientReaper.cs:
    CS0219: Line 169: The variable `version' is assigned but its value is never used
 + ../../Source/Scripts/Mobiles/Plants/Ent.cs:
    CS0219: Line 195: The variable `version' is assigned but its value is never used
 + ../../Source/Scripts/Mobiles/Plants/CreepingFungus.cs:
    CS0219: Line 93: The variable `version' is assigned but its value is never used
 + ../../Source/Scripts/Mobiles/Plants/EvilEnt.cs:
    CS0219: Line 189: The variable `version' is assigned but its value is never used
 + ../../Source/Scripts/Mobiles/Plants/DeadReaper.cs:
    CS0219: Line 102: The variable `version' is assigned but its value is never used
 + ../../Source/Scripts/Mobiles/Plants/TheAncientTree.cs:
    CS0219: Line 174: The variable `version' is assigned but its value is never used
 + ../../Source/Scripts/Mobiles/Plants/Reaper.cs:
    CS0219: Line 165: The variable `version' is assigned but its value is never used
 + ../../Source/Scripts/Mobiles/Demons/FireMephit.cs:
    CS0219: Line 83: The variable `version' is assigned but its value is never used
 + ../../Source/Scripts/Mobiles/Demons/ShadowDemon.cs:
    CS0219: Line 93: The variable `version' is assigned but its value is never used
 + ../../Source/Scripts/Mobiles/Demons/DemonicGhost.cs:
    CS0219: Line 72: The variable `version' is assigned but its value is never used
 + ../../Source/Scripts/Mobiles/Demons/DeepSeaDevil.cs:
    CS0219: Line 119: The variable `version' is assigned but its value is never used
 + ../../Source/Scripts/Mobiles/Demons/Archfiend.cs:
    CS0219: Line 136: The variable `version' is assigned but its value is never used
 + ../../Source/Scripts/Mobiles/Demons/Satan.cs:
    CS0219: Line 129: The variable `version' is assigned but its value is never used
 + ../../Source/Scripts/Mobiles/Demons/DaemonTemplate.cs:
    CS0219: Line 74: The variable `version' is assigned but its value is never used
 + ../../Source/Scripts/Mobiles/Demons/ClassicBalron.cs:
    CS0219: Line 80: The variable `version' is assigned but its value is never used
 + ../../Source/Scripts/Mobiles/Demons/LowerDemon.cs:
    CS0219: Line 74: The variable `version' is assigned but its value is never used
 + ../../Source/Scripts/Mobiles/Demons/ClassicDaemon.cs:
    CS0219: Line 78: The variable `version' is assigned but its value is never used
 + ../../Source/Scripts/Mobiles/Demons/MutantDaemon.cs:
    CS0219: Line 84: The variable `version' is assigned but its value is never used
 + ../../Source/Scripts/Mobiles/Demons/LesserDemon.cs:
    CS0219: Line 75: The variable `version' is assigned but its value is never used
 + ../../Source/Scripts/Mobiles/Demons/Fiend.cs:
    CS0219: Line 134: The variable `version' is assigned but its value is never used
 + ../../Source/Scripts/Mobiles/Demons/Demon.cs:
    CS0219: Line 86: The variable `version' is assigned but its value is never used
 + ../../Source/Scripts/Mobiles/Demons/IceDevil.cs:
    CS0219: Line 90: The variable `version' is assigned but its value is never used
 + ../../Source/Scripts/Mobiles/Demons/AbysmalDaemon.cs:
    CS0219: Line 112: The variable `version' is assigned but its value is never used
 + ../../Source/Scripts/Mobiles/Demons/BloodDemon.cs:
    CS0219: Line 144: The variable `version' is assigned but its value is never used
 + ../../Source/Scripts/Mobiles/Demons/BlackGateDemon.cs:
    CS0219: Line 167: The variable `version' is assigned but its value is never used
    CS0219: Line 169: The variable `new_X' is assigned but its value is never used
    CS0219: Line 170: The variable `new_Y' is assigned but its value is never used
    CS0219: Line 171: The variable `new_Z' is assigned but its value is never used
 + ../../Source/Scripts/Mobiles/Demons/Devil.cs:
    CS0219: Line 92: The variable `version' is assigned but its value is never used
 + ../../Source/Scripts/Mobiles/Demons/Xurtzar.cs:
    CS0219: Line 124: The variable `version' is assigned but its value is never used
    CS0219: Line 216: The variable `version' is assigned but its value is never used
 + ../../Source/Scripts/Mobiles/Demons/Marilith.cs:
    CS0219: Line 107: The variable `version' is assigned but its value is never used
 + ../../Source/Scripts/Mobiles/Demons/BoneDemon.cs:
    CS0219: Line 98: The variable `version' is assigned but its value is never used
 + ../../Source/Scripts/Mobiles/Demons/Succubus.cs:
    CS0219: Line 119: The variable `version' is assigned but its value is never used
 + ../../Source/Scripts/Mobiles/Demons/ShadowHound.cs:
    CS0219: Line 59: The variable `version' is assigned but its value is never used
 + ../../Source/Scripts/Mobiles/Demons/FireDemon.cs:
    CS0219: Line 78: The variable `version' is assigned but its value is never used
 + ../../Source/Scripts/Mobiles/Demons/Imp.cs:
    CS0219: Line 88: The variable `version' is assigned but its value is never used
 + ../../Source/Scripts/Mobiles/Demons/Daemon.cs:
    CS0219: Line 81: The variable `version' is assigned but its value is never used
    CS0219: Line 257: The variable `iRusted' is assigned but its value is never used
    CS0219: Line 279: The variable `iRusted' is assigned but its value is never used
 + ../../Source/Scripts/Mobiles/Demons/Balron.cs:
    CS0219: Line 87: The variable `version' is assigned but its value is never used
    CS0219: Line 241: The variable `iRusted' is assigned but its value is never used
    CS0219: Line 263: The variable `iRusted' is assigned but its value is never used
    CS0219: Line 956: The variable `version' is assigned but its value is never used
 + ../../Source/Scripts/Mobiles/Demons/Ifreet.cs:
    CS0219: Line 196: The variable `version' is assigned but its value is never used
 + ../../Source/Scripts/Mobiles/Demons/BloodDemigod.cs:
    CS0219: Line 171: The variable `version' is assigned but its value is never used
 + ../../Source/Scripts/Mobiles/Demons/DemonOfTheSea.cs:
    CS0219: Line 112: The variable `version' is assigned but its value is never used
 + ../../Source/Scripts/Mobiles/Demons/Afreet.cs:
    CS0219: Line 203: The variable `version' is assigned but its value is never used
 + ../../Source/Scripts/Mobiles/Unusual/Kuthulu.cs:
    CS0219: Line 124: The variable `version' is assigned but its value is never used
 + ../../Source/Scripts/Mobiles/Unusual/Cronosaurus.cs:
    CS0219: Line 103: The variable `version' is assigned but its value is never used
 + ../../Source/Scripts/Mobiles/Unusual/EyeOfTheDeep.cs:
    CS0219: Line 73: The variable `version' is assigned but its value is never used
 + ../../Source/Scripts/Mobiles/Unusual/Seeker.cs:
    CS0219: Line 118: The variable `version' is assigned but its value is never used
 + ../../Source/Scripts/Mobiles/Unusual/Xenomorph.cs:
    CS0219: Line 139: The variable `version' is assigned but its value is never used
 + ../../Source/Scripts/Mobiles/Unusual/Xorn.cs:
    CS0219: Line 110: The variable `version' is assigned but its value is never used
 + ../../Source/Scripts/Mobiles/Unusual/VorpalBunny.cs:
    CS0219: Line 79: The variable `version' is assigned but its value is never used
    CS0219: Line 138: The variable `version' is assigned but its value is never used
 + ../../Source/Scripts/Mobiles/Unusual/Xenomutant.cs:
    CS0219: Line 148: The variable `version' is assigned but its value is never used
 + ../../Source/Scripts/Mobiles/Unusual/UmberHulk.cs:
    CS0219: Line 132: The variable `version' is assigned but its value is never used
 + ../../Source/Scripts/Mobiles/Unusual/SoulSucker.cs:
    CS0219: Line 119: The variable `version' is assigned but its value is never used
 + ../../Source/Scripts/Mobiles/Unusual/ElderGazer.cs:
    CS0219: Line 67: The variable `version' is assigned but its value is never used
 + ../../Source/Scripts/Mobiles/Unusual/Watcher.cs:
    CS0219: Line 153: The variable `version' is assigned but its value is never used
 + ../../Source/Scripts/Mobiles/Unusual/GorgonRiding.cs:
    CS0219: Line 142: The variable `version' is assigned but its value is never used
 + ../../Source/Scripts/Mobiles/Unusual/HookHorror.cs:
    CS0219: Line 70: The variable `version' is assigned but its value is never used
 + ../../Source/Scripts/Mobiles/Unusual/FloatingEye.cs:
    CS0219: Line 74: The variable `version' is assigned but its value is never used
 + ../../Source/Scripts/Mobiles/Unusual/HeadlessOne.cs:
    CS0219: Line 63: The variable `version' is assigned but its value is never used
 + ../../Source/Scripts/Mobiles/Unusual/Gazer.cs:
    CS0219: Line 69: The variable `version' is assigned but its value is never used
 + ../../Source/Scripts/Mobiles/Unusual/StoneRoper.cs:
    CS0219: Line 83: The variable `version' is assigned but its value is never used
 + ../../Source/Scripts/Mobiles/Unusual/Beholder.cs:
    CS0219: Line 148: The variable `version' is assigned but its value is never used
 + ../../Source/Scripts/Mobiles/Unusual/Roper.cs:
    CS0219: Line 79: The variable `version' is assigned but its value is never used
 + ../../Source/Scripts/Mobiles/Goliaths/Titans/Titan.cs:
    CS0219: Line 106: The variable `version' is assigned but its value is never used
 + ../../Source/Scripts/Mobiles/Goliaths/Titans/ElderTitan.cs:
    CS0219: Line 104: The variable `version' is assigned but its value is never used
 + ../../Source/Scripts/Mobiles/Goliaths/Trolls/FrostTroll.cs:
    CS0219: Line 72: The variable `version' is assigned but its value is never used
 + ../../Source/Scripts/Mobiles/Goliaths/Trolls/SwampTroll.cs:
    CS0219: Line 73: The variable `version' is assigned but its value is never used
 + ../../Source/Scripts/Mobiles/Goliaths/Trolls/TrollWitchDoctor.cs:
    CS0219: Line 76: The variable `version' is assigned but its value is never used
 + ../../Source/Scripts/Mobiles/Goliaths/Trolls/FrostTrollShaman.cs:
    CS0219: Line 75: The variable `version' is assigned but its value is never used
 + ../../Source/Scripts/Mobiles/Goliaths/Trolls/Troll.cs:
    CS0219: Line 98: The variable `version' is assigned but its value is never used
 + ../../Source/Scripts/Mobiles/Goliaths/Trolls/SeaTroll.cs:
    CS0219: Line 74: The variable `version' is assigned but its value is never used
 + ../../Source/Scripts/Mobiles/Goliaths/Ogres/Ogre.cs:
    CS0219: Line 102: The variable `version' is assigned but its value is never used
 + ../../Source/Scripts/Mobiles/Goliaths/Ogres/OgreLord.cs:
    CS0219: Line 102: The variable `version' is assigned but its value is never used
 + ../../Source/Scripts/Mobiles/Goliaths/Ogres/OgreMagi.cs:
    CS0219: Line 75: The variable `version' is assigned but its value is never used
 + ../../Source/Scripts/Mobiles/Goliaths/Ogres/TundraOgre.cs:
    CS0219: Line 100: The variable `version' is assigned but its value is never used
 + ../../Source/Scripts/Mobiles/Goliaths/Ogres/ArcticOgreLord.cs:
    CS0219: Line 100: The variable `version' is assigned but its value is never used
 + ../../Source/Scripts/Mobiles/Goliaths/Ogres/AbysmalOgre.cs:
    CS0219: Line 103: The variable `version' is assigned but its value is never used
 + ../../Source/Scripts/Mobiles/Goliaths/Cyclops/ShamanicCyclops.cs:
    CS0219: Line 87: The variable `version' is assigned but its value is never used
 + ../../Source/Scripts/Mobiles/Goliaths/Cyclops/Cyclops.cs:
    CS0219: Line 149: The variable `version' is assigned but its value is never used
 + ../../Source/Scripts/Mobiles/Goliaths/Cyclops/AncientCyclops.cs:
    CS0219: Line 105: The variable `version' is assigned but its value is never used
 + ../../Source/Scripts/Mobiles/Goliaths/Giants/FrostGiant.cs:
    CS0219: Line 135: The variable `version' is assigned but its value is never used
 + ../../Source/Scripts/Mobiles/Goliaths/Giants/StarGiant.cs:
    CS0219: Line 113: The variable `version' is assigned but its value is never used
 + ../../Source/Scripts/Mobiles/Goliaths/Giants/FireGiant.cs:
    CS0219: Line 141: The variable `version' is assigned but its value is never used
 + ../../Source/Scripts/Mobiles/Goliaths/Giants/HillGiantShaman.cs:
    CS0219: Line 118: The variable `version' is assigned but its value is never used
 + ../../Source/Scripts/Mobiles/Goliaths/Giants/AbyssGiant.cs:
    CS0219: Line 112: The variable `version' is assigned but its value is never used
 + ../../Source/Scripts/Mobiles/Goliaths/Giants/StormGiant.cs:
    CS0219: Line 113: The variable `version' is assigned but its value is never used
 + ../../Source/Scripts/Mobiles/Goliaths/Giants/MountainGiant.cs:
    CS0219: Line 120: The variable `version' is assigned but its value is never used
 + ../../Source/Scripts/Mobiles/Goliaths/Giants/ForestGiant.cs:
    CS0219: Line 118: The variable `version' is assigned but its value is never used
 + ../../Source/Scripts/Mobiles/Goliaths/Giants/DeepSeaGiant.cs:
    CS0219: Line 105: The variable `version' is assigned but its value is never used
 + ../../Source/Scripts/Mobiles/Goliaths/Giants/CloudGiant.cs:
    CS0219: Line 113: The variable `version' is assigned but its value is never used
 + ../../Source/Scripts/Mobiles/Goliaths/Giants/SandGiant.cs:
    CS0219: Line 117: The variable `version' is assigned but its value is never used
 + ../../Source/Scripts/Mobiles/Goliaths/Giants/LavaGiant.cs:
    CS0219: Line 114: The variable `version' is assigned but its value is never used
 + ../../Source/Scripts/Mobiles/Goliaths/Giants/Giant.cs:
    CS0219: Line 116: The variable `version' is assigned but its value is never used
 + ../../Source/Scripts/Mobiles/Goliaths/Giants/JungleGiant.cs:
    CS0219: Line 113: The variable `version' is assigned but its value is never used
 + ../../Source/Scripts/Mobiles/Goliaths/Giants/IceGiant.cs:
    CS0219: Line 115: The variable `version' is assigned but its value is never used
 + ../../Source/Scripts/Mobiles/Goliaths/Giants/SeaGiant.cs:
    CS0219: Line 102: The variable `version' is assigned but its value is never used
 + ../../Source/Scripts/Mobiles/Goliaths/Giants/HillGiant.cs:
    CS0219: Line 116: The variable `version' is assigned but its value is never used
 + ../../Source/Scripts/Mobiles/Goliaths/Giants/StoneGiant.cs:
    CS0219: Line 133: The variable `version' is assigned but its value is never used
 + ../../Source/Scripts/Mobiles/Goliaths/Ettins/EttinShaman.cs:
    CS0219: Line 77: The variable `version' is assigned but its value is never used
 + ../../Source/Scripts/Mobiles/Goliaths/Ettins/AncientEttin.cs:
    CS0219: Line 78: The variable `version' is assigned but its value is never used
 + ../../Source/Scripts/Mobiles/Goliaths/Ettins/Ettin.cs:
    CS0219: Line 85: The variable `version' is assigned but its value is never used
 + ../../Source/Scripts/Mobiles/Goliaths/Ettins/ArcticEttin.cs:
    CS0219: Line 85: The variable `version' is assigned but its value is never used
 + ../../Source/Scripts/Mobiles/Goliaths/OrkDemigod.cs:
    CS0219: Line 136: The variable `version' is assigned but its value is never used
 + ../../Source/Scripts/Mobiles/Goliaths/ZornTheBlacksmith.cs:
    CS0219: Line 89: The variable `version' is assigned but its value is never used
 + ../../Source/Scripts/Mobiles/Hellish/HordeMinion.cs:
    CS0219: Line 82: The variable `version' is assigned but its value is never used
 + ../../Source/Scripts/Mobiles/Hellish/ShadowFiend.cs:
    CS0219: Line 74: The variable `version' is assigned but its value is never used
 + ../../Source/Scripts/Mobiles/Hellish/DarkHound.cs:
    CS0219: Line 68: The variable `version' is assigned but its value is never used
 + ../../Source/Scripts/Mobiles/Hellish/ManticoreRiding.cs:
    CS0219: Line 92: The variable `version' is assigned but its value is never used
 + ../../Source/Scripts/Mobiles/Hellish/DemonDog.cs:
    CS0219: Line 85: The variable `version' is assigned but its value is never used
 + ../../Source/Scripts/Mobiles/Hellish/HellBeast.cs:
    CS0219: Line 147: The variable `version' is assigned but its value is never used
 + ../../Source/Scripts/Mobiles/Hellish/Nightmare.cs:
    CS0219: Line 102: The variable `version' is assigned but its value is never used
 + ../../Source/Scripts/Mobiles/Hellish/HellHound.cs:
    CS0219: Line 82: The variable `version' is assigned but its value is never used
 + ../../Source/Scripts/Mobiles/Hellish/AncientNightmareRiding.cs:
    CS0219: Line 93: The variable `version' is assigned but its value is never used
 + ../../Source/Scripts/Mobiles/Hellish/Vrock.cs:
    CS0219: Line 78: The variable `version' is assigned but its value is never used
 + ../../Source/Scripts/Mobiles/Hellish/Chimera.cs:
    CS0219: Line 83: The variable `version' is assigned but its value is never used
 + ../../Source/Scripts/Mobiles/Hellish/Cerberus.cs:
    CS0219: Line 90: The variable `version' is assigned but its value is never used
 + ../../Source/Scripts/Mobiles/Omni AI/OmniAI Core.cs:
    CS0429: Line 40: Unreachable expression code detected
 + ../../Source/Scripts/Mobiles/Omni AI/OmniAI Bard.cs:
    CS0219: Line 102: The variable `mods' is assigned but its value is never used
 + ../../Source/Scripts/Mobiles/Omni AI/AITester.cs:
    CS0219: Line 124: The variable `version' is assigned but its value is never used
 + ../../Source/Scripts/Mobiles/Animals/Misc/Ramadon.cs:
    CS0219: Line 80: The variable `version' is assigned but its value is never used
 + ../../Source/Scripts/Mobiles/Animals/Misc/Moose.cs:
    CS0219: Line 77: The variable `version' is assigned but its value is never used
 + ../../Source/Scripts/Mobiles/Animals/Misc/Walrus.cs:
    CS0219: Line 130: The variable `version' is assigned but its value is never used
 + ../../Source/Scripts/Mobiles/Animals/Misc/PackNecroHound.cs:
    CS0219: Line 116: The variable `version' is assigned but its value is never used
 + ../../Source/Scripts/Mobiles/Animals/Misc/Hind.cs:
    CS0219: Line 77: The variable `version' is assigned but its value is never used
 + ../../Source/Scripts/Mobiles/Animals/Misc/Grum.cs:
    CS0219: Line 147: The variable `version' is assigned but its value is never used
 + ../../Source/Scripts/Mobiles/Animals/Misc/Boar.cs:
    CS0219: Line 80: The variable `version' is assigned but its value is never used
 + ../../Source/Scripts/Mobiles/Animals/Misc/PackMule.cs:
    CS0219: Line 116: The variable `version' is assigned but its value is never used
 + ../../Source/Scripts/Mobiles/Animals/Misc/PackHorse.cs:
    CS0219: Line 142: The variable `version' is assigned but its value is never used
 + ../../Source/Scripts/Mobiles/Animals/Misc/Ape.cs:
    CS0219: Line 70: The variable `version' is assigned but its value is never used
 + ../../Source/Scripts/Mobiles/Animals/Misc/Infected.cs:
    CS0219: Line 92: The variable `version' is assigned but its value is never used
 + ../../Source/Scripts/Mobiles/Animals/Misc/Gorilla.cs:
    CS0219: Line 68: The variable `version' is assigned but its value is never used
 + ../../Source/Scripts/Mobiles/Animals/Misc/Tuskadon.cs:
    CS0219: Line 158: The variable `version' is assigned but its value is never used
 + ../../Source/Scripts/Mobiles/Animals/Misc/DireGoat.cs:
    CS0219: Line 66: The variable `version' is assigned but its value is never used
 + ../../Source/Scripts/Mobiles/Animals/Misc/GreatHart.cs:
    CS0219: Line 78: The variable `version' is assigned but its value is never used
 + ../../Source/Scripts/Mobiles/Animals/Misc/Gazelle.cs:
    CS0219: Line 75: The variable `version' is assigned but its value is never used
 + ../../Source/Scripts/Mobiles/Animals/Misc/Dolphin.cs:
    CS0219: Line 88: The variable `version' is assigned but its value is never used
 + ../../Source/Scripts/Mobiles/Animals/Misc/PackNecroSpider.cs:
    CS0219: Line 140: The variable `version' is assigned but its value is never used
 + ../../Source/Scripts/Mobiles/Animals/Misc/MountainGoat.cs:
    CS0219: Line 68: The variable `version' is assigned but its value is never used
 + ../../Source/Scripts/Mobiles/Animals/Misc/Antelope.cs:
    CS0219: Line 77: The variable `version' is assigned but its value is never used
 + ../../Source/Scripts/Mobiles/Animals/Misc/Goat.cs:
    CS0219: Line 64: The variable `version' is assigned but its value is never used
 + ../../Source/Scripts/Mobiles/Animals/Misc/Mammoth.cs:
    CS0219: Line 69: The variable `version' is assigned but its value is never used
 + ../../Source/Scripts/Mobiles/Animals/Misc/PackLlama.cs:
    CS0219: Line 140: The variable `version' is assigned but its value is never used
 + ../../Source/Scripts/Mobiles/Animals/Misc/Elephant.cs:
    CS0219: Line 168: The variable `version' is assigned but its value is never used
 + ../../Source/Scripts/Mobiles/Animals/Misc/Giraffe.cs:
    CS0219: Line 77: The variable `version' is assigned but its value is never used
 + ../../Source/Scripts/Mobiles/Animals/Misc/Llama.cs:
    CS0219: Line 62: The variable `version' is assigned but its value is never used
 + ../../Source/Scripts/Mobiles/Animals/Misc/Pig.cs:
    CS0219: Line 62: The variable `version' is assigned but its value is never used
 + ../../Source/Scripts/Mobiles/Animals/Misc/Mastadon.cs:
    CS0219: Line 52: The variable `version' is assigned but its value is never used
 + ../../Source/Scripts/Mobiles/Animals/Misc/DireBoar.cs:
    CS0219: Line 80: The variable `version' is assigned but its value is never used
 + ../../Source/Scripts/Mobiles/Animals/Misc/Monkey.cs:
    CS0219: Line 67: The variable `version' is assigned but its value is never used
 + ../../Source/Scripts/Mobiles/Animals/Misc/Gorakong.cs:
    CS0219: Line 73: The variable `version' is assigned but its value is never used
 + ../../Source/Scripts/Mobiles/Animals/Cows/BullradonRiding.cs:
    CS0219: Line 93: The variable `version' is assigned but its value is never used
 + ../../Source/Scripts/Mobiles/Animals/Cows/Bull.cs:
    CS0219: Line 67: The variable `version' is assigned but its value is never used
 + ../../Source/Scripts/Mobiles/Animals/Mounts/SnowOstard.cs:
    CS0219: Line 66: The variable `version' is assigned but its value is never used
 + ../../Source/Scripts/Mobiles/Animals/Mounts/GiantHawk.cs:
    CS0219: Line 87: The variable `version' is assigned but its value is never used
 + ../../Source/Scripts/Mobiles/Animals/Mounts/DesertOstard.cs:
    CS0219: Line 66: The variable `version' is assigned but its value is never used
 + ../../Source/Scripts/Mobiles/Animals/Mounts/Ethereals.cs:
    CS0219: Line 517: The variable `ethy' is assigned but its value is never used
    CS0219: Line 560: The variable `version' is assigned but its value is never used
    CS0219: Line 590: The variable `version' is assigned but its value is never used
    CS0219: Line 617: The variable `version' is assigned but its value is never used
    CS0219: Line 644: The variable `version' is assigned but its value is never used
    CS0219: Line 671: The variable `version' is assigned but its value is never used
    CS0219: Line 698: The variable `version' is assigned but its value is never used
    CS0219: Line 725: The variable `version' is assigned but its value is never used
    CS0219: Line 752: The variable `version' is assigned but its value is never used
    CS0219: Line 779: The variable `version' is assigned but its value is never used
    CS0219: Line 806: The variable `version' is assigned but its value is never used
    CS0219: Line 833: The variable `version' is assigned but its value is never used
    CS0219: Line 860: The variable `version' is assigned but its value is never used
    CS0219: Line 887: The variable `version' is assigned but its value is never used
    CS0414: Line 435: The private field `Server.Mobiles.EtherealMount.EtherealSpell.m_Owner' is assigned but its value is never used
 + ../../Source/Scripts/Mobiles/Animals/Mounts/SeaHorse.cs:
    CS0219: Line 37: The variable `version' is assigned but its value is never used
 + ../../Source/Scripts/Mobiles/Animals/Mounts/GiantRaven.cs:
    CS0219: Line 99: The variable `version' is assigned but its value is never used
 + ../../Source/Scripts/Mobiles/Animals/Mounts/SilverSteed.cs:
    CS0219: Line 41: The variable `version' is assigned but its value is never used
 + ../../Source/Scripts/Mobiles/Animals/Mounts/Horse.cs:
    CS0219: Line 89: The variable `version' is assigned but its value is never used
 + ../../Source/Scripts/Mobiles/Animals/Mounts/ForestOstard.cs:
    CS0219: Line 65: The variable `version' is assigned but its value is never used
 + ../../Source/Scripts/Mobiles/Animals/Mounts/ZebraRiding.cs:
    CS0219: Line 68: The variable `version' is assigned but its value is never used
 + ../../Source/Scripts/Mobiles/Animals/Mounts/EvilMounts.cs:
    CS0219: Line 59: The variable `version' is assigned but its value is never used
 + ../../Source/Scripts/Mobiles/Animals/Mounts/FrenziedOstard.cs:
    CS0219: Line 68: The variable `version' is assigned but its value is never used
 + ../../Source/Scripts/Mobiles/Animals/Mounts/RidableLlama.cs:
    CS0219: Line 67: The variable `version' is assigned but its value is never used
 + ../../Source/Scripts/Mobiles/Animals/Felines/WhiteCat.cs:
    CS0219: Line 71: The variable `version' is assigned but its value is never used
 + ../../Source/Scripts/Mobiles/Animals/Felines/PredatorHellCatRiding.cs:
    CS0219: Line 87: The variable `version' is assigned but its value is never used
 + ../../Source/Scripts/Mobiles/Animals/Felines/Cat.cs:
    CS0219: Line 64: The variable `version' is assigned but its value is never used
 + ../../Source/Scripts/Mobiles/Animals/Felines/SnowLeopard.cs:
    CS0219: Line 72: The variable `version' is assigned but its value is never used
 + ../../Source/Scripts/Mobiles/Animals/Felines/LionRiding.cs:
    CS0219: Line 77: The variable `version' is assigned but its value is never used
 + ../../Source/Scripts/Mobiles/Animals/Felines/SnowLion.cs:
    CS0219: Line 79: The variable `version' is assigned but its value is never used
 + ../../Source/Scripts/Mobiles/Animals/Felines/Panther.cs:
    CS0219: Line 110: The variable `version' is assigned but its value is never used
 + ../../Source/Scripts/Mobiles/Animals/Felines/Cougar.cs:
    CS0219: Line 68: The variable `version' is assigned but its value is never used
 + ../../Source/Scripts/Mobiles/Animals/Felines/CragCat.cs:
    CS0219: Line 71: The variable `version' is assigned but its value is never used
 + ../../Source/Scripts/Mobiles/Animals/Felines/Cheetah.cs:
    CS0219: Line 68: The variable `version' is assigned but its value is never used
 + ../../Source/Scripts/Mobiles/Animals/Felines/WhiteTigerRiding.cs:
    CS0219: Line 79: The variable `version' is assigned but its value is never used
 + ../../Source/Scripts/Mobiles/Animals/Felines/HellCat.cs:
    CS0219: Line 80: The variable `version' is assigned but its value is never used
 + ../../Source/Scripts/Mobiles/Animals/Felines/SabretoothCub.cs:
    CS0219: Line 67: The variable `version' is assigned but its value is never used
 + ../../Source/Scripts/Mobiles/Animals/Felines/Bobcat.cs:
    CS0219: Line 69: The variable `version' is assigned but its value is never used
 + ../../Source/Scripts/Mobiles/Animals/Felines/TigerRiding.cs:
    CS0219: Line 78: The variable `version' is assigned but its value is never used
 + ../../Source/Scripts/Mobiles/Animals/Felines/BlackCat.cs:
    CS0219: Line 71: The variable `version' is assigned but its value is never used
 + ../../Source/Scripts/Mobiles/Animals/Felines/SabretoothTigerRiding.cs:
    CS0219: Line 75: The variable `version' is assigned but its value is never used
 + ../../Source/Scripts/Mobiles/Animals/Felines/Jaguar.cs:
    CS0219: Line 68: The variable `version' is assigned but its value is never used
 + ../../Source/Scripts/Mobiles/Animals/Canines/GreyWolf.cs:
    CS0219: Line 71: The variable `version' is assigned but its value is never used
 + ../../Source/Scripts/Mobiles/Animals/Canines/WinterWolf.cs:
    CS0219: Line 90: The variable `version' is assigned but its value is never used
 + ../../Source/Scripts/Mobiles/Animals/Canines/WolfDire.cs:
    CS0219: Line 78: The variable `version' is assigned but its value is never used
 + ../../Source/Scripts/Mobiles/Animals/Canines/BlackWolf.cs:
    CS0219: Line 75: The variable `version' is assigned but its value is never used
 + ../../Source/Scripts/Mobiles/Animals/Canines/Worg.cs:
    CS0219: Line 67: The variable `version' is assigned but its value is never used
 + ../../Source/Scripts/Mobiles/Animals/Canines/TimberWolf.cs:
    CS0219: Line 70: The variable `version' is assigned but its value is never used
 + ../../Source/Scripts/Mobiles/Animals/Canines/Jackal.cs:
    CS0219: Line 71: The variable `version' is assigned but its value is never used
 + ../../Source/Scripts/Mobiles/Animals/Canines/Fox.cs:
    CS0219: Line 62: The variable `version' is assigned but its value is never used
 + ../../Source/Scripts/Mobiles/Animals/Canines/Hyena.cs:
    CS0219: Line 70: The variable `version' is assigned but its value is never used
 + ../../Source/Scripts/Mobiles/Animals/Canines/WhiteWolf.cs:
    CS0219: Line 76: The variable `version' is assigned but its value is never used
 + ../../Source/Scripts/Mobiles/Animals/Canines/MadDog.cs:
    CS0219: Line 67: The variable `version' is assigned but its value is never used
 + ../../Source/Scripts/Mobiles/Animals/Canines/WolfMan.cs:
    CS0219: Line 73: The variable `version' is assigned but its value is never used
 + ../../Source/Scripts/Mobiles/Animals/Canines/Dog.cs:
    CS0219: Line 63: The variable `version' is assigned but its value is never used
 + ../../Source/Scripts/Mobiles/Animals/Birds/Crane.cs:
    CS0219: Line 94: The variable `version' is assigned but its value is never used
 + ../../Source/Scripts/Mobiles/Animals/Birds/Bird.cs:
    CS0219: Line 103: The variable `version' is assigned but its value is never used
 + ../../Source/Scripts/Mobiles/Animals/Birds/Hawk.cs:
    CS0219: Line 80: The variable `version' is assigned but its value is never used
 + ../../Source/Scripts/Mobiles/Animals/Birds/DesertBird.cs:
    CS0219: Line 78: The variable `version' is assigned but its value is never used
 + ../../Source/Scripts/Mobiles/Animals/Birds/SwampBird.cs:
    CS0219: Line 78: The variable `version' is assigned but its value is never used
 + ../../Source/Scripts/Mobiles/Animals/Birds/Turkey.cs:
    CS0219: Line 84: The variable `version' is assigned but its value is never used
 + ../../Source/Scripts/Mobiles/Animals/Birds/Ostrich.cs:
    CS0219: Line 85: The variable `version' is assigned but its value is never used
 + ../../Source/Scripts/Mobiles/Animals/Birds/Chicken.cs:
    CS0219: Line 79: The variable `version' is assigned but its value is never used
 + ../../Source/Scripts/Mobiles/Animals/Birds/TropicalBird.cs:
    CS0219: Line 80: The variable `version' is assigned but its value is never used
 + ../../Source/Scripts/Mobiles/Animals/Birds/AxeBeakRiding.cs:
    CS0219: Line 107: The variable `version' is assigned but its value is never used
 + ../../Source/Scripts/Mobiles/Animals/Birds/Eagle.cs:
    CS0219: Line 88: The variable `version' is assigned but its value is never used
 + ../../Source/Scripts/Mobiles/Animals/Birds/Penquin.cs:
    CS0219: Line 82: The variable `version' is assigned but its value is never used
 + ../../Source/Scripts/Mobiles/Animals/Rodents/Ferret.cs:
    CS0219: Line 60: The variable `version' is assigned but its value is never used
 + ../../Source/Scripts/Mobiles/Animals/Rodents/GiantBat.cs:
    CS0219: Line 68: The variable `version' is assigned but its value is never used
 + ../../Source/Scripts/Mobiles/Animals/Rodents/VampireBat.cs:
    CS0219: Line 69: The variable `version' is assigned but its value is never used
 + ../../Source/Scripts/Mobiles/Animals/Rodents/Bat.cs:
    CS0219: Line 74: The variable `version' is assigned but its value is never used
 + ../../Source/Scripts/Mobiles/Animals/Rodents/SewerRat.cs:
    CS0219: Line 68: The variable `version' is assigned but its value is never used
 + ../../Source/Scripts/Mobiles/Animals/Rodents/Weasel.cs:
    CS0219: Line 61: The variable `version' is assigned but its value is never used
 + ../../Source/Scripts/Mobiles/Animals/Rodents/Squirrel.cs:
    CS0219: Line 70: The variable `version' is assigned but its value is never used
 + ../../Source/Scripts/Mobiles/Animals/Rodents/Stirge.cs:
    CS0219: Line 124: The variable `version' is assigned but its value is never used
 + ../../Source/Scripts/Mobiles/Animals/Rodents/DiseasedRat.cs:
    CS0219: Line 72: The variable `version' is assigned but its value is never used
 + ../../Source/Scripts/Mobiles/Animals/Rodents/WhiteRabbit.cs:
    CS0219: Line 86: The variable `version' is assigned but its value is never used
 + ../../Source/Scripts/Mobiles/Animals/Rodents/AlbinoBat.cs:
    CS0219: Line 71: The variable `version' is assigned but its value is never used
 + ../../Source/Scripts/Mobiles/Animals/Rodents/SicklyRat.cs:
    CS0219: Line 65: The variable `version' is assigned but its value is never used
 + ../../Source/Scripts/Mobiles/Animals/Rodents/Rabbit.cs:
    CS0219: Line 85: The variable `version' is assigned but its value is never used
 + ../../Source/Scripts/Mobiles/Animals/Rodents/FireBat.cs:
    CS0219: Line 71: The variable `version' is assigned but its value is never used
 + ../../Source/Scripts/Mobiles/Animals/Rodents/JackRabbit.cs:
    CS0219: Line 80: The variable `version' is assigned but its value is never used
 + ../../Source/Scripts/Mobiles/Animals/Rodents/Rat.cs:
    CS0219: Line 67: The variable `version' is assigned but its value is never used
 + ../../Source/Scripts/Mobiles/Animals/Rodents/GiantRat.cs:
    CS0219: Line 76: The variable `version' is assigned but its value is never used
 + ../../Source/Scripts/Mobiles/Animals/Rodents/Critter.cs:
    CS0219: Line 113: The variable `version' is assigned but its value is never used
 + ../../Source/Scripts/Mobiles/Animals/Rodents/Mouse.cs:
    CS0219: Line 65: The variable `version' is assigned but its value is never used
 + ../../Source/Scripts/Mobiles/Animals/Bears/CaveBearRiding.cs:
    CS0219: Line 69: The variable `version' is assigned but its value is never used
 + ../../Source/Scripts/Mobiles/Animals/Bears/SabreclawCub.cs:
    CS0219: Line 67: The variable `version' is assigned but its value is never used
 + ../../Source/Scripts/Mobiles/Animals/Bears/Trollbear.cs:
    CS0219: Line 76: The variable `version' is assigned but its value is never used
 + ../../Source/Scripts/Mobiles/Animals/Bears/SabretoothBearRiding.cs:
    CS0219: Line 101: The variable `version' is assigned but its value is never used
 + ../../Source/Scripts/Mobiles/Animals/Bears/ElderPolarBearRiding.cs:
    CS0219: Line 75: The variable `version' is assigned but its value is never used
 + ../../Source/Scripts/Mobiles/Animals/Bears/PandaRiding.cs:
    CS0219: Line 68: The variable `version' is assigned but its value is never used
 + ../../Source/Scripts/Mobiles/Animals/Bears/PolarBear.cs:
    CS0219: Line 72: The variable `version' is assigned but its value is never used
 + ../../Source/Scripts/Mobiles/Animals/Bears/GrizzlyBearRiding.cs:
    CS0219: Line 69: The variable `version' is assigned but its value is never used
 + ../../Source/Scripts/Mobiles/Animals/Bears/ElderBrownBearRiding.cs:
    CS0219: Line 75: The variable `version' is assigned but its value is never used
 + ../../Source/Scripts/Mobiles/Animals/Bears/KodiakBear.cs:
    CS0219: Line 72: The variable `version' is assigned but its value is never used
 + ../../Source/Scripts/Mobiles/Animals/Bears/BlackBear.cs:
    CS0219: Line 67: The variable `version' is assigned but its value is never used
 + ../../Source/Scripts/Mobiles/Animals/Bears/PackBear.cs:
    CS0219: Line 116: The variable `version' is assigned but its value is never used
 + ../../Source/Scripts/Mobiles/Animals/Bears/BrownBear.cs:
    CS0219: Line 66: The variable `version' is assigned but its value is never used
 + ../../Source/Scripts/Mobiles/Animals/Bears/DireBear.cs:
    CS0219: Line 72: The variable `version' is assigned but its value is never used
 + ../../Source/Scripts/Mobiles/Animals/Bears/Owlbear.cs:
    CS0219: Line 73: The variable `version' is assigned but its value is never used
 + ../../Source/Scripts/Mobiles/Animals/Bears/ElderBlackBearRiding.cs:
    CS0219: Line 75: The variable `version' is assigned but its value is never used
 + ../../Source/Scripts/Mobiles/Animals/Bears/GreatBear.cs:
    CS0219: Line 72: The variable `version' is assigned but its value is never used
 + ../../Source/Scripts/Mobiles/Undead/RevenantLion.cs:
    CS0219: Line 121: The variable `version' is assigned but its value is never used
 + ../../Source/Scripts/Mobiles/Undead/AquaticGhoul.cs:
    CS0219: Line 131: The variable `version' is assigned but its value is never used
 + ../../Source/Scripts/Mobiles/Undead/Skeleton.cs:
    CS0219: Line 67: The variable `version' is assigned but its value is never used
 + ../../Source/Scripts/Mobiles/Undead/SkeletonArcher.cs:
    CS0219: Line 80: The variable `version' is assigned but its value is never used
 + ../../Source/Scripts/Mobiles/Undead/BoneMagi.cs:
    CS0219: Line 99: The variable `version' is assigned but its value is never used
 + ../../Source/Scripts/Mobiles/Undead/GhostDragyn.cs:
    CS0219: Line 106: The variable `version' is assigned but its value is never used
 + ../../Source/Scripts/Mobiles/Undead/WalkingCorpse.cs:
    CS0219: Line 88: The variable `version' is assigned but its value is never used
 + ../../Source/Scripts/Mobiles/Undead/SkeletalPirate.cs:
    CS0219: Line 120: The variable `version' is assigned but its value is never used
 + ../../Source/Scripts/Mobiles/Undead/RottingCorpse.cs:
    CS0219: Line 117: The variable `version' is assigned but its value is never used
 + ../../Source/Scripts/Mobiles/Undead/Dracolich.cs:
    CS0219: Line 219: The variable `version' is assigned but its value is never used
 + ../../Source/Scripts/Mobiles/Undead/SkeletonHorse.cs:
    CS0219: Line 92: The variable `version' is assigned but its value is never used
 + ../../Source/Scripts/Mobiles/Undead/SkeletalSamurai.cs:
    CS0219: Line 81: The variable `version' is assigned but its value is never used
 + ../../Source/Scripts/Mobiles/Undead/SkeletalMage.cs:
    CS0219: Line 98: The variable `version' is assigned but its value is never used
 + ../../Source/Scripts/Mobiles/Undead/Nazghoul.cs:
    CS0219: Line 106: The variable `version' is assigned but its value is never used
 + ../../Source/Scripts/Mobiles/Undead/DeathBear.cs:
    CS0219: Line 67: The variable `version' is assigned but its value is never used
 + ../../Source/Scripts/Mobiles/Undead/GhostGargoyle.cs:
    CS0219: Line 74: The variable `version' is assigned but its value is never used
 + ../../Source/Scripts/Mobiles/Undead/Wraith.cs:
    CS0219: Line 76: The variable `version' is assigned but its value is never used
 + ../../Source/Scripts/Mobiles/Undead/RottingMinotaur.cs:
    CS0219: Line 79: The variable `version' is assigned but its value is never used
 + ../../Source/Scripts/Mobiles/Undead/NecroticHound.cs:
    CS0219: Line 70: The variable `version' is assigned but its value is never used
 + ../../Source/Scripts/Mobiles/Undead/DragonGhost.cs:
    CS0219: Line 176: The variable `version' is assigned but its value is never used
 + ../../Source/Scripts/Mobiles/Undead/HellSteed.cs:
    CS0219: Line 85: The variable `version' is assigned but its value is never used
 + ../../Source/Scripts/Mobiles/Undead/SkeletalKnight.cs:
    CS0219: Line 82: The variable `version' is assigned but its value is never used
 + ../../Source/Scripts/Mobiles/Undead/Ghostly.cs:
    CS0219: Line 127: The variable `version' is assigned but its value is never used
 + ../../Source/Scripts/Mobiles/Undead/Mummy.cs:
    CS0219: Line 127: The variable `version' is assigned but its value is never used
 + ../../Source/Scripts/Mobiles/Undead/Surtaz.cs:
    CS0219: Line 159: The variable `version' is assigned but its value is never used
    CS0219: Line 251: The variable `version' is assigned but its value is never used
 + ../../Source/Scripts/Mobiles/Undead/Lich.cs:
    CS0219: Line 136: The variable `version' is assigned but its value is never used
 + ../../Source/Scripts/Mobiles/Undead/SoulWorm.cs:
    CS0219: Line 102: The variable `version' is assigned but its value is never used
 + ../../Source/Scripts/Mobiles/Undead/Phantom.cs:
    CS0219: Line 68: The variable `version' is assigned but its value is never used
 + ../../Source/Scripts/Mobiles/Undead/Spirit.cs:
    CS0219: Line 77: The variable `version' is assigned but its value is never used
 + ../../Source/Scripts/Mobiles/Undead/Kull.cs:
    CS0219: Line 141: The variable `version' is assigned but its value is never used
 + ../../Source/Scripts/Mobiles/Undead/RottingSquid.cs:
    CS0219: Line 102: The variable `version' is assigned but its value is never used
 + ../../Source/Scripts/Mobiles/Undead/BoneSlasher.cs:
    CS0219: Line 110: The variable `version' is assigned but its value is never used
 + ../../Source/Scripts/Mobiles/Undead/SkeletalWizard.cs:
    CS0219: Line 102: The variable `version' is assigned but its value is never used
 + ../../Source/Scripts/Mobiles/Undead/Murk.cs:
    CS0219: Line 140: The variable `version' is assigned but its value is never used
 + ../../Source/Scripts/Mobiles/Undead/Vordo.cs:
    CS0219: Line 207: The variable `version' is assigned but its value is never used
    CS0219: Line 283: The variable `version' is assigned but its value is never used
 + ../../Source/Scripts/Mobiles/Undead/DiseasedMummy.cs:
    CS0219: Line 169: The variable `version' is assigned but its value is never used
 + ../../Source/Scripts/Mobiles/Undead/BoneKnight.cs:
    CS0219: Line 82: The variable `version' is assigned but its value is never used
 + ../../Source/Scripts/Mobiles/Undead/SeaZombie.cs:
    CS0219: Line 93: The variable `version' is assigned but its value is never used
 + ../../Source/Scripts/Mobiles/Undead/Zombie.cs:
    CS0219: Line 131: The variable `version' is assigned but its value is never used
 + ../../Source/Scripts/Mobiles/Undead/Revenant.cs:
    CS0219: Line 178: The variable `version' is assigned but its value is never used
 + ../../Source/Scripts/Mobiles/Undead/SkeletalWarrior.cs:
    CS0219: Line 74: The variable `version' is assigned but its value is never used
 + ../../Source/Scripts/Mobiles/Undead/VampireWoods.cs:
    CS0219: Line 145: The variable `version' is assigned but its value is never used
 + ../../Source/Scripts/Mobiles/Undead/GhostWarrior.cs:
    CS0219: Line 149: The variable `version' is assigned but its value is never used
 + ../../Source/Scripts/Mobiles/Undead/LostKnight.cs:
    CS0219: Line 137: The variable `version' is assigned but its value is never used
 + ../../Source/Scripts/Mobiles/Undead/BoneSailor.cs:
    CS0219: Line 80: The variable `version' is assigned but its value is never used
 + ../../Source/Scripts/Mobiles/Undead/RestlessSoul.cs:
    CS0219: Line 100: The variable `version' is assigned but its value is never used
 + ../../Source/Scripts/Mobiles/Undead/ZombieGiant.cs:
    CS0219: Line 160: The variable `version' is assigned but its value is never used
 + ../../Source/Scripts/Mobiles/Undead/IceGhoul.cs:
    CS0219: Line 129: The variable `version' is assigned but its value is never used
 + ../../Source/Scripts/Mobiles/Undead/SkeletalDragon.cs:
    CS0219: Line 107: The variable `version' is assigned but its value is never used
 + ../../Source/Scripts/Mobiles/Undead/DarkReaper.cs:
    CS0219: Line 138: The variable `version' is assigned but its value is never used
 + ../../Source/Scripts/Mobiles/Undead/Bodak.cs:
    CS0219: Line 84: The variable `version' is assigned but its value is never used
 + ../../Source/Scripts/Mobiles/Undead/Undead.cs:
    CS0219: Line 172: The variable `version' is assigned but its value is never used
 + ../../Source/Scripts/Mobiles/Undead/GhostPirate.cs:
    CS0219: Line 135: The variable `version' is assigned but its value is never used
 + ../../Source/Scripts/Mobiles/Undead/ZombieMage.cs:
    CS0219: Line 87: The variable `version' is assigned but its value is never used
 + ../../Source/Scripts/Mobiles/Undead/Shroud.cs:
    CS0219: Line 101: The variable `version' is assigned but its value is never used
 + ../../Source/Scripts/Mobiles/Undead/ZombieGargoyle.cs:
    CS0219: Line 85: The variable `version' is assigned but its value is never used
 + ../../Source/Scripts/Mobiles/Undead/FrailSkeleton.cs:
    CS0219: Line 67: The variable `version' is assigned but its value is never used
 + ../../Source/Scripts/Mobiles/Undead/DemiLich.cs:
    CS0219: Line 30: The variable `Rgear' is assigned but its value is never used
    CS0219: Line 213: The variable `version' is assigned but its value is never used
 + ../../Source/Scripts/Mobiles/Undead/SeaGhost.cs:
    CS0219: Line 109: The variable `version' is assigned but its value is never used
 + ../../Source/Scripts/Mobiles/Undead/Spectre.cs:
    CS0219: Line 69: The variable `version' is assigned but its value is never used
 + ../../Source/Scripts/Mobiles/Undead/Ghoul.cs:
    CS0219: Line 127: The variable `version' is assigned but its value is never used
 + ../../Source/Scripts/Mobiles/Undead/DeadKnight.cs:
    CS0219: Line 123: The variable `version' is assigned but its value is never used
 + ../../Source/Scripts/Mobiles/Undead/GiantSkeleton.cs:
    CS0219: Line 106: The variable `version' is assigned but its value is never used
 + ../../Source/Scripts/Mobiles/Undead/SpectralGargoyle.cs:
    CS0219: Line 72: The variable `version' is assigned but its value is never used
 + ../../Source/Scripts/Mobiles/Undead/SkeletalGargoyle.cs:
    CS0219: Line 99: The variable `version' is assigned but its value is never used
 + ../../Source/Scripts/Mobiles/Undead/FrozenCorpse.cs:
    CS0219: Line 76: The variable `version' is assigned but its value is never used
 + ../../Source/Scripts/Mobiles/Undead/LichKing.cs:
    CS0219: Line 178: The variable `version' is assigned but its value is never used
 + ../../Source/Scripts/Mobiles/Undead/SkeletonDragon.cs:
    CS0219: Line 102: The variable `version' is assigned but its value is never used
 + ../../Source/Scripts/Mobiles/Undead/MummyGiant.cs:
    CS0219: Line 170: The variable `version' is assigned but its value is never used
 + ../../Source/Scripts/Mobiles/Undead/GrundulVarg.cs:
    CS0219: Line 138: The variable `version' is assigned but its value is never used
 + ../../Source/Scripts/Mobiles/Undead/AncientLich.cs:
    CS0219: Line 149: The variable `version' is assigned but its value is never used
 + ../../Source/Scripts/Mobiles/Undead/GraveSeeker.cs:
    CS0219: Line 76: The variable `version' is assigned but its value is never used
 + ../../Source/Scripts/Mobiles/Undead/UndeadDruid.cs:
    CS0219: Line 140: The variable `version' is assigned but its value is never used
 + ../../Source/Scripts/Mobiles/Undead/LichLord.cs:
    CS0219: Line 160: The variable `version' is assigned but its value is never used
 + ../../Source/Scripts/Mobiles/Undead/Wight.cs:
    CS0219: Line 76: The variable `version' is assigned but its value is never used
 + ../../Source/Scripts/Mobiles/Undead/TitanLich.cs:
    CS0219: Line 153: The variable `version' is assigned but its value is never used
 + ../../Source/Scripts/Mobiles/Undead/DeadWizard.cs:
    CS0219: Line 180: The variable `version' is assigned but its value is never used
 + ../../Source/Scripts/Mobiles/Undead/GhostWizard.cs:
    CS0219: Line 144: The variable `version' is assigned but its value is never used
 + ../../Source/Scripts/Mobiles/Undead/Shade.cs:
    CS0219: Line 70: The variable `version' is assigned but its value is never used
 + ../../Source/Scripts/Mobiles/Undead/DeathWolf.cs:
    CS0219: Line 70: The variable `version' is assigned but its value is never used
 + ../../Source/Scripts/Mobiles/Undead/GargoyleBones.cs:
    CS0219: Line 68: The variable `version' is assigned but its value is never used
 + ../../Source/Scripts/Mobiles/Undead/ZombieDragon.cs:
    CS0219: Line 170: The variable `version' is assigned but its value is never used
 + ../../Source/Scripts/Mobiles/Undead/MummyLord.cs:
    CS0219: Line 151: The variable `version' is assigned but its value is never used
 + ../../Source/Scripts/Mobiles/Undead/SoulReaper.cs:
    CS0219: Line 120: The variable `version' is assigned but its value is never used
 + ../../Source/Scripts/Mobiles/Undead/UndeadGiant.cs:
    CS0219: Line 117: The variable `version' is assigned but its value is never used
 + ../../Source/Scripts/Mobiles/Undead/WailingBanshee.cs:
    CS0219: Line 72: The variable `version' is assigned but its value is never used
 + ../../Source/Scripts/Mobiles/Constructs/Golems/SkinGolem.cs:
    CS0219: Line 84: The variable `version' is assigned but its value is never used
 + ../../Source/Scripts/Mobiles/Constructs/Golems/Golem.cs:
    CS0219: Line 211: The variable `version' is assigned but its value is never used
 + ../../Source/Scripts/Mobiles/Constructs/Golems/IceGolem.cs:
    CS0219: Line 108: The variable `version' is assigned but its value is never used
 + ../../Source/Scripts/Mobiles/Constructs/Golems/WoodenGolem.cs:
    CS0219: Line 201: The variable `version' is assigned but its value is never used
 + ../../Source/Scripts/Mobiles/Constructs/Golems/MechanicalScorpion.cs:
    CS0219: Line 202: The variable `version' is assigned but its value is never used
 + ../../Source/Scripts/Mobiles/Constructs/Golems/FleshGolem.cs:
    CS0219: Line 121: The variable `version' is assigned but its value is never used
 + ../../Source/Scripts/Mobiles/Constructs/Golems/CaddelliteGolem.cs:
    CS0219: Line 195: The variable `version' is assigned but its value is never used
 + ../../Source/Scripts/Mobiles/Constructs/Golems/RunicGolem.cs:
    CS0219: Line 164: The variable `version' is assigned but its value is never used
 + ../../Source/Scripts/Mobiles/Constructs/Golems/IronCobra.cs:
    CS0219: Line 165: The variable `version' is assigned but its value is never used
 + ../../Source/Scripts/Mobiles/Constructs/Golems/RustGolem.cs:
    CS0219: Line 130: The variable `iRusted' is assigned but its value is never used
    CS0219: Line 152: The variable `iRusted' is assigned but its value is never used
    CS0219: Line 195: The variable `version' is assigned but its value is never used
 + ../../Source/Scripts/Mobiles/Constructs/Golems/AncientFleshGolem.cs:
    CS0219: Line 154: The variable `version' is assigned but its value is never used
 + ../../Source/Scripts/Mobiles/Constructs/Golems/BoneGolem.cs:
    CS0219: Line 182: The variable `version' is assigned but its value is never used
 + ../../Source/Scripts/Mobiles/Constructs/Golems/IronBeetle.cs:
    CS0219: Line 148: The variable `version' is assigned but its value is never used
 + ../../Source/Scripts/Mobiles/Constructs/Golems/MetalGolem.cs:
    CS0219: Line 191: The variable `version' is assigned but its value is never used
 + ../../Source/Scripts/Mobiles/Constructs/Alien/CombatDroid.cs:
    CS0219: Line 96: The variable `version' is assigned but its value is never used
 + ../../Source/Scripts/Mobiles/Constructs/Alien/Mutant.cs:
    CS0219: Line 90: The variable `version' is assigned but its value is never used
 + ../../Source/Scripts/Mobiles/Constructs/Alien/MaintenanceDroid.cs:
    CS0219: Line 95: The variable `version' is assigned but its value is never used
 + ../../Source/Scripts/Mobiles/Constructs/Alien/SecurityDroid.cs:
    CS0219: Line 95: The variable `version' is assigned but its value is never used
 + ../../Source/Scripts/Mobiles/Constructs/Alien/ExcavationDroid.cs:
    CS0219: Line 119: The variable `version' is assigned but its value is never used
 + ../../Source/Scripts/Mobiles/Constructs/Alien/ServiceDroid.cs:
    CS0219: Line 93: The variable `version' is assigned but its value is never used
 + ../../Source/Scripts/Mobiles/Constructs/Alien/BattleDroid.cs:
    CS0219: Line 91: The variable `version' is assigned but its value is never used
 + ../../Source/Scripts/Mobiles/Constructs/Statues/LivingGoldStatue.cs:
    CS0219: Line 156: The variable `version' is assigned but its value is never used
 + ../../Source/Scripts/Mobiles/Constructs/Statues/LivingMarbleStatue.cs:
    CS0219: Line 156: The variable `version' is assigned but its value is never used
 + ../../Source/Scripts/Mobiles/Constructs/Statues/AnyStatue.cs:
    CS0219: Line 379: The variable `version' is assigned but its value is never used
 + ../../Source/Scripts/Mobiles/Constructs/Statues/LivingStoneStatue.cs:
    CS0219: Line 156: The variable `version' is assigned but its value is never used
 + ../../Source/Scripts/Mobiles/Constructs/Statues/LivingBronzeStatue.cs:
    CS0219: Line 156: The variable `version' is assigned but its value is never used
 + ../../Source/Scripts/Mobiles/Constructs/Statues/LivingJadeStatue.cs:
    CS0219: Line 156: The variable `version' is assigned but its value is never used
 + ../../Source/Scripts/Mobiles/Constructs/Statues/LivingShadowIronStatue.cs:
    CS0219: Line 156: The variable `version' is assigned but its value is never used
 + ../../Source/Scripts/Mobiles/Constructs/Statues/LivingIronStatue.cs:
    CS0219: Line 156: The variable `version' is assigned but its value is never used
 + ../../Source/Scripts/Mobiles/Constructs/Statues/LivingSilverStatue.cs:
    CS0219: Line 155: The variable `version' is assigned but its value is never used
 + ../../Source/Scripts/Mobiles/Constructs/WaxSculpture.cs:
    CS0219: Line 137: The variable `version' is assigned but its value is never used
 + ../../Source/Scripts/Mobiles/Gargoyles/StygianGargoyle.cs:
    CS0219: Line 108: The variable `version' is assigned but its value is never used
 + ../../Source/Scripts/Mobiles/Gargoyles/StoneGargoyle.cs:
    CS0219: Line 107: The variable `version' is assigned but its value is never used
 + ../../Source/Scripts/Mobiles/Gargoyles/GargoyleSapphire.cs:
    CS0219: Line 81: The variable `version' is assigned but its value is never used
 + ../../Source/Scripts/Mobiles/Gargoyles/GargoyleWarrior.cs:
    CS0219: Line 90: The variable `version' is assigned but its value is never used
 + ../../Source/Scripts/Mobiles/Gargoyles/GargoyleMarble.cs:
    CS0219: Line 79: The variable `version' is assigned but its value is never used
 + ../../Source/Scripts/Mobiles/Gargoyles/StygianGargoyleLord.cs:
    CS0219: Line 72: The variable `version' is assigned but its value is never used
 + ../../Source/Scripts/Mobiles/Gargoyles/Gargoyle.cs:
    CS0219: Line 85: The variable `version' is assigned but its value is never used
 + ../../Source/Scripts/Mobiles/Gargoyles/GargoyleAmethyst.cs:
    CS0219: Line 81: The variable `version' is assigned but its value is never used
 + ../../Source/Scripts/Mobiles/Gargoyles/MutantGargoyle.cs:
    CS0219: Line 67: The variable `version' is assigned but its value is never used
 + ../../Source/Scripts/Mobiles/Gargoyles/AncientGargoyle.cs:
    CS0219: Line 104: The variable `version' is assigned but its value is never used
 + ../../Source/Scripts/Mobiles/Gargoyles/CosmicGargoyle.cs:
    CS0219: Line 97: The variable `version' is assigned but its value is never used
 + ../../Source/Scripts/Mobiles/Gargoyles/FireGargoyle.cs:
    CS0219: Line 82: The variable `version' is assigned but its value is never used
 + ../../Source/Scripts/Mobiles/Gargoyles/GargoyleEmerald.cs:
    CS0219: Line 81: The variable `version' is assigned but its value is never used
 + ../../Source/Scripts/Mobiles/Gargoyles/GargoyleRuby.cs:
    CS0219: Line 81: The variable `version' is assigned but its value is never used
 + ../../Source/Scripts/Mobiles/Gargoyles/GargoyleOnyx.cs:
    CS0219: Line 81: The variable `version' is assigned but its value is never used
 + ../../Source/Scripts/Mobiles/Insects/Beetles/DeathWatchBeetle.cs:
    CS0219: Line 131: The variable `version' is assigned but its value is never used
 + ../../Source/Scripts/Mobiles/Insects/Beetles/Beetle.cs:
    CS0219: Line 177: The variable `version' is assigned but its value is never used
 + ../../Source/Scripts/Mobiles/Insects/Beetles/DuneBeetle.cs:
    CS0219: Line 89: The variable `version' is assigned but its value is never used
 + ../../Source/Scripts/Mobiles/Insects/Beetles/GlowBeetleRiding.cs:
    CS0219: Line 88: The variable `version' is assigned but its value is never used
 + ../../Source/Scripts/Mobiles/Insects/Beetles/DeathWatchBeetleHatchling.cs:
    CS0219: Line 88: The variable `version' is assigned but its value is never used
 + ../../Source/Scripts/Mobiles/Insects/Beetles/MetalBeetle.cs:
    CS0219: Line 106: The variable `version' is assigned but its value is never used
 + ../../Source/Scripts/Mobiles/Insects/Beetles/PoisonBeetleRiding.cs:
    CS0219: Line 77: The variable `version' is assigned but its value is never used
 + ../../Source/Scripts/Mobiles/Insects/Beetles/WaterBeetleRiding.cs:
    CS0219: Line 91: The variable `version' is assigned but its value is never used
 + ../../Source/Scripts/Mobiles/Insects/Beetles/TigerBeetleRiding.cs:
    CS0219: Line 68: The variable `version' is assigned but its value is never used
 + ../../Source/Scripts/Mobiles/Insects/Beetles/Skellot.cs:
    CS0219: Line 64: The variable `version' is assigned but its value is never used
 + ../../Source/Scripts/Mobiles/Insects/Aliens/Shaclaw.cs:
    CS0219: Line 145: The variable `version' is assigned but its value is never used
 + ../../Source/Scripts/Mobiles/Insects/Aliens/Alien.cs:
    CS0219: Line 163: The variable `version' is assigned but its value is never used
 + ../../Source/Scripts/Mobiles/Insects/Aliens/AlienSpider.cs:
    CS0219: Line 129: The variable `version' is assigned but its value is never used
 + ../../Source/Scripts/Mobiles/Insects/Aliens/AlienSmall.cs:
    CS0219: Line 142: The variable `version' is assigned but its value is never used
 + ../../Source/Scripts/Mobiles/Insects/Ants/AntaurSoldier.cs:
    CS0219: Line 148: The variable `version' is assigned but its value is never used
 + ../../Source/Scripts/Mobiles/Insects/Ants/AntaurKing.cs:
    CS0219: Line 148: The variable `version' is assigned but its value is never used
 + ../../Source/Scripts/Mobiles/Insects/Ants/AntaurWorker.cs:
    CS0219: Line 144: The variable `version' is assigned but its value is never used
 + ../../Source/Scripts/Mobiles/Insects/Ants/AntLion.cs:
    CS0219: Line 200: The variable `version' is assigned but its value is never used
 + ../../Source/Scripts/Mobiles/Insects/Ants/AntaurProgenitor.cs:
    CS0219: Line 152: The variable `version' is assigned but its value is never used
 + ../../Source/Scripts/Mobiles/Insects/Spiders/PhaseSpider.cs:
    CS0219: Line 113: The variable `version' is assigned but its value is never used
 + ../../Source/Scripts/Mobiles/Insects/Spiders/AbyssCrawler.cs:
    CS0219: Line 104: The variable `version' is assigned but its value is never used
 + ../../Source/Scripts/Mobiles/Insects/Spiders/SandSpider.cs:
    CS0219: Line 91: The variable `version' is assigned but its value is never used
 + ../../Source/Scripts/Mobiles/Insects/Spiders/GiantSpider.cs:
    CS0219: Line 88: The variable `version' is assigned but its value is never used
 + ../../Source/Scripts/Mobiles/Insects/Spiders/ZombieSpider.cs:
    CS0219: Line 102: The variable `version' is assigned but its value is never used
 + ../../Source/Scripts/Mobiles/Insects/Spiders/WaterStrider.cs:
    CS0219: Line 78: The variable `version' is assigned but its value is never used
 + ../../Source/Scripts/Mobiles/Insects/Spiders/DreadSpider.cs:
    CS0219: Line 88: The variable `version' is assigned but its value is never used
 + ../../Source/Scripts/Mobiles/Insects/Spiders/LargeSpider.cs:
    CS0219: Line 74: The variable `version' is assigned but its value is never used
 + ../../Source/Scripts/Mobiles/Insects/Spiders/FrostSpider.cs:
    CS0219: Line 165: The variable `version' is assigned but its value is never used
 + ../../Source/Scripts/Mobiles/Insects/Spiders/MonstrousSpider.cs:
    CS0219: Line 87: The variable `version' is assigned but its value is never used
 + ../../Source/Scripts/Mobiles/Insects/Spiders/CaveFisher.cs:
    CS0219: Line 92: The variable `version' is assigned but its value is never used
 + ../../Source/Scripts/Mobiles/Insects/Spiders/ShadowRecluse.cs:
    CS0219: Line 113: The variable `version' is assigned but its value is never used
 + ../../Source/Scripts/Mobiles/Insects/Spiders/GiantBlackWidow.cs:
    CS0219: Line 87: The variable `version' is assigned but its value is never used
 + ../../Source/Scripts/Mobiles/Insects/Spiders/Arachnar.cs:
    CS0219: Line 131: The variable `version' is assigned but its value is never used
    CS0219: Line 223: The variable `version' is assigned but its value is never used
 + ../../Source/Scripts/Mobiles/Insects/Spiders/Tarantula.cs:
    CS0219: Line 168: The variable `version' is assigned but its value is never used
 + ../../Source/Scripts/Mobiles/Insects/DeadlyScorpion.cs:
    CS0219: Line 79: The variable `version' is assigned but its value is never used
 + ../../Source/Scripts/Mobiles/Insects/Mantis.cs:
    CS0219: Line 134: The variable `version' is assigned but its value is never used
 + ../../Source/Scripts/Mobiles/Insects/Lavapede.cs:
    CS0219: Line 112: The variable `version' is assigned but its value is never used
 + ../../Source/Scripts/Mobiles/Insects/Anhkheg.cs:
    CS0219: Line 133: The variable `version' is assigned but its value is never used
 + ../../Source/Scripts/Mobiles/Insects/Scorpion.cs:
    CS0219: Line 78: The variable `version' is assigned but its value is never used
 + ../../Source/Scripts/Mobiles/Reptilian/Snakes/GoldenSerpent.cs:
    CS0219: Line 89: The variable `version' is assigned but its value is never used
 + ../../Source/Scripts/Mobiles/Reptilian/Snakes/SeaSnake.cs:
    CS0219: Line 82: The variable `version' is assigned but its value is never used
 + ../../Source/Scripts/Mobiles/Reptilian/Snakes/SilverSerpent.cs:
    CS0219: Line 88: The variable `version' is assigned but its value is never used
 + ../../Source/Scripts/Mobiles/Reptilian/Snakes/DeepSeaSerpent.cs:
    CS0219: Line 89: The variable `version' is assigned but its value is never used
 + ../../Source/Scripts/Mobiles/Reptilian/Snakes/BloodSnake.cs:
    CS0219: Line 154: The variable `version' is assigned but its value is never used
 + ../../Source/Scripts/Mobiles/Reptilian/Snakes/Snake.cs:
    CS0219: Line 98: The variable `version' is assigned but its value is never used
 + ../../Source/Scripts/Mobiles/Reptilian/Snakes/IceSnake.cs:
    CS0219: Line 71: The variable `version' is assigned but its value is never used
 + ../../Source/Scripts/Mobiles/Reptilian/Snakes/GiantSnake.cs:
    CS0219: Line 70: The variable `version' is assigned but its value is never used
 + ../../Source/Scripts/Mobiles/Reptilian/Snakes/GiantIceWorm.cs:
    CS0219: Line 89: The variable `version' is assigned but its value is never used
 + ../../Source/Scripts/Mobiles/Reptilian/Snakes/LavaSnake.cs:
    CS0219: Line 78: The variable `version' is assigned but its value is never used
 + ../../Source/Scripts/Mobiles/Reptilian/Snakes/GiantSerpent.cs:
    CS0219: Line 85: The variable `version' is assigned but its value is never used
 + ../../Source/Scripts/Mobiles/Reptilian/Snakes/LargeSnake.cs:
    CS0219: Line 75: The variable `version' is assigned but its value is never used
 + ../../Source/Scripts/Mobiles/Reptilian/Snakes/LesserSeaSnake.cs:
    CS0219: Line 85: The variable `version' is assigned but its value is never used
 + ../../Source/Scripts/Mobiles/Reptilian/Snakes/GiantAdder.cs:
    CS0219: Line 85: The variable `version' is assigned but its value is never used
 + ../../Source/Scripts/Mobiles/Reptilian/Snakes/IceSerpent.cs:
    CS0219: Line 94: The variable `version' is assigned but its value is never used
 + ../../Source/Scripts/Mobiles/Reptilian/Snakes/Jormungand.cs:
    CS0219: Line 194: The variable `version' is assigned but its value is never used
    CS0219: Line 243: The variable `version' is assigned but its value is never used
 + ../../Source/Scripts/Mobiles/Reptilian/Snakes/JungleViper.cs:
    CS0219: Line 81: The variable `version' is assigned but its value is never used
 + ../../Source/Scripts/Mobiles/Reptilian/Snakes/JadeSerpent.cs:
    CS0219: Line 85: The variable `version' is assigned but its value is never used
 + ../../Source/Scripts/Mobiles/Reptilian/Snakes/SeaSerpent.cs:
    CS0219: Line 92: The variable `version' is assigned but its value is never used
 + ../../Source/Scripts/Mobiles/Reptilian/Snakes/LavaSerpent.cs:
    CS0219: Line 83: The variable `version' is assigned but its value is never used
 + ../../Source/Scripts/Mobiles/Reptilian/Snakes/RandomSerpent.cs:
    CS0219: Line 112: The variable `version' is assigned but its value is never used
 + ../../Source/Scripts/Mobiles/Reptilian/Sea/Slitheran.cs:
    CS0219: Line 106: The variable `version' is assigned but its value is never used
 + ../../Source/Scripts/Mobiles/Reptilian/Sea/GiantSquid.cs:
    CS0219: Line 97: The variable `version' is assigned but its value is never used
 + ../../Source/Scripts/Mobiles/Reptilian/Sea/GiantEel.cs:
    CS0219: Line 132: The variable `version' is assigned but its value is never used
 + ../../Source/Scripts/Mobiles/Reptilian/Sea/GiantCrab.cs:
    CS0219: Line 70: The variable `version' is assigned but its value is never used
 + ../../Source/Scripts/Mobiles/Reptilian/Sea/Kraken.cs:
    CS0219: Line 107: The variable `version' is assigned but its value is never used
 + ../../Source/Scripts/Mobiles/Reptilian/Sea/Calamari.cs:
    CS0219: Line 92: The variable `version' is assigned but its value is never used
 + ../../Source/Scripts/Mobiles/Reptilian/Sea/Raptus.cs:
    CS0219: Line 77: The variable `version' is assigned but its value is never used
 + ../../Source/Scripts/Mobiles/Reptilian/Sea/Leviathan.cs:
    CS0219: Line 128: The variable `version' is assigned but its value is never used
 + ../../Source/Scripts/Mobiles/Reptilian/Sea/GiantLamprey.cs:
    CS0219: Line 116: The variable `version' is assigned but its value is never used
 + ../../Source/Scripts/Mobiles/Reptilian/Sea/Lurker.cs:
    CS0219: Line 95: The variable `version' is assigned but its value is never used
 + ../../Source/Scripts/Mobiles/Reptilian/Fish/SeaHorses.cs:
    CS0219: Line 105: The variable `version' is assigned but its value is never used
 + ../../Source/Scripts/Mobiles/Reptilian/Fish/Lochasaur.cs:
    CS0219: Line 99: The variable `version' is assigned but its value is never used
 + ../../Source/Scripts/Mobiles/Reptilian/Fish/GreatWhite.cs:
    CS0219: Line 91: The variable `version' is assigned but its value is never used
 + ../../Source/Scripts/Mobiles/Reptilian/Fish/Shark.cs:
    CS0219: Line 89: The variable `version' is assigned but its value is never used
 + ../../Source/Scripts/Mobiles/Reptilian/Fish/Megalodon.cs:
    CS0219: Line 106: The variable `version' is assigned but its value is never used
 + ../../Source/Scripts/Mobiles/Reptilian/Dinosaurs/Brontosaur.cs:
    CS0219: Line 155: The variable `version' is assigned but its value is never used
 + ../../Source/Scripts/Mobiles/Reptilian/Dinosaurs/Stegosaurus.cs:
    CS0219: Line 155: The variable `version' is assigned but its value is never used
 + ../../Source/Scripts/Mobiles/Reptilian/Dinosaurs/Basilosaurus.cs:
    CS0219: Line 83: The variable `version' is assigned but its value is never used
 + ../../Source/Scripts/Mobiles/Reptilian/Dinosaurs/RaptorRiding.cs:
    CS0219: Line 94: The variable `version' is assigned but its value is never used
 + ../../Source/Scripts/Mobiles/Reptilian/Dinosaurs/Tyranasaur.cs:
    CS0219: Line 92: The variable `version' is assigned but its value is never used
 + ../../Source/Scripts/Mobiles/Reptilian/Dinosaurs/GorceratopsRiding.cs:
    CS0219: Line 86: The variable `version' is assigned but its value is never used
 + ../../Source/Scripts/Mobiles/Reptilian/Dinosaurs/Meglasaur.cs:
    CS0219: Line 155: The variable `version' is assigned but its value is never used
 + ../../Source/Scripts/Mobiles/Reptilian/Dinosaurs/RavenousRiding.cs:
    CS0219: Line 78: The variable `version' is assigned but its value is never used
 + ../../Source/Scripts/Mobiles/Reptilian/Dinosaurs/Iguanodon.cs:
    CS0219: Line 99: The variable `version' is assigned but its value is never used
 + ../../Source/Scripts/Mobiles/Reptilian/Dinosaurs/Titanoboa.cs:
    CS0219: Line 81: The variable `version' is assigned but its value is never used
 + ../../Source/Scripts/Mobiles/Reptilian/Dinosaurs/PackStegosaurus.cs:
    CS0219: Line 116: The variable `version' is assigned but its value is never used
 + ../../Source/Scripts/Mobiles/Reptilian/Dinosaurs/Teradactyl.cs:
    CS0219: Line 91: The variable `version' is assigned but its value is never used
 + ../../Source/Scripts/Mobiles/Reptilian/Frogs/PoisonFrog.cs:
    CS0219: Line 79: The variable `version' is assigned but its value is never used
 + ../../Source/Scripts/Mobiles/Reptilian/Frogs/BullFrog.cs:
    CS0219: Line 72: The variable `version' is assigned but its value is never used
 + ../../Source/Scripts/Mobiles/Reptilian/Frogs/FireToad.cs:
    CS0219: Line 77: The variable `version' is assigned but its value is never used
 + ../../Source/Scripts/Mobiles/Reptilian/Frogs/Frog.cs:
    CS0219: Line 66: The variable `version' is assigned but its value is never used
 + ../../Source/Scripts/Mobiles/Reptilian/Frogs/IceToad.cs:
    CS0219: Line 80: The variable `version' is assigned but its value is never used
 + ../../Source/Scripts/Mobiles/Reptilian/Frogs/Toad.cs:
    CS0219: Line 67: The variable `version' is assigned but its value is never used
 + ../../Source/Scripts/Mobiles/Reptilian/Frogs/GiantToad.cs:
    CS0219: Line 75: The variable `version' is assigned but its value is never used
 + ../../Source/Scripts/Mobiles/Reptilian/Styguana.cs:
    CS0219: Line 151: The variable `version' is assigned but its value is never used
 + ../../Source/Scripts/Mobiles/Reptilian/LavaLizard.cs:
    CS0219: Line 81: The variable `version' is assigned but its value is never used
 + ../../Source/Scripts/Mobiles/Reptilian/Crocodile.cs:
    CS0219: Line 66: The variable `version' is assigned but its value is never used
 + ../../Source/Scripts/Mobiles/Reptilian/Ridgeback.cs:
    CS0219: Line 76: The variable `version' is assigned but its value is never used
 + ../../Source/Scripts/Mobiles/Reptilian/Toraxen.cs:
    CS0219: Line 69: The variable `version' is assigned but its value is never used
 + ../../Source/Scripts/Mobiles/Reptilian/Alligator.cs:
    CS0219: Line 85: The variable `version' is assigned but its value is never used
 + ../../Source/Scripts/Mobiles/Reptilian/SandSquid.cs:
    CS0219: Line 96: The variable `version' is assigned but its value is never used
 + ../../Source/Scripts/Mobiles/Reptilian/SwampGator.cs:
    CS0219: Line 67: The variable `version' is assigned but its value is never used
 + ../../Source/Scripts/Mobiles/Reptilian/Stalker.cs:
    CS0219: Line 79: The variable `version' is assigned but its value is never used
 + ../../Source/Scripts/Mobiles/Reptilian/Serpentaur.cs:
    CS0219: Line 187: The variable `version' is assigned but its value is never used
 + ../../Source/Scripts/Mobiles/Reptilian/CaveLizard.cs:
    CS0219: Line 80: The variable `version' is assigned but its value is never used
 + ../../Source/Scripts/Mobiles/Reptilian/BasiliskRiding.cs:
    CS0219: Line 160: The variable `version' is assigned but its value is never used
 + ../../Source/Scripts/Mobiles/Reptilian/HugeLizard.cs:
    CS0219: Line 68: The variable `version' is assigned but its value is never used
 + ../../Source/Scripts/Mobiles/Reptilian/Snapper.cs:
    CS0219: Line 61: The variable `version' is assigned but its value is never used
 + ../../Source/Scripts/Mobiles/Reptilian/SavageRidgeback.cs:
    CS0219: Line 76: The variable `version' is assigned but its value is never used
 + ../../Source/Scripts/Mobiles/Reptilian/Turtle.cs:
    CS0219: Line 61: The variable `version' is assigned but its value is never used
 + ../../Source/Scripts/Mobiles/Reptilian/Iguana.cs:
    CS0219: Line 73: The variable `version' is assigned but its value is never used
 + ../../Source/Scripts/Mobiles/Reptilian/GiantLizard.cs:
    CS0219: Line 72: The variable `version' is assigned but its value is never used
 + ../../Source/Scripts/Mobiles/Reptilian/PackTurtle.cs:
    CS0219: Line 116: The variable `version' is assigned but its value is never used
 + ../../Source/Scripts/Mobiles/Reptilian/Tortuga.cs:
    CS0219: Line 197: The variable `version' is assigned but its value is never used
 + ../../Source/Scripts/Mobiles/Summoned/BladeSpirits.cs:
    CS0219: Line 118: The variable `version' is assigned but its value is never used
 + ../../Source/Scripts/Mobiles/Summoned/DeathVortex.cs:
    CS0219: Line 177: The variable `version' is assigned but its value is never used
 + ../../Source/Scripts/Mobiles/Summoned/SummonedTiger.cs:
    CS0219: Line 65: The variable `version' is assigned but its value is never used
 + ../../Source/Scripts/Mobiles/Summoned/EvilPlagueVortex.cs:
    CS0219: Line 82: The variable `version' is assigned but its value is never used
 + ../../Source/Scripts/Mobiles/Summoned/EvilEnergyVortex.cs:
    CS0219: Line 81: The variable `version' is assigned but its value is never used
 + ../../Source/Scripts/Mobiles/Summoned/Swarm.cs:
    CS0219: Line 116: The variable `version' is assigned but its value is never used
 + ../../Source/Scripts/Mobiles/Summoned/GasCloud.cs:
    CS0219: Line 165: The variable `version' is assigned but its value is never used
 + ../../Source/Scripts/Mobiles/Summoned/SummonedAirElemental.cs:
    CS0219: Line 77: The variable `version' is assigned but its value is never used
 + ../../Source/Scripts/Mobiles/Summoned/Fairy.cs:
    CS0219: Line 75: The variable `version' is assigned but its value is never used
 + ../../Source/Scripts/Mobiles/Summoned/SummonedFireElementalGreater.cs:
    CS0219: Line 65: The variable `version' is assigned but its value is never used
 + ../../Source/Scripts/Mobiles/Summoned/EvilScorchingVortex.cs:
    CS0219: Line 81: The variable `version' is assigned but its value is never used
 + ../../Source/Scripts/Mobiles/Summoned/SummonedDaemonGreater.cs:
    CS0219: Line 63: The variable `version' is assigned but its value is never used
 + ../../Source/Scripts/Mobiles/Summoned/EvilBladeSpirits.cs:
    CS0219: Line 82: The variable `version' is assigned but its value is never used
 + ../../Source/Scripts/Mobiles/Summoned/IceBladeSpirits.cs:
    CS0219: Line 82: The variable `version' is assigned but its value is never used
 + ../../Source/Scripts/Mobiles/Summoned/SummonedEarthElementalGreater.cs:
    CS0219: Line 73: The variable `version' is assigned but its value is never used
 + ../../Source/Scripts/Mobiles/Summoned/SummonedCorpse.cs:
    CS0219: Line 89: The variable `version' is assigned but its value is never used
 + ../../Source/Scripts/Mobiles/Summoned/SummonedEarthElemental.cs:
    CS0219: Line 75: The variable `version' is assigned but its value is never used
 + ../../Source/Scripts/Mobiles/Summoned/WineElemental.cs:
    CS0219: Line 73: The variable `version' is assigned but its value is never used
 + ../../Source/Scripts/Mobiles/Summoned/ManureGolem.cs:
    CS0219: Line 62: The variable `version' is assigned but its value is never used
 + ../../Source/Scripts/Mobiles/Summoned/EvilIcyVortex.cs:
    CS0219: Line 81: The variable `version' is assigned but its value is never used
 + ../../Source/Scripts/Mobiles/Summoned/SummonedWaterElementalGreater.cs:
    CS0219: Line 76: The variable `version' is assigned but its value is never used
 + ../../Source/Scripts/Mobiles/Summoned/EnergyVortex.cs:
    CS0219: Line 151: The variable `version' is assigned but its value is never used
 + ../../Source/Scripts/Mobiles/Summoned/SummonedFireElemental.cs:
    CS0219: Line 65: The variable `version' is assigned but its value is never used
 + ../../Source/Scripts/Mobiles/Summoned/SummonedWaterElemental.cs:
    CS0219: Line 82: The variable `version' is assigned but its value is never used
 + ../../Source/Scripts/Mobiles/Summoned/SummonedDaemon.cs:
    CS0219: Line 63: The variable `version' is assigned but its value is never used
 + ../../Source/Scripts/Mobiles/Summoned/SummonedAirElementalGreater.cs:
    CS0219: Line 77: The variable `version' is assigned but its value is never used
 + ../../Source/Scripts/Mobiles/Civilized/Familiars/HordeMinion.cs:
    CS0219: Line 194: The variable `version' is assigned but its value is never used
 + ../../Source/Scripts/Mobiles/Civilized/Familiars/VampireBat.cs:
    CS0219: Line 58: The variable `version' is assigned but its value is never used
 + ../../Source/Scripts/Mobiles/Civilized/Familiars/Familiar.cs:
    CS0219: Line 73: The variable `version' is assigned but its value is never used
 + ../../Source/Scripts/Mobiles/Civilized/Familiars/HoardMinionFamiliar.cs:
    CS0219: Line 40: The variable `version' is assigned but its value is never used
 + ../../Source/Scripts/Mobiles/Civilized/Familiars/ShadowWisp.cs:
    CS0219: Line 113: The variable `version' is assigned but its value is never used
 + ../../Source/Scripts/Mobiles/Civilized/Familiars/DeathAdder.cs:
    CS0219: Line 55: The variable `version' is assigned but its value is never used
 + ../../Source/Scripts/Mobiles/Civilized/Familiars/HoardMinionFamiliarItem.cs:
    CS0219: Line 89: The variable `version' is assigned but its value is never used
 + ../../Source/Scripts/Mobiles/Civilized/Familiars/DarkWolf.cs:
    CS0219: Line 79: The variable `version' is assigned but its value is never used
 + ../../Source/Scripts/Mobiles/Civilized/Healers/EvilHealer.cs:
    CS0219: Line 119: The variable `version' is assigned but its value is never used
 + ../../Source/Scripts/Mobiles/Civilized/Healers/WanderingHealer.cs:
    CS0219: Line 72: The variable `version' is assigned but its value is never used
 + ../../Source/Scripts/Mobiles/Civilized/Healers/Healer.cs:
    CS0219: Line 108: The variable `version' is assigned but its value is never used
 + ../../Source/Scripts/Mobiles/Civilized/Porters/Porter.cs:
    CS0219: Line 73: The variable `version' is assigned but its value is never used
 + ../../Source/Scripts/Mobiles/Civilized/Teachers/Teacher_Power.cs:
    CS0219: Line 61: The variable `version' is assigned but its value is never used
 + ../../Source/Scripts/Mobiles/Civilized/Teachers/Teacher_Mythical.cs:
    CS0219: Line 61: The variable `version' is assigned but its value is never used
 + ../../Source/Scripts/Mobiles/Civilized/Teachers/Teacher_Exalted.cs:
    CS0219: Line 61: The variable `version' is assigned but its value is never used
 + ../../Source/Scripts/Mobiles/Civilized/Teachers/Teacher_Legendary.cs:
    CS0219: Line 61: The variable `version' is assigned but its value is never used
 + ../../Source/Scripts/Mobiles/Civilized/Teachers/Teacher_Wonderous.cs:
    CS0219: Line 61: The variable `version' is assigned but its value is never used
 + ../../Source/Scripts/Mobiles/Civilized/Special/EpicPet.cs:
    CS0219: Line 64: The variable `version' is assigned but its value is never used
 + ../../Source/Scripts/Mobiles/Civilized/Special/GodOfCourage.cs:
    CS0219: Line 99: The variable `version' is assigned but its value is never used
 + ../../Source/Scripts/Mobiles/Civilized/Special/Kylearan.cs:
    CS0219: Line 134: The variable `version' is assigned but its value is never used
 + ../../Source/Scripts/Mobiles/Civilized/Special/EpicCharacter.cs:
    CS0219: Line 981: The variable `version' is assigned but its value is never used
 + ../../Source/Scripts/Mobiles/Civilized/Special/Courier.cs:
    CS0219: Line 229: The variable `targets' is assigned but its value is never used
    CS0219: Line 276: The variable `tWorld' is assigned but its value is never used
    CS0219: Line 505: The variable `version' is assigned but its value is never used
 + ../../Source/Scripts/Mobiles/Civilized/Special/Devon.cs:
    CS0219: Line 104: The variable `version' is assigned but its value is never used
 + ../../Source/Scripts/Mobiles/Civilized/Special/MadGodPriest.cs:
    CS0219: Line 103: The variable `version' is assigned but its value is never used
 + ../../Source/Scripts/Mobiles/Civilized/Special/Garth.cs:
    CS0219: Line 129: The variable `version' is assigned but its value is never used
 + ../../Source/Scripts/Mobiles/Civilized/Special/Xardok.cs:
    CS0219: Line 105: The variable `myQuest' is assigned but its value is never used
    CS0219: Line 200: The variable `version' is assigned but its value is never used
 + ../../Source/Scripts/Mobiles/Civilized/Special/Roscoe.cs:
    CS0219: Line 140: The variable `version' is assigned but its value is never used
 + ../../Source/Scripts/Mobiles/Civilized/Merchants/Mapmaker.cs:
    CS0219: Line 191: The variable `version' is assigned but its value is never used
 + ../../Source/Scripts/Mobiles/Civilized/Merchants/Scribe.cs:
    CS0219: Line 173: The variable `version' is assigned but its value is never used
 + ../../Source/Scripts/Mobiles/Civilized/Merchants/Banker.cs:
    CS0219: Line 412: The variable `version' is assigned but its value is never used
 + ../../Source/Scripts/Mobiles/Civilized/Merchants/Mage.cs:
    CS0219: Line 117: The variable `version' is assigned but its value is never used
 + ../../Source/Scripts/Mobiles/Civilized/Merchants/Painter.cs:
    CS0219: Line 147: The variable `version' is assigned but its value is never used
 + ../../Source/Scripts/Mobiles/Civilized/Merchants/HairStylist.cs:
    CS0219: Line 70: The variable `version' is assigned but its value is never used
 + ../../Source/Scripts/Mobiles/Civilized/Merchants/Necromancer.cs:
    CS0219: Line 111: The variable `version' is assigned but its value is never used
 + ../../Source/Scripts/Mobiles/Civilized/Merchants/VarietyDealer.cs:
    CS0219: Line 221: The variable `version' is assigned but its value is never used
 + ../../Source/Scripts/Mobiles/Civilized/Merchants/TavernKeeper.cs:
    CS0219: Line 82: The variable `version' is assigned but its value is never used
 + ../../Source/Scripts/Mobiles/Civilized/Merchants/Jester.cs:
    CS0219: Line 269: The variable `version' is assigned but its value is never used
 + ../../Source/Scripts/Mobiles/Civilized/Merchants/Weaponsmith.cs:
    CS0219: Line 101: The variable `version' is assigned but its value is never used
 + ../../Source/Scripts/Mobiles/Civilized/Merchants/Tinker.cs:
    CS0219: Line 80: The variable `version' is assigned but its value is never used
 + ../../Source/Scripts/Mobiles/Civilized/Merchants/Waiter.cs:
    CS0219: Line 71: The variable `version' is assigned but its value is never used
 + ../../Source/Scripts/Mobiles/Civilized/Merchants/Armorer.cs:
    CS0219: Line 112: The variable `version' is assigned but its value is never used
 + ../../Source/Scripts/Mobiles/Civilized/Merchants/Undertaker.cs:
    CS0219: Line 115: The variable `version' is assigned but its value is never used
 + ../../Source/Scripts/Mobiles/Civilized/Merchants/Priest.cs:
    CS0219: Line 189: The variable `version' is assigned but its value is never used
 + ../../Source/Scripts/Mobiles/Civilized/Merchants/RealEstateBroker.cs:
    CS0219: Line 218: The variable `version' is assigned but its value is never used
 + ../../Source/Scripts/Mobiles/Civilized/Merchants/Glassblower.cs:
    CS0219: Line 75: The variable `version' is assigned but its value is never used
 + ../../Source/Scripts/Mobiles/Civilized/Merchants/Bowyer.cs:
    CS0219: Line 114: The variable `version' is assigned but its value is never used
 + ../../Source/Scripts/Mobiles/Civilized/Merchants/Thief.cs:
    CS0219: Line 204: The variable `version' is assigned but its value is never used
 + ../../Source/Scripts/Mobiles/Civilized/Merchants/InnKeeper.cs:
    CS0219: Line 188: The variable `version' is assigned but its value is never used
 + ../../Source/Scripts/Mobiles/Civilized/Merchants/Merchant.cs:
    CS0219: Line 49: The variable `version' is assigned but its value is never used
 + ../../Source/Scripts/Mobiles/Civilized/Merchants/Weaver.cs:
    CS0219: Line 186: The variable `version' is assigned but its value is never used
 + ../../Source/Scripts/Mobiles/Civilized/Merchants/StoneCrafter.cs:
    CS0219: Line 88: The variable `version' is assigned but its value is never used
 + ../../Source/Scripts/Mobiles/Civilized/Merchants/CustomHairstylist.cs:
    CS0219: Line 128: The variable `version' is assigned but its value is never used
 + ../../Source/Scripts/Mobiles/Civilized/Merchants/Herbalist.cs:
    CS0219: Line 86: The variable `version' is assigned but its value is never used
 + ../../Source/Scripts/Mobiles/Civilized/Merchants/Sage.cs:
    CS0219: Line 130: The variable `version' is assigned but its value is never used
 + ../../Source/Scripts/Mobiles/Civilized/Merchants/Rancher.cs:
    CS0219: Line 82: The variable `version' is assigned but its value is never used
 + ../../Source/Scripts/Mobiles/Civilized/Merchants/Miner.cs:
    CS0219: Line 82: The variable `version' is assigned but its value is never used
 + ../../Source/Scripts/Mobiles/Civilized/Merchants/Lumberjack.cs:
    CS0219: Line 83: The variable `version' is assigned but its value is never used
 + ../../Source/Scripts/Mobiles/Civilized/Merchants/Shepherd.cs:
    CS0219: Line 178: The variable `mobile' is assigned but its value is never used
    CS0219: Line 561: The variable `version' is assigned but its value is never used
    CS0414: Line 139: The private field `Server.Mobiles.Shepherd.RidingGumpEntry.m_Giver' is assigned but its value is never used
 + ../../Source/Scripts/Mobiles/Civilized/Merchants/LeatherWorker.cs:
    CS0219: Line 98: The variable `version' is assigned but its value is never used
 + ../../Source/Scripts/Mobiles/Civilized/Merchants/Bard.cs:
    CS0219: Line 108: The variable `version' is assigned but its value is never used
 + ../../Source/Scripts/Mobiles/Civilized/Merchants/Barkeeper.cs:
    CS0219: Line 75: The variable `version' is assigned but its value is never used
 + ../../Source/Scripts/Mobiles/Civilized/Merchants/Tailor.cs:
    CS0219: Line 281: The variable `version' is assigned but its value is never used
 + ../../Source/Scripts/Mobiles/Civilized/Merchants/Minter.cs:
    CS0219: Line 35: The variable `version' is assigned but its value is never used
 + ../../Source/Scripts/Mobiles/Civilized/Merchants/Witches.cs:
    CS0219: Line 113: The variable `version' is assigned but its value is never used
 + ../../Source/Scripts/Mobiles/Civilized/Merchants/Butcher.cs:
    CS0219: Line 78: The variable `version' is assigned but its value is never used
 + ../../Source/Scripts/Mobiles/Civilized/Merchants/AnimalTrainer.cs:
    CS0219: Line 146: The variable `mobile' is assigned but its value is never used
    CS0219: Line 348: The variable `list' is assigned but its value is never used
    CS0219: Line 369: The variable `list' is assigned but its value is never used
    CS0219: Line 422: The variable `ethy' is assigned but its value is never used
    CS0219: Line 752: The variable `version' is assigned but its value is never used
    CS0414: Line 107: The private field `Server.Mobiles.AnimalTrainer.RidingGumpEntry.m_Giver' is assigned but its value is never used
 + ../../Source/Scripts/Mobiles/Civilized/Merchants/DrunkenPirate.cs:
    CS0219: Line 88: The variable `version' is assigned but its value is never used
 + ../../Source/Scripts/Mobiles/Civilized/Merchants/Baker.cs:
    CS0219: Line 86: The variable `version' is assigned but its value is never used
 + ../../Source/Scripts/Mobiles/Civilized/Merchants/Fighter.cs:
    CS0219: Line 229: The variable `version' is assigned but its value is never used
 + ../../Source/Scripts/Mobiles/Civilized/Merchants/EtherealDealer.cs:
    CS0219: Line 52: The variable `version' is assigned but its value is never used
 + ../../Source/Scripts/Mobiles/Civilized/Merchants/Enchanter.cs:
    CS0219: Line 108: The variable `version' is assigned but its value is never used
 + ../../Source/Scripts/Mobiles/Civilized/Merchants/Furtrader.cs:
    CS0219: Line 86: The variable `version' is assigned but its value is never used
 + ../../Source/Scripts/Mobiles/Civilized/Merchants/Carpenter.cs:
    CS0219: Line 94: The variable `version' is assigned but its value is never used
 + ../../Source/Scripts/Mobiles/Civilized/Merchants/Elementalist.cs:
    CS0219: Line 107: The variable `version' is assigned but its value is never used
 + ../../Source/Scripts/Mobiles/Civilized/Merchants/Miller.cs:
    CS0219: Line 70: The variable `version' is assigned but its value is never used
 + ../../Source/Scripts/Mobiles/Civilized/Merchants/Provisioner.cs:
    CS0219: Line 87: The variable `version' is assigned but its value is never used
 + ../../Source/Scripts/Mobiles/Civilized/Merchants/Cook.cs:
    CS0219: Line 93: The variable `version' is assigned but its value is never used
 + ../../Source/Scripts/Mobiles/Civilized/Merchants/Beekeeper.cs:
    CS0219: Line 67: The variable `version' is assigned but its value is never used
 + ../../Source/Scripts/Mobiles/Civilized/Merchants/Blacksmith.cs:
    CS0219: Line 114: The variable `version' is assigned but its value is never used
 + ../../Source/Scripts/Mobiles/Civilized/Merchants/IronWorker.cs:
    CS0219: Line 109: The variable `version' is assigned but its value is never used
 + ../../Source/Scripts/Mobiles/Civilized/Merchants/Architect.cs:
    CS0219: Line 81: The variable `version' is assigned but its value is never used
 + ../../Source/Scripts/Mobiles/Civilized/Merchants/Veterinarian.cs:
    CS0219: Line 151: The variable `version' is assigned but its value is never used
    CS0414: Line 39: The private field `Server.Mobiles.Veterinarian.RidingGumpEntry.m_Giver' is assigned but its value is never used
 + ../../Source/Scripts/Mobiles/Civilized/Merchants/KeeperOfChivalry.cs:
    CS0219: Line 110: The variable `version' is assigned but its value is never used
 + ../../Source/Scripts/Mobiles/Civilized/Merchants/Cobbler.cs:
    CS0219: Line 71: The variable `version' is assigned but its value is never used
 + ../../Source/Scripts/Mobiles/Civilized/Merchants/Alchemist.cs:
    CS0219: Line 88: The variable `version' is assigned but its value is never used
 + ../../Source/Scripts/Mobiles/Civilized/Merchants/Jeweler.cs:
    CS0219: Line 86: The variable `version' is assigned but its value is never used
 + ../../Source/Scripts/Mobiles/Civilized/Merchants/Shipwright.cs:
    CS0219: Line 164: The variable `version' is assigned but its value is never used
 + ../../Source/Scripts/Mobiles/Civilized/Merchants/Farmer.cs:
    CS0219: Line 102: The variable `version' is assigned but its value is never used
 + ../../Source/Scripts/Mobiles/Civilized/Merchants/Ranger.cs:
    CS0219: Line 99: The variable `version' is assigned but its value is never used
 + ../../Source/Scripts/Mobiles/Civilized/Merchants/KungFu.cs:
    CS0219: Line 122: The variable `version' is assigned but its value is never used
 + ../../Source/Scripts/Mobiles/Civilized/Merchants/Tanner.cs:
    CS0219: Line 81: The variable `version' is assigned but its value is never used
 + ../../Source/Scripts/Mobiles/Civilized/Merchants/Fisherman.cs:
    CS0219: Line 87: The variable `version' is assigned but its value is never used
 + ../../Source/Scripts/Mobiles/Civilized/Guilds/RangerGuildmaster.cs:
    CS0219: Line 106: The variable `version' is assigned but its value is never used
 + ../../Source/Scripts/Mobiles/Civilized/Guilds/MageGuildmaster.cs:
    CS0219: Line 279: The variable `version' is assigned but its value is never used
 + ../../Source/Scripts/Mobiles/Civilized/Guilds/BardGuildmaster.cs:
    CS0219: Line 89: The variable `version' is assigned but its value is never used
 + ../../Source/Scripts/Mobiles/Civilized/Guilds/TinkerGuildmaster.cs:
    CS0219: Line 88: The variable `version' is assigned but its value is never used
 + ../../Source/Scripts/Mobiles/Civilized/Guilds/MerchantGuildmaster.cs:
    CS0219: Line 78: The variable `version' is assigned but its value is never used
 + ../../Source/Scripts/Mobiles/Civilized/Guilds/ElementalGuildmaster.cs:
    CS0219: Line 272: The variable `version' is assigned but its value is never used
 + ../../Source/Scripts/Mobiles/Civilized/Guilds/CulinaryGuildmaster.cs:
    CS0219: Line 81: The variable `version' is assigned but its value is never used
 + ../../Source/Scripts/Mobiles/Civilized/Guilds/ThiefGuildmaster.cs:
    CS0219: Line 154: The variable `version' is assigned but its value is never used
 + ../../Source/Scripts/Mobiles/Civilized/Guilds/TailorGuildmaster.cs:
    CS0219: Line 89: The variable `version' is assigned but its value is never used
 + ../../Source/Scripts/Mobiles/Civilized/Guilds/AlchemistGuildmaster.cs:
    CS0219: Line 85: The variable `version' is assigned but its value is never used
 + ../../Source/Scripts/Mobiles/Civilized/Guilds/WarriorGuildmaster.cs:
    CS0219: Line 104: The variable `version' is assigned but its value is never used
 + ../../Source/Scripts/Mobiles/Civilized/Guilds/FisherGuildmaster.cs:
    CS0219: Line 81: The variable `version' is assigned but its value is never used
 + ../../Source/Scripts/Mobiles/Civilized/Guilds/BlacksmithGuildmaster.cs:
    CS0219: Line 94: The variable `version' is assigned but its value is never used
 + ../../Source/Scripts/Mobiles/Civilized/Guilds/CarpenterGuildmaster.cs:
    CS0219: Line 88: The variable `version' is assigned but its value is never used
 + ../../Source/Scripts/Mobiles/Civilized/Guilds/MinerGuildmaster.cs:
    CS0219: Line 84: The variable `version' is assigned but its value is never used
 + ../../Source/Scripts/Mobiles/Civilized/Guilds/HealerGuildmaster.cs:
    CS0219: Line 101: The variable `version' is assigned but its value is never used
 + ../../Source/Scripts/Mobiles/Civilized/Guilds/NecromancerGuildmaster.cs:
    CS0219: Line 344: The variable `version' is assigned but its value is never used
 + ../../Source/Scripts/Mobiles/Civilized/Guilds/LibrarianGuildmaster.cs:
    CS0219: Line 252: The variable `version' is assigned but its value is never used
 + ../../Source/Scripts/Mobiles/Civilized/Guilds/ArcherGuildmaster.cs:
    CS0219: Line 90: The variable `version' is assigned but its value is never used
 + ../../Source/Scripts/Mobiles/Civilized/Guilds/AssassinGuildmaster.cs:
    CS0219: Line 171: The variable `version' is assigned but its value is never used
 + ../../Source/Scripts/Mobiles/Civilized/Guilds/CartographersGuildmaster.cs:
    CS0219: Line 188: The variable `version' is assigned but its value is never used
 + ../../Source/Scripts/Mobiles/Civilized/Citizens/TradesmanBard.cs:
    CS0219: Line 82: The variable `version' is assigned but its value is never used
    CS0219: Line 468: The variable `version' is assigned but its value is never used
 + ../../Source/Scripts/Mobiles/Civilized/Citizens/TradesmanSmith.cs:
    CS0219: Line 73: The variable `version' is assigned but its value is never used
    CS0219: Line 130: The variable `version' is assigned but its value is never used
    CS0219: Line 223: The variable `CrateItem' is assigned but its value is never used
 + ../../Source/Scripts/Mobiles/Civilized/Citizens/TradesmanButcher.cs:
    CS0219: Line 72: The variable `version' is assigned but its value is never used
    CS0219: Line 144: The variable `version' is assigned but its value is never used
    CS0219: Line 213: The variable `version' is assigned but its value is never used
 + ../../Source/Scripts/Mobiles/Civilized/Citizens/TavernPatron.cs:
    CS0219: Line 35: The variable `version' is assigned but its value is never used
    CS0219: Line 66: The variable `version' is assigned but its value is never used
    CS0219: Line 97: The variable `version' is assigned but its value is never used
    CS0219: Line 128: The variable `version' is assigned but its value is never used
 + ../../Source/Scripts/Mobiles/Civilized/Citizens/DragonRider.cs:
    CS0219: Line 47: The variable `version' is assigned but its value is never used
 + ../../Source/Scripts/Mobiles/Civilized/Citizens/TradesmanCook.cs:
    CS0219: Line 68: The variable `version' is assigned but its value is never used
    CS0219: Line 112: The variable `version' is assigned but its value is never used
    CS0219: Line 182: The variable `version' is assigned but its value is never used
 + ../../Source/Scripts/Mobiles/Civilized/Citizens/TrainingFishing.cs:
    CS0219: Line 68: The variable `version' is assigned but its value is never used
    CS0219: Line 107: The variable `version' is assigned but its value is never used
 + ../../Source/Scripts/Mobiles/Civilized/Citizens/TrainingSingle.cs:
    CS0219: Line 65: The variable `version' is assigned but its value is never used
 + ../../Source/Scripts/Mobiles/Civilized/Citizens/TradesmanLeather.cs:
    CS0219: Line 68: The variable `version' is assigned but its value is never used
    CS0219: Line 119: The variable `version' is assigned but its value is never used
    CS0219: Line 208: The variable `CrateItem' is assigned but its value is never used
 + ../../Source/Scripts/Mobiles/Civilized/Citizens/Warriors.cs:
    CS0219: Line 160: The variable `version' is assigned but its value is never used
 + ../../Source/Scripts/Mobiles/Civilized/Citizens/MeetingPets.cs:
    CS0219: Line 29: The variable `version' is assigned but its value is never used
 + ../../Source/Scripts/Mobiles/Civilized/Citizens/Humanoid.cs:
    CS0219: Line 329: The variable `version' is assigned but its value is never used
 + ../../Source/Scripts/Mobiles/Civilized/Citizens/WorkingSpots.cs:
    CS0219: Line 163: The variable `version' is assigned but its value is never used
 + ../../Source/Scripts/Mobiles/Civilized/Citizens/MeetingSpots.cs:
    CS0219: Line 29: The variable `version' is assigned but its value is never used
 + ../../Source/Scripts/Mobiles/Civilized/Citizens/HouseVisitor.cs:
    CS0219: Line 44: The variable `version' is assigned but its value is never used
 + ../../Source/Scripts/Mobiles/Civilized/Citizens/TradesmanLumber.cs:
    CS0219: Line 73: The variable `version' is assigned but its value is never used
    CS0219: Line 123: The variable `version' is assigned but its value is never used
 + ../../Source/Scripts/Mobiles/Civilized/Citizens/Adventurers.cs:
    CS0219: Line 35: The variable `version' is assigned but its value is never used
    CS0219: Line 66: The variable `version' is assigned but its value is never used
    CS0219: Line 97: The variable `version' is assigned but its value is never used
    CS0219: Line 128: The variable `version' is assigned but its value is never used
 + ../../Source/Scripts/Mobiles/Civilized/Citizens/TradesmanSmelter.cs:
    CS0219: Line 68: The variable `version' is assigned but its value is never used
    CS0219: Line 109: The variable `version' is assigned but its value is never used
 + ../../Source/Scripts/Mobiles/Civilized/Citizens/TrainingBow.cs:
    CS0219: Line 78: The variable `version' is assigned but its value is never used
 + ../../Source/Scripts/Mobiles/Civilized/Citizens/TrainingMagery.cs:
    CS0219: Line 81: The variable `version' is assigned but its value is never used
    CS0219: Line 634: The variable `version' is assigned but its value is never used
    CS0219: Line 672: The variable `version' is assigned but its value is never used
 + ../../Source/Scripts/Mobiles/Civilized/Citizens/TrainingSpirits.cs:
    CS0219: Line 221: The variable `version' is assigned but its value is never used
 + ../../Source/Scripts/Mobiles/Civilized/Citizens/TradesmanLogger.cs:
    CS0219: Line 73: The variable `version' is assigned but its value is never used
    CS0219: Line 115: The variable `version' is assigned but its value is never used
    CS0219: Line 207: The variable `CrateItem' is assigned but its value is never used
    CS0219: Line 296: The variable `CrateItem' is assigned but its value is never used
 + ../../Source/Scripts/Mobiles/Civilized/Citizens/Citizens.cs:
    CS0219: Line 1168: The variable `belongings' is assigned but its value is never used
    CS0414: Line 1932: The private field `Server.Mobiles.Citizens.CitizenGump.c_Citizen' is assigned but its value is never used
 + ../../Source/Scripts/Mobiles/Civilized/Citizens/TradesmanAlchemist.cs:
    CS0219: Line 68: The variable `version' is assigned but its value is never used
    CS0219: Line 113: The variable `version' is assigned but its value is never used
    CS0219: Line 212: The variable `version' is assigned but its value is never used
    CS0219: Line 313: The variable `version' is assigned but its value is never used
 + ../../Source/Scripts/Mobiles/Civilized/Citizens/TradesmanMiner.cs:
    CS0219: Line 71: The variable `version' is assigned but its value is never used
    CS0219: Line 113: The variable `version' is assigned but its value is never used
    CS0219: Line 207: The variable `CrateItem' is assigned but its value is never used
 + ../../Source/Scripts/Mobiles/Civilized/Comrades/HenchmanWizardItem.cs:
    CS0219: Line 76: The variable `version' is assigned but its value is never used
 + ../../Source/Scripts/Mobiles/Civilized/Comrades/HenchHorse.cs:
    CS0219: Line 75: The variable `version' is assigned but its value is never used
 + ../../Source/Scripts/Mobiles/Civilized/Comrades/HenchmanArcher.cs:
    CS0219: Line 150: The variable `version' is assigned but its value is never used
 + ../../Source/Scripts/Mobiles/Civilized/Comrades/HenchmanFunctions.cs:
    CS0219: Line 725: The variable `Barmor4' is assigned but its value is never used
 + ../../Source/Scripts/Mobiles/Civilized/Comrades/HenchmanWizard.cs:
    CS0219: Line 155: The variable `version' is assigned but its value is never used
 + ../../Source/Scripts/Mobiles/Civilized/Comrades/HenchmanMonsterItem.cs:
    CS0219: Line 37: The variable `version' is assigned but its value is never used
 + ../../Source/Scripts/Mobiles/Civilized/Comrades/HenchmanItem.cs:
    CS0219: Line 351: The variable `version' is assigned but its value is never used
 + ../../Source/Scripts/Mobiles/Civilized/Comrades/HenchmanMonster.cs:
    CS0219: Line 200: The variable `version' is assigned but its value is never used
 + ../../Source/Scripts/Mobiles/Civilized/Comrades/HenchmanArcherItem.cs:
    CS0219: Line 80: The variable `version' is assigned but its value is never used
 + ../../Source/Scripts/Mobiles/Civilized/Comrades/HenchmanFighterItem.cs:
    CS0219: Line 105: The variable `version' is assigned but its value is never used
 + ../../Source/Scripts/Mobiles/Civilized/Comrades/HenchmanFighter.cs:
    CS0219: Line 150: The variable `version' is assigned but its value is never used
 + ../../Source/Scripts/Mobiles/Civilized/Actions.cs:
    CS0219: Line 259: The variable `version' is assigned but its value is never used
    CS0219: Line 1108: The variable `version' is assigned but its value is never used
 + ../../Source/Scripts/Mobiles/Civilized/Chuckles.cs:
    CS0219: Line 201: The variable `version' is assigned but its value is never used
 + ../../Source/Scripts/Mobiles/Civilized/DraculaBride.cs:
    CS0219: Line 97: The variable `version' is assigned but its value is never used
 + ../../Source/Scripts/Mobiles/Civilized/TownHerald.cs:
    CS0219: Line 65: The variable `reg' is assigned but its value is never used
    CS0219: Line 205: The variable `version' is assigned but its value is never used
 + ../../Source/Scripts/Mobiles/Civilized/Genie.cs:
    CS0219: Line 55: The variable `killer' is assigned but its value is never used
    CS0219: Line 79: The variable `version' is assigned but its value is never used
 + ../../Source/Scripts/Mobiles/Civilized/DeathKnightDemon.cs:
    CS0219: Line 154: The variable `version' is assigned but its value is never used
 + ../../Source/Scripts/Mobiles/Civilized/Actor.cs:
    CS0219: Line 65: The variable `version' is assigned but its value is never used
 + ../../Source/Scripts/Mobiles/Civilized/ShardGreeter.cs:
    CS0219: Line 64: The variable `version' is assigned but its value is never used
 + ../../Source/Scripts/Mobiles/Civilized/TownGuards.cs:
    CS0219: Line 256: The variable `reg' is assigned but its value is never used
    CS0219: Line 616: The variable `version' is assigned but its value is never used
 + ../../Source/Scripts/Mobiles/Civilized/NecroGreeter.cs:
    CS0219: Line 119: The variable `version' is assigned but its value is never used
 + ../../Source/Scripts/Mobiles/Civilized/GypsyLady.cs:
    CS0219: Line 407: The variable `version' is assigned but its value is never used
 + ../../Source/Scripts/Mobiles/Civilized/Sherry.cs:
    CS0219: Line 193: The variable `version' is assigned but its value is never used
 + ../../Source/Scripts/Mobiles/Civilized/TimeLord.cs:
    CS0219: Line 100: The variable `version' is assigned but its value is never used
 + ../../Source/Scripts/Mobiles/Races/BaseRace.cs:
    CS0219: Line 1666: The variable `version' is assigned but its value is never used
 + ../../Source/Scripts/Mobiles/Races/NPCRace.cs:
    CS0219: Line 79: The variable `from' is assigned but its value is never used
    CS0219: Line 327: The variable `version' is assigned but its value is never used
 + ../../Source/Scripts/Mobiles/Races/RacePotions.cs:
    CS0219: Line 64: The variable `version' is assigned but its value is never used
 + ../../Source/Scripts/Mobiles/Base/GenericBuy.cs:
    CS0219: Line 85: The variable `version' is assigned but its value is never used
 + ../../Source/Scripts/Mobiles/Base/PlayerQuestContext.cs:
    CS0219: Line 12: The variable `version' is assigned but its value is never used
 + ../../Source/Scripts/Mobiles/Base/RentedVendor.cs:
    CS0219: Line 373: The variable `version' is assigned but its value is never used
 + ../../Source/Scripts/Mobiles/Base/Behavior.cs:
    CS0219: Line 1054: The variable `version' is assigned but its value is never used
    CS0219: Line 2622: The variable `thief' is assigned but its value is never used
    CS0219: Line 3012: The variable `reg' is assigned but its value is never used
    CS0219: Line 3826: The variable `poisoner' is assigned but its value is never used
    CS0219: Line 7786: The variable `version' is assigned but its value is never used
    CS0219: Line 8540: The variable `needFurther' is assigned but its value is never used
    CS0219: Line 9885: The variable `delay' is assigned but its value is never used
 + ../../Source/Scripts/Mobiles/Base/VendorInventory.cs:
    CS0219: Line 117: The variable `version' is assigned but its value is never used
 + ../../Source/Scripts/Mobiles/Base/PlayerMobile.cs:
    CS0219: Line 3150: The variable `craftQueue' is assigned but its value is never used
    CS0219: Line 3151: The variable `craftSuccess' is assigned but its value is never used
    CS0219: Line 3152: The variable `craftExceptional' is assigned but its value is never used
    CS0219: Line 3153: The variable `craftError' is assigned but its value is never used
    CS0219: Line 3154: The variable `craftDone' is assigned but its value is never used
    CS0219: Line 3155: The variable `craftSound' is assigned but its value is never used
    CS0219: Line 3156: The variable `craftSoundAfter' is assigned but its value is never used
    CS0219: Line 3173: The variable `skillBoost' is assigned but its value is never used
    CS0219: Line 3222: The variable `ArtifactQuestTime' is assigned but its value is never used
    CS0219: Line 3357: The variable `BOBFilter_Type' is assigned but its value is never used
    CS0219: Line 3358: The variable `BOBFilter_Quality' is assigned but its value is never used
    CS0219: Line 3359: The variable `BOBFilter_Material' is assigned but its value is never used
    CS0219: Line 3360: The variable `BOBFilter_Quantity' is assigned but its value is never used
    CS0219: Line 3402: The variable `NextTailorBulkOrder' is assigned but its value is never used
    CS0219: Line 3410: The variable `NextSmithBulkOrder' is assigned but its value is never used
    CS0169: Line 2658: The private field `Server.Mobiles.PlayerMobile.m_LastPetBallTime' is never used
    CS0414: Line 4034: The private field `Server.Mobiles.PlayerMobile.m_UnderworldDeathDestinations' is assigned but its value is never used
    CS0414: Line 4047: The private field `Server.Mobiles.PlayerMobile.m_SerpentIslandDeathDestinations' is assigned but its value is never used
    CS0414: Line 4053: The private field `Server.Mobiles.PlayerMobile.m_IslesDreadDeathDestinations' is assigned but its value is never used
 + ../../Source/Scripts/Mobiles/Base/BaseFamiliar.cs:
    CS0219: Line 134: The variable `version' is assigned but its value is never used
 + ../../Source/Scripts/Mobiles/Base/BaseNPC.cs:
    CS0219: Line 55: The variable `version' is assigned but its value is never used
 + ../../Source/Scripts/Mobiles/Base/BaseGuildmaster.cs:
    CS0219: Line 318: The variable `version' is assigned but its value is never used
 + ../../Source/Scripts/Mobiles/Base/BaseCreature.cs:
    CS0219: Line 7147: The variable `pm' is assigned but its value is never used
    CS0414: Line 2033: The private field `Server.Mobiles.BaseCreature.m_AnimateDeadTypes' is assigned but its value is never used
 + ../../Source/Scripts/Mobiles/Base/BaseVendor.cs:
    CS0219: Line 903: The variable `_' is assigned but its value is never used
    CS0219: Line 1239: The variable `pm' is assigned but its value is never used
    CS0219: Line 1807: The variable `buyInfo' is assigned but its value is never used
    CS0219: Line 2301: The variable `doubled' is assigned but its value is never used
    CS0414: Line 2885: The private field `Server.ContextMenus.SetupShoppeEntry.m_Vendor' is assigned but its value is never used
 + ../../Source/Scripts/Mobiles/Base/BasePerson.cs:
    CS0219: Line 128: The variable `version' is assigned but its value is never used
 + ../../Source/Scripts/Mobiles/Base/PlayerVendor.cs:
    CS0219: Line 265: The variable `version' is assigned but its value is never used
    CS0219: Line 1698: The variable `version' is assigned but its value is never used
 + ../../Source/Scripts/Mobiles/Elementals/Ore Elementals/StoneElemental.cs:
    CS0219: Line 98: The variable `version' is assigned but its value is never used
 + ../../Source/Scripts/Mobiles/Elementals/Ore Elementals/AnimatedRocks.cs:
    CS0219: Line 116: The variable `version' is assigned but its value is never used
 + ../../Source/Scripts/Mobiles/Elementals/Ore Elementals/EarthElemental.cs:
    CS0219: Line 100: The variable `version' is assigned but its value is never used
 + ../../Source/Scripts/Mobiles/Elementals/Gemmed/TopazElemental.cs:
    CS0219: Line 99: The variable `version' is assigned but its value is never used
 + ../../Source/Scripts/Mobiles/Elementals/Gemmed/StarRubyElemental.cs:
    CS0219: Line 99: The variable `version' is assigned but its value is never used
 + ../../Source/Scripts/Mobiles/Elementals/Gemmed/QuartzElemental.cs:
    CS0219: Line 99: The variable `version' is assigned but its value is never used
 + ../../Source/Scripts/Mobiles/Elementals/Gemmed/GarnetElemental.cs:
    CS0219: Line 99: The variable `version' is assigned but its value is never used
 + ../../Source/Scripts/Mobiles/Elementals/Gemmed/CaddelliteElemental.cs:
    CS0219: Line 99: The variable `version' is assigned but its value is never used
 + ../../Source/Scripts/Mobiles/Elementals/Gemmed/SapphireElemental.cs:
    CS0219: Line 99: The variable `version' is assigned but its value is never used
 + ../../Source/Scripts/Mobiles/Elementals/Gemmed/TrilithiumElemental.cs:
    CS0219: Line 106: The variable `version' is assigned but its value is never used
 + ../../Source/Scripts/Mobiles/Elementals/Gemmed/XormiteElemental.cs:
    CS0219: Line 100: The variable `version' is assigned but its value is never used
 + ../../Source/Scripts/Mobiles/Elementals/Gemmed/GemElemental.cs:
    CS0219: Line 131: The variable `version' is assigned but its value is never used
 + ../../Source/Scripts/Mobiles/Elementals/Gemmed/SpinelElemental.cs:
    CS0219: Line 99: The variable `version' is assigned but its value is never used
 + ../../Source/Scripts/Mobiles/Elementals/Gemmed/DilithiumElemental.cs:
    CS0219: Line 106: The variable `version' is assigned but its value is never used
 + ../../Source/Scripts/Mobiles/Elementals/Gemmed/ObsidianElemental.cs:
    CS0219: Line 93: The variable `version' is assigned but its value is never used
 + ../../Source/Scripts/Mobiles/Elementals/Gemmed/CrystalElemental.cs:
    CS0219: Line 79: The variable `version' is assigned but its value is never used
 + ../../Source/Scripts/Mobiles/Elementals/Gemmed/SilverElemental.cs:
    CS0219: Line 97: The variable `version' is assigned but its value is never used
 + ../../Source/Scripts/Mobiles/Elementals/Lesser/WaterSpawn.cs:
    CS0219: Line 79: The variable `version' is assigned but its value is never used
 + ../../Source/Scripts/Mobiles/Elementals/Lesser/BloodSpawn.cs:
    CS0219: Line 73: The variable `version' is assigned but its value is never used
 + ../../Source/Scripts/Mobiles/Elementals/Elementals/GraveDustElemental.cs:
    CS0219: Line 91: The variable `version' is assigned but its value is never used
 + ../../Source/Scripts/Mobiles/Elementals/Elementals/MeteorElemental.cs:
    CS0219: Line 84: The variable `version' is assigned but its value is never used
 + ../../Source/Scripts/Mobiles/Elementals/Elementals/DustElemental.cs:
    CS0219: Line 111: The variable `version' is assigned but its value is never used
 + ../../Source/Scripts/Mobiles/Elementals/Elementals/SewageElemental.cs:
    CS0219: Line 122: The variable `version' is assigned but its value is never used
 + ../../Source/Scripts/Mobiles/Elementals/Elementals/MudElemental.cs:
    CS0219: Line 94: The variable `version' is assigned but its value is never used
 + ../../Source/Scripts/Mobiles/Elementals/Elementals/IceElemental.cs:
    CS0219: Line 93: The variable `version' is assigned but its value is never used
 + ../../Source/Scripts/Mobiles/Elementals/Elementals/SteamElemental.cs:
    CS0219: Line 81: The variable `version' is assigned but its value is never used
 + ../../Source/Scripts/Mobiles/Elementals/Elementals/ForestElemental.cs:
    CS0219: Line 183: The variable `version' is assigned but its value is never used
 + ../../Source/Scripts/Mobiles/Elementals/Elementals/AirElemental.cs:
    CS0219: Line 118: The variable `version' is assigned but its value is never used
 + ../../Source/Scripts/Mobiles/Elementals/Elementals/IcebergElemental.cs:
    CS0219: Line 90: The variable `version' is assigned but its value is never used
 + ../../Source/Scripts/Mobiles/Elementals/Elementals/ToxicElemental.cs:
    CS0219: Line 158: The variable `version' is assigned but its value is never used
 + ../../Source/Scripts/Mobiles/Elementals/Elementals/KelpElemental.cs:
    CS0219: Line 180: The variable `version' is assigned but its value is never used
 + ../../Source/Scripts/Mobiles/Elementals/Elementals/LavaElemental.cs:
    CS0219: Line 81: The variable `version' is assigned but its value is never used
 + ../../Source/Scripts/Mobiles/Elementals/Elementals/SeaweedElemental.cs:
    CS0219: Line 142: The variable `version' is assigned but its value is never used
 + ../../Source/Scripts/Mobiles/Elementals/Elementals/SnowElemental.cs:
    CS0219: Line 84: The variable `version' is assigned but its value is never used
 + ../../Source/Scripts/Mobiles/Elementals/Elementals/DriftwoodElemental.cs:
    CS0219: Line 86: The variable `version' is assigned but its value is never used
 + ../../Source/Scripts/Mobiles/Elementals/Elementals/Vulcrum.cs:
    CS0219: Line 109: The variable `version' is assigned but its value is never used
    CS0219: Line 204: The variable `version' is assigned but its value is never used
 + ../../Source/Scripts/Mobiles/Elementals/Elementals/CinderElemental.cs:
    CS0219: Line 83: The variable `version' is assigned but its value is never used
 + ../../Source/Scripts/Mobiles/Elementals/Elementals/AnyElemental.cs:
    CS0219: Line 353: The variable `version' is assigned but its value is never used
 + ../../Source/Scripts/Mobiles/Elementals/Elementals/BloodElemental.cs:
    CS0219: Line 141: The variable `version' is assigned but its value is never used
 + ../../Source/Scripts/Mobiles/Elementals/Elementals/MagmaElemental.cs:
    CS0219: Line 101: The variable `version' is assigned but its value is never used
 + ../../Source/Scripts/Mobiles/Elementals/Elementals/AnyGemElemental.cs:
    CS0219: Line 328: The variable `version' is assigned but its value is never used
 + ../../Source/Scripts/Mobiles/Elementals/Elementals/WaterElemental.cs:
    CS0219: Line 156: The variable `version' is assigned but its value is never used
 + ../../Source/Scripts/Mobiles/Elementals/Elementals/DeepWaterElemental.cs:
    CS0219: Line 130: The variable `version' is assigned but its value is never used
 + ../../Source/Scripts/Mobiles/Elementals/Elementals/WeedElemental.cs:
    CS0219: Line 172: The variable `version' is assigned but its value is never used
 + ../../Source/Scripts/Mobiles/Elementals/Elementals/ElectricalElemental.cs:
    CS0219: Line 86: The variable `version' is assigned but its value is never used
 + ../../Source/Scripts/Mobiles/Elementals/Elementals/FireElemental.cs:
    CS0219: Line 84: The variable `version' is assigned but its value is never used
 + ../../Source/Scripts/Mobiles/Elementals/Elementals/LightningElemental.cs:
    CS0219: Line 149: The variable `version' is assigned but its value is never used
 + ../../Source/Scripts/Mobiles/Elementals/Elementals/PoisonElemental.cs:
    CS0219: Line 92: The variable `version' is assigned but its value is never used
 + ../../Source/Scripts/Mobiles/Elementals/MudMan.cs:
    CS0219: Line 113: The variable `version' is assigned but its value is never used
 + ../../Source/Scripts/Mobiles/Elementals/CrystalGoliath.cs:
    CS0219: Line 121: The variable `version' is assigned but its value is never used
 + ../../Source/Scripts/Mobiles/Elementals/Efreet.cs:
    CS0219: Line 88: The variable `version' is assigned but its value is never used
 + ../../Source/Scripts/Mobiles/Elementals/PoisonCloud.cs:
    CS0219: Line 83: The variable `version' is assigned but its value is never used
 + ../../Source/Scripts/Mobiles/Elementals/WaterWeird.cs:
    CS0219: Line 146: The variable `version' is assigned but its value is never used
 + ../../Source/Scripts/Mobiles/Elementals/Necromental.cs:
    CS0219: Line 124: The variable `version' is assigned but its value is never used
    CS0219: Line 182: The variable `version' is assigned but its value is never used
 + ../../Source/Scripts/Mobiles/Elementals/IceColossus.cs:
    CS0219: Line 116: The variable `version' is assigned but its value is never used
 + ../../Source/Scripts/Mobiles/Elementals/Typhoon.cs:
    CS0219: Line 119: The variable `version' is assigned but its value is never used
 + ../../Source/Scripts/Mobiles/Elementals/StormCloud.cs:
    CS0219: Line 176: The variable `version' is assigned but its value is never used
 + ../../Source/Scripts/Mobiles/Elementals/SandVortex.cs:
    CS0219: Line 161: The variable `version' is assigned but its value is never used
 + ../../Source/Scripts/System/Misc/ContextMenu.cs:
    CS0414: Line 208: The private field `Server.ContextMenus.OpenInnEntry.m_InnRoom' is assigned but its value is never used
 + ../../Source/Scripts/System/Spawns/Commands.cs:
    CS0414: Line 76: The private field `Server.Gumps.GumpSaveRegion.m_CommandEventArgs' is assigned but its value is never used
    CS0414: Line 132: The private field `Server.Gumps.GumpRemoveRegion.m_CommandEventArgs' is assigned but its value is never used
    CS0414: Line 188: The private field `Server.Gumps.GumpRemoveID.m_CommandEventArgs' is assigned but its value is never used
    CS0414: Line 255: The private field `Server.Gumps.GumpSaveCoordinate.m_CommandEventArgs' is assigned but its value is never used
    CS0414: Line 341: The private field `Server.Gumps.GumpRemoveCoordinate.m_CommandEventArgs' is assigned but its value is never used
 + ../../Source/Scripts/System/Gumps/Go/GoGump.cs:
    CS0414: Line 61: The private field `Server.Gumps.GoGump.BackHeight' is assigned but its value is never used
 + ../../Source/Scripts/System/Gumps/Properties/PropsGump.cs:
    CS0414: Line 75: The private field `Server.Gumps.PropertiesGump.BackHeight' is assigned but its value is never used
 + ../../Source/Scripts/System/Gumps/SkillsGump.cs:
    CS0414: Line 185: The private field `Server.Gumps.SkillsGump.TypeWidth' is assigned but its value is never used
    CS0414: Line 191: The private field `Server.Gumps.SkillsGump.BackHeight' is assigned but its value is never used
 + ../../Source/Scripts/System/Gumps/ResurrectGump.cs:
    CS0414: Line 21: The private field `Server.Gumps.ResurrectGump.m_Healer' is assigned but its value is never used
    CS0414: Line 23: The private field `Server.Gumps.ResurrectGump.m_FromSacrifice' is assigned but its value is never used
    CS0414: Line 24: The private field `Server.Gumps.ResurrectGump.m_HitsScalar' is assigned but its value is never used
 + ../../Source/Scripts/System/Gumps/CategorizedAddGump.cs:
    CS0414: Line 208: The private field `Server.Gumps.CategorizedAddGump.BackHeight' is assigned but its value is never used
 + ../../Source/Scripts/System/Gumps/WhoGump.cs:
    CS0414: Line 74: The private field `Server.Gumps.WhoGump.BackHeight' is assigned but its value is never used
    CS0414: Line 76: The private field `Server.Gumps.WhoGump.m_Owner' is assigned but its value is never used
 + ../../Source/Scripts/System/Chat/Gumps/Error Reporting/Errors.cs:
    CS0414: Line 79: The private field `Knives.Chat3.Errors.s_Error' is assigned but its value is never used
    CS0414: Line 80: The private field `Knives.Chat3.Errors.s_Exception' is assigned but its value is never used
 + ../../Source/Scripts/System/Commands/Player/AutoSheatheWeapon.cs:
    CS0414: Line 35: The private field `Server.Items.AutoSheatheWeapon.DisabledPlayers' is assigned but its value is never used
 + ../../Source/Scripts/System/Commands/AddToBank.cs:
    CS0414: Line 52: The private field `Server.Commands.AddToBank.DupeTarget.m_InBag' is assigned but its value is never used
 + ../../Source/Scripts/System/Skills/Weapon Abilities/TalonStrike.cs:
    CS0414: Line 52: The private field `Server.Items.TalonStrike.InternalTimer.m_Attacker' is assigned but its value is never used
 + ../../Source/Scripts/Engines and Systems/Quests/Core/Gumps/BaseQuestGump.cs:
    CS0414: Line 58: The private field `Server.Engines.MLQuests.Gumps.BaseQuestGump.m_Label' is assigned but its value is never used
 + ../../Source/Scripts/Engines and Systems/Magic/Ninjitsu/AnimalForm.cs:
    CS0414: Line 346: The private field `Server.Spells.Ninjitsu.AnimalForm.AnimalFormGump.m_Talisman' is assigned but its value is never used
 + ../../Source/Scripts/Engines and Systems/Magic/Magery/Spells/Magery 5th/Incognito.cs:
    CS0414: Line 136: The private field `Server.Spells.Fifth.IncognitoSpell.m_HairIDs' is assigned but its value is never used
    CS0414: Line 144: The private field `Server.Spells.Fifth.IncognitoSpell.m_BeardIDs' is assigned but its value is never used
 + ../../Source/Scripts/Engines and Systems/Magic/Mystic/Spells/PsychicWall.cs:
    CS0414: Line 45: The private field `Server.Spells.Mystic.PsychicWall.m_Table' is assigned but its value is never used
 + ../../Source/Scripts/Engines and Systems/Magic/Druidism/Effects/StoneCircleSpell.cs:
    CS0414: Line 150: The private field `Server.Spells.Herbalist.StoneCircleSpell.InternalItem.m_Caster' is assigned but its value is never used
 + ../../Source/Scripts/Engines and Systems/Magic/Necromancy/SummonFamiliar.cs:
    CS0414: Line 142: The private field `Server.Spells.Necromancy.SummonFamiliarGump.m_Table' is assigned but its value is never used
 + ../../Source/Scripts/Engines and Systems/Magic/Necromancy/MindRot.cs:
    CS0414: Line 139: The private field `Server.Spells.Necromancy.MRExpireTimer.m_Caster' is assigned but its value is never used
 + ../../Source/Scripts/Engines and Systems/Magic/Elementalism/Sphere 5/Elemental_Echo.cs:
    CS0414: Line 63: The private field `Server.Spells.Elementalism.Elemental_Echo_Spell.m_Table' is assigned but its value is never used
 + ../../Source/Scripts/Engines and Systems/Magic/Holy Man/Spells/TrialByFireSpell.cs:
    CS0414: Line 45: The private field `Server.Spells.HolyMan.TrialByFireSpell.m_Table' is assigned but its value is never used
 + ../../Source/Scripts/Engines and Systems/Magic/Death Knight/Spells/SuccubusSkinSpell.cs:
    CS0414: Line 107: The private field `Server.Spells.DeathKnight.SuccubusSkinSpell.InternalTimer.source' is assigned but its value is never used
 + ../../Source/Scripts/Engines and Systems/Magic/Death Knight/Spells/OrbOfOrcusSpell.cs:
    CS0414: Line 46: The private field `Server.Spells.DeathKnight.OrbOfOrcusSpell.m_Table' is assigned but its value is never used
 + ../../Source/Scripts/Engines and Systems/Magic/Base/UnsummonTimer.cs:
    CS0414: Line 9: The private field `Server.Spells.UnsummonTimer.m_Caster' is assigned but its value is never used
 + ../../Source/Scripts/Engines and Systems/Magic/Shinobi/Spells/Deception.cs:
    CS0414: Line 143: The private field `Server.Spells.Shinobi.Deception.m_HairIDs' is assigned but its value is never used
    CS0414: Line 151: The private field `Server.Spells.Shinobi.Deception.m_BeardIDs' is assigned but its value is never used
 + ../../Source/Scripts/Engines and Systems/Trades/Harvest/Librarian.cs:
    CS0414: Line 189: The private field `Server.Engines.Harvest.Librarian.m_Offsets' is assigned but its value is never used
 + ../../Source/Scripts/Engines and Systems/Trades/Crafting/DefWands.cs:
    CS0414: Line 64: The private field `Server.Engines.Craft.DefWands.typeofAnvil' is assigned but its value is never used
    CS0414: Line 65: The private field `Server.Engines.Craft.DefWands.typeofForge' is assigned but its value is never used
 + ../../Source/Scripts/Engines and Systems/Champs/ChampionSkull.cs:
    CS0414: Line 15: The private field `Server.Items.ChampionSkull.m_CleanupTimer' is assigned but its value is never used
 + ../../Source/Scripts/Engines and Systems/CharacterRestore/CharacterRestoreGump.cs:
    CS0414: Line 119: The private field `Server.Gumps.BackupSaveAnalyzer.EquippedLayers' is assigned but its value is never used
    CS0414: Line 1654: The private field `Server.Gumps.CharacterRestoreGump.TargetPlayerTarget.m_Gump' is assigned but its value is never used
 + ../../Source/Scripts/Items/Magical/Gifts/GiftGump.cs:
    CS0414: Line 18: The private field `Server.Gumps.GiftGump.m_Cat' is assigned but its value is never used
    CS0414: Line 19: The private field `Server.Gumps.GiftGump.m_Page' is assigned but its value is never used
 + ../../Source/Scripts/Items/Magical/God/Gumps/ItemExperienceGump.cs:
    CS0414: Line 18: The private field `Server.Gumps.ItemExperienceGump.m_Cat' is assigned but its value is never used
    CS0414: Line 19: The private field `Server.Gumps.ItemExperienceGump.m_Page' is assigned but its value is never used
 + ../../Source/Scripts/Items/Magical/God/Gumps/AwaitingSmithApprovalGump.cs:
    CS0414: Line 14: The private field `Server.Gumps.AwaitingSmithApprovalGump.m_From' is assigned but its value is never used
 + ../../Source/Scripts/Items/Magical/God/Commands/ItemExpCommand.cs:
    CS0414: Line 38: The private field `Server.Commands.ixpCommand.InternalTarget.m_From' is assigned but its value is never used
 + ../../Source/Scripts/Items/Boats/FindboatGump.cs:
    CS0414: Line 40: The private field `Server.Gumps.FindboatGump.m_From' is assigned but its value is never used
 + ../../Source/Scripts/Items/Houses/Doors/KeywordDoor.cs:
    CS0414: Line 50: The private field `Server.Items.KeywordDoor.CombatDelay' is assigned but its value is never used
 + ../../Source/Scripts/Items/Houses/Remodeling/ContextMenuEntries.cs:
    CS0414: Line 15: The private field `Server.Misc.StairRefundEntry.value' is assigned but its value is never used
    CS0414: Line 51: The private field `Server.Misc.RefundEntry.value' is assigned but its value is never used
    CS0414: Line 70: The private field `Server.Misc.ShantyStairShantyRefundEntry.value' is assigned but its value is never used
    CS0414: Line 106: The private field `Server.Misc.ShantyRefundEntry.value' is assigned but its value is never used
 + ../../Source/Scripts/Mobiles/Civilized/Special/LostItemsRestorerNPC.cs:
    CS0414: Line 447: The private field `Server.Mobiles.LostItemsDialogGump.m_From' is assigned but its value is never used
    CS0414: Line 449: The private field `Server.Mobiles.LostItemsDialogGump.m_Stage' is assigned but its value is never used
Warning: Server.Items.DDRelicClock1
       - No Serialize() method
       - No Deserialize() method

Warning: Server.Items.DDRelicClock2
       - No Serialize() method
       - No Deserialize() method

Warning: Server.Items.DDRelicClock3
       - No Serialize() method
       - No Deserialize() method

Adding data files path: Data/Files
Game: Loading...Loaded configuration for 'Lodor' in 197 ms
Loaded configuration for 'Sosaria' in 262 ms
Loaded configuration for 'Underworld' in 84 ms
Loaded configuration for 'SerpentIsland' in 112 ms
Loaded configuration for 'IslesDread' in 10 ms
Loaded configuration for 'SavagedEmpire' in 239 ms
Localization: duplicate key s.6c07af5f8ac43087 in /Users/forrrest/projects/UO-Memento/ultima-memento/World/Data/Localization/zh-Hans/scripts-items.json (zh-Hans) — keeping first value.
Localization: duplicate key s.df126378e0ed046a in /Users/forrrest/projects/UO-Memento/ultima-memento/World/Data/Localization/zh-Hans/scripts-items.json (zh-Hans) — keeping first value.
Localization: duplicate key s.6249df4367d0a2e0 in /Users/forrrest/projects/UO-Memento/ultima-memento/World/Data/Localization/zh-Hans/scripts-engines-and-systems.json (zh-Hans) — keeping first value.
Localization: merged 9160 English keys from 23 files, 9449 Chinese keys from 24 files.
[Achievements] Loaded: 51
Loaded Global Shoppe data for '5' accounts
Loaded Temptation data for '63' characters
Loaded Avatar data for '0' characters


Network:
Detecting public IP address...done (2a09:bac2:3df:24f0::3ae:2c)
Listening: 127.0.0.1:2593
Listening: 192.168.1.110:2593
Listening: 192.168.64.1:2593
Listening: 10.211.55.2:2593
Listening: 10.37.129.2:2593

Rebuilding the world. Please wait...

[Champion System]: Cleaning up expired skulls
